"section","exercise_number","mode","exercise_text","graphic","a-C++","b-C++","c-C++","d-C++","e-C++","f-C++","a-C","b-C","c-C","d-C","e-C","f-C","a-Pascal","b-Pascal","c-Pascal","d-Pascal","e-Pascal","f-Pascal"
"Varianta 1","1.1.","Dual","Variabila a este de tip real. Pentru a verifica dacă valoarea variabilei a aparține mulțimii $[-3,2] \mathrm{U}{3,5,9}$ se va utiliza următoarea expresie:","N/A","!((a<-3) || (a>2)) || (a==3) || (a==5) || (a==9)","(a>=-3)&&(a<=2)&&(a==3) || (a==5) || (a==9)","(a>-3) && (a<2) || (a==3) || (a==5) || (a==9)","(a<-3)||(a>2) && (a==3) && (a==5) && (a==9)","(a>=-3)||((a<=2)&&(a==3)) || (a==5) || (a==9)","(a>=-3) || !((a>2)) || (a==3)) || (a==5) || (a==9)","!((a<-3) || (a>2)) || (a==3) || (a==5) || (a==9)","(a>=-3)&&(a<=2)&&(a==3) || (a==5) || (a==9)","(a>-3) && (a<2) || (a==3) || (a==5) || (a==9)","(a<-3)||(a>2) && (a==3) && (a==5) && (a==9)","(a>=-3)||((a<=2)&&(a==3)) || (a==5) || (a==9)","(a>=-3) || !((a>2)) || (a==3)) || (a==5) || (a==9)","not ((a<-3) or (a>2)) or (a=3) or (a=5) or (a=9)","(a>=-3) and (a<=2) and (a=3) or (a=5) or (a=9)","(a>-3) and (a<2) or (a=3) or (a=5) or (a=9)","(a<-3) or (a>2) and (a=3) and (a=5) and (a=9)","(a>=-3) or ((a<=2) and (a=3)) or (a=5) or (a=9)","(a>=-3) or not((a>2)) or (a=3)) or (a=5) or (a=9)"
"Varianta 1","1.2.","Single","Precizați cu ce expresie trebuie înlocuite punctele de suspensie, astfel încât în urma executării secvenței alăturate, să se deplaseze elementele $\mathbf{x}_{\mathbf{p}}, \mathbf{x}_{\mathbf{p}+\mathbf{1}}, \ldots, \mathbf{x}_{\mathbf{k}}$ ale unui tablou unidimensional $\mathbf{x}, \mathbf{c u} \mathbf{q - 1}$ poziții spre dreapta.
\begin{verbatim}
Limbajul C++/ Limbajul C
for (j=k; j>=p; j--)
    x[...]=x[j];
Limbajul Pascal
for j:= k downto p do
    x[...]:=x[j];
\end{verbatim}","N/A","$q-1-j$","$j-q+1$","$q-1+j$","$q-2+j$","$q-j+1$","$j+q-3$","N/A","N/A","N/A","N/A","N/A","N/A","N/A","N/A","N/A","N/A","N/A","N/A"
"Varianta 1","1.3.","Single","Precizați ce se va afișa după executarea secvenței de program de mai jos.
\begin{verbatim}
Limbajul C++/ Limbajul C
char a[20]=""informatica"", b[20]="""";
strncat(b,a,strlen(strchr(a,'t')));
cout<<b; | printf(""% s"", b);
\end{verbatim}
\begin{verbatim}
Limbajul Pascal
var b : string[20];
begin b:='informatica';
delete(b, pos('r', b) , pos ('a', b); 
write (b) ;
end.
\end{verbatim}","N/A","tica","form","ica","inf","rmatica","info","N/A","N/A","N/A","N/A","N/A","N/A","N/A","N/A","N/A","N/A","N/A","N/A"
"Varianta 1","1.4.","Dual","Precizați care dintre următoarele secvențe calculează suma elementelor de pe linia $\mathbf{p}$, ale unui tablou bidimensional $\mathbf{x}$, cu $\mathbf{m}$ linii și $\mathbf{n}$ coloane (numerotate de la $\mathbf{1}$ la $\mathbf{m}$, respectiv de la 1 la $\mathbf{n}$ )","N/A","\begin{verbatim}
s=0;
for (i=m; i>=1; i--)
    s=s+x[p][i];
\end{verbatim}","\begin{verbatim}
s=0; i=1;
while(i<=m)
{ s=s+x[i][p];
        i++;}
\end{verbatim}","\begin{verbatim}
s=0;
for(i=n; i>=1; i--)
    s=s+x[i][p];
\end{verbatim}","\begin{verbatim}
s=0; i=1;
while(i<=n)
    {s=s+x[p][i];
            i++;}
\end{verbatim}","\begin{verbatim}
s=0;
for (i=m; i>1; i--)
    s=s+x[p][i];
\end{verbatim}","\begin{verbatim}
s=0;
for(i=m; i>=1; i--)
    s=s+x[i][p];
\end{verbatim}","\begin{verbatim}
s=0;
for (i=m; i>=1; i--)
    s=s+x[p][i];
\end{verbatim}","\begin{verbatim}
s=0; i=1;
while(i<=m)
{ s=s+x[i][p];
        i++;}
\end{verbatim}","\begin{verbatim}
s=0;
for(i=n; i>=1; i--)
    s=s+x[i][p];
\end{verbatim}","\begin{verbatim}
s=0; i=1;
while(i<=n)
    {s=s+x[p][i];
            i++;}
\end{verbatim}","\begin{verbatim}
s=0;
for (i=m; i>1; i--)
    s=s+x[p][i];
\end{verbatim}","\begin{verbatim}
s=0;
for(i=m; i>=1; i--)
    s=s+x[i][p];
\end{verbatim}","\begin{verbatim}
s:=0;
for i:=m downto 1 do
  s:=s+x[p, i];
\end{verbatim}","\begin{verbatim}
s:=0; i:=1;
while i<=m do
  begin
    s:=s+x[i, p];
    i:=i+1;
  end;
\end{verbatim}","\begin{verbatim}
s:=0;
for i:=n downto 1 do
  s:=s+x[i, p];
\end{verbatim}","\begin{verbatim}
s:=0; i:=1;
while i<=n do
  begin
    s:=s+x[p,i];
    i:=i+1;
  end;
\end{verbatim}","\begin{verbatim}
s:=0;
for i:=m downto 2 do
s:=s+x[p,i];
\end{verbatim}","\begin{verbatim}
s:=0;
for i:=m downto 1 do
s:=s+x[i, p];
\end{verbatim}"
"Varianta 1","1.5.","Single","Fie graful orientat cu 5 noduri numerotate de la 1 la 5 , și arcele $(1,2),(2,3),(3,1),(3,4)$, $(4,5),(5,4)$. Precizați care este matricea drumurilor asociată acestui graf. Matricea drumurilor este o matrice pătratică de dimensiune nxn, definită astfel:
Limbajul C++/ Limbajul C
\begin{verbatim}
- a[i][j]=1 dacă există cel puțin un drum de la nodul i la nodul j
- a[i][j]=0 dacă nu există niciun drum de la nodul i la nodul j
\end{verbatim}
Limbajul Pascal
\begin{verbatim}
- a[i, j]=1 dacă există cel puțin un drum de la nodul i la nodul j
- a[i, j]=0 dacă nu există niciun drum de la nodul i la nodul $j$
\end{verbatim}","N/A","\begin{verbatim}
1 1 1 1 1
1 1 1 1 1
1 1 1 1 1
0 0 0 1 1
0 0 0 1 1
\end{verbatim}","\begin{verbatim}
0 1 1 1 1
1 0 1 1 1
1 1 0 1 1
0 0 0 0 1
0 0 0 1 0
\end{verbatim}","\begin{verbatim}
1 1 1 1 1
1 1 1 1 1
1 1 1 1 1
0 0 1 1 1
0 0 0 1 1
\end{verbatim}","\begin{verbatim}
0 1 0 0 0
0 0 1 0 0
1 0 0 1 0
0 0 0 0 1
0 0 0 1 0
\end{verbatim}","\begin{verbatim}
1 1 1 1 1
1 1 1 1 1
1 1 1 1 1
1 0 0 1 1
0 1 0 1 1
\end{verbatim}","\begin{verbatim}
1 1 0 0 0
0 0 1 0 0
1 0 0 1 1
0 1 0 0 1
1 0 0 1 0
\end{verbatim}","N/A","N/A","N/A","N/A","N/A","N/A","N/A","N/A","N/A","N/A","N/A","N/A"
"Varianta 1","1.6.","Single","Utilizând metoda backtracking se generează elementele produsului cartezian a n mulțimi: $\mathbf{A}_{1}, \mathbf{A}_{2}, \ldots, \mathbf{A n}_{\mathbf{n}}$. Utilizând acest algoritm pentru a genera elementele produsului cartezian a 3 mulțimi: $\mathbf{A}_{\mathbf{1}}={1,2,3}, \mathbf{A}_{2}={1,2}$ și $\mathbf{A}_{3}={1,2,3,4}$ atunci, precizați care din următoarele secvențe nu reprezintă o soluție a acestui algoritm, pentru produsul $\mathbf{A}_{3} \times \mathbf{A}_{2} \times \mathbf{A}_{1}$.","N/A","$(4,2,3)$","$(3,3,3)$","$(3,2,1)$","$(1,1,1)$","$(4,1,2)$","$(3,1,3)$","N/A","N/A","N/A","N/A","N/A","N/A","N/A","N/A","N/A","N/A","N/A","N/A"
"Varianta 1","1.7.","Dual","Fie funcția $p$ definită mai jos
\begin{verbatim}
Limbajul C++/ Limbajul C
int p (int a, int b)
{if (b==0) return 0;
    else
      if (a%b==0) return p(a, b-1)+1;
            else return p(a, b-1);}
\end{verbatim}
\begin{verbatim}
Limbajul Pascal
function p (a, b: integer) : integer;
begin
if b=0 then p:=0
else
    if a mod b=0 then p:=p(a, b-1)+1
        else p:=p(a, b-1);
end;
\end{verbatim}
precizați care este apelul corect al funcției $\mathbf{p}$ pentru a verifica dacă un număr $\mathbf{x}$ este prim.","N/A","if (p(x, x)==2) cout<<""prim""; | printf(""prim"");","if (p(2, x)==2) cout<<""prim""; | printf(""prim"");","if (p(x, 2)==0) cout<<""prim""; | printf(""prim"");","if (p(x, x / 2)==2) cout<<""prim""; | printf(""prim"");","if (p(x, 2)==x) cout<<""prim""; | printf(""prim"");","if (p(2, x)==1) cout<<""prim""; | printf(""prim"");","if (p(x, x)==2) cout<<""prim""; | printf(""prim"");","if (p(2, x)==2) cout<<""prim""; | printf(""prim"");","if (p(x, 2)==0) cout<<""prim""; | printf(""prim"");","if (p(x, x / 2)==2) cout<<""prim""; | printf(""prim"");","if (p(x, 2)==x) cout<<""prim""; | printf(""prim"");","if (p(2, x)==1) cout<<""prim""; | printf(""prim"");","if p(x, x)=2 then write('prim');","if p(2, x)=2 then write('prim');","if p(x, 2)=0 then write ('prim');","if p(x, x div 2)=2 then write('prim');","if p(x, 2)=x then write('prim');","if p(2, x)=1 then write('prim');"
"Varianta 1","1.8.","Single","Un arbore are nodurile numerotate cu numere de la 1 la 5 . Vectorul de tați asociat arborelui poate fi:","N/A","$5,4,2,1,3$","$2,1,0,3,4$","$5,2,4,5,0$","$2,4,0,3,4$","$0,2,4,5,0$","$1,4,0,3,4$","N/A","N/A","N/A","N/A","N/A","N/A","N/A","N/A","N/A","N/A","N/A","N/A"
"Varianta 1","1.9.","Single","Se consideră subprogramul $\mathbf{t}$ având definiția următoare:
\begin{verbatim}
Limbajul C++
void t(int &x, int y)
{ x=x-1; y=x+1;
    cout<<x<<<y;
}
Limbajul C
void t(int *x, int y)
{ *x=*x-1; y=*x+1;
    printf(""%d%d"",*x,y);
}
Limbajul Pascal
procedure t(var x: integer; y: integer);
begin
    x:=x-1; y:=x+1;
    write(x, y);
end;
\end{verbatim}
Dacă inițial $x=3$ și $y=7$, precizați ce se va afișa în urma executării secvenței de instrucțiuni:
\begin{verbatim}
Limbajul C++
t(y,y);
cout<<x<<<y;
t(y,x);
\end{verbatim}
\begin{verbatim}
Limbajul C
t(&y,y);
printf( ""%d%d"",x,y);
t(&y,x);
\end{verbatim}
\begin{verbatim}
Limbajul Pascal
t(y,y);
write(x,y);
t(y,x);
\end{verbatim}","N/A","673556","676767","673767","768978","656376","673656","N/A","N/A","N/A","N/A","N/A","N/A","N/A","N/A","N/A","N/A","N/A","N/A"
"Varianta 1","1.10.","Dual","Funcția par cu parametrii de tip întreg a și b determină numărul de valori pare din intervalul [ $\mathbf{a}, \mathbf{b}$ ], ( $\mathbf{a}<\mathbf{b}$ ). Precizați care din următoarele expresii este adevărată, pentru orice numere a și $\mathbf{b}$ care nu au aceeași paritate.","N/A","par(a, b) == b-a","par(a, b) == (b-a-1)/2","par(a, b) == (b-a+1)/2","par(a, b) == par(a, b +1)","par(a,b) == (b-a)/2","par(a, b) == par(a+1, b)","par(a, b) == b-a","par(a, b) == (b-a-1)/2","par(a, b) == (b-a+1)/2","par(a, b) == par(a, b +1)","par(a,b) == (b-a)/2","par(a, b) == par(a+1, b)","par(a, b)=b-a","par(a, b)=(b-a-1) DIV 2","par(a, b)=(b-a+1) DIV 2","par(a, b)=par(a, b+1)","par(a, b)=(b-a) DIV 2","par(a, b)=par(a+1, b)"
"Varianta 1","1.11.","Dual","Fie antetul funcției mini:
\begin{verbatim}
Limbajul C++/ Limbajul C
int mini (int x, int y)
Limbajul Pascal
function mini(x,y : integer): integer;
\end{verbatim}
care returnează minimul dintre valorile variabilelor $\mathbf{x}$ și $\mathbf{y}$. Precizați instrucțiunea prin care se înlocuiesc punctele de suspensie, astfel încât la finalul executării secvenței de mai jos, să se afișeze minimul dintre elementele tabloului unidimensional $\mathbf{v}$, care are 30 de elemente întregi aflate pe pozițiile $1,2, \ldots, 30$.
\begin{verbatim}
Limbajul C++/ Limbajul C
c = mini(v[1], v[2]);
for(i=3; i<=30; i++)
.........................
cout<<c; | printf(""%d"",c);

Limbajul Pascal
c :=mini(v[1],v[2]);
for i :=3 to 30 do
........................
writeln(c);
\end{verbatim}","N/A","\begin{verbatim}
c =mini(v[i],v[i+1]);
\end{verbatim}","\begin{verbatim}
c =mini(mini(v[i],v[1]),v[i+1]);
\end{verbatim}","\begin{verbatim}
c =mini(c, v[i]);
\end{verbatim}","\begin{verbatim}
c =mini(v[1], v[i]);
\end{verbatim}","\begin{verbatim}
c =mini(v[i], v[i-1]);
\end{verbatim}","\begin{verbatim}
c =mini(c, v[30]);
\end{verbatim}","\begin{verbatim}
c =mini(v[i],v[i+1]);
\end{verbatim}","\begin{verbatim}
c =mini(mini(v[i],v[1]),v[i+1]);
\end{verbatim}","\begin{verbatim}
c =mini(c, v[i]);
\end{verbatim}","\begin{verbatim}
c =mini(v[1], v[i]);
\end{verbatim}","\begin{verbatim}
c =mini(v[i], v[i-1]);
\end{verbatim}","\begin{verbatim}
c =mini(c, v[30]);
\end{verbatim}","\begin{verbatim}
c:=mini(v[i],v[i+1]);
\end{verbatim}","\begin{verbatim}
c:=mini(mini(v[i],v[1]),v[i+1]);
\end{verbatim}","\begin{verbatim}
c:=mini(c, v[i]);
\end{verbatim}","\begin{verbatim}
c:=mini(v[1], v[i]);
\end{verbatim}","\begin{verbatim}
c:=mini(v[i], v[i-1]);
\end{verbatim}","\begin{verbatim}
c:=mini(c, v[30]);
\end{verbatim}"
"Varianta 1","1.12.","Single","Precizați ce va conține variabila s după executarea următoarei secvențe de instrucțiuni.
\begin{verbatim}
Limbajul C++/ Limbajul C
char s[30]=""AdmiTerE"";
int i;
for (i=0; i<strlen(s); i++)
    if (s[i]>='A' && s[i]<='Z')
            s[i]=s[i]+32;
        else
            strcpy(s+i, s+i+1);
cout<<s; | printf(""%s"", s);
\end{verbatim}
\begin{verbatim}
Limbajul Pascal
var s: string[29];
    i: integer;
s:='AdmiTerE' ;
for i:=1 to length(s) do
    if s[i] in ['A'..'Z'] then
            s[i] := chr(ord(s[i])+32)
        else
            delete(s,i,1);
write(s);
\end{verbatim}","N/A","ate","amtre","amre","aTe","amTr","are","N/A","N/A","N/A","N/A","N/A","N/A","N/A","N/A","N/A","N/A","N/A","N/A"
"Varianta 1","1.13.","Dual","Pentru următoarele declarări:
\begin{verbatim}
Limbajul C++/ Limbajul C
typedef struct {
    char nume[20];
    int nr;
    int nota[15];
} elev;
elev e[28], x;
\end{verbatim}
\begin{verbatim}
Limbajul Pascal
type elev = record
    nume : string[19];
    nr : integer;
    nota : array[1..14] of integer;
end;
var e: array[1..27] of elev;
x: elev;
\end{verbatim}
precizați care dintre următoarele instrucțiuni este corectă din punct de vedere sintactic.","N/A","e[10]=x;","e[10]=x.nr;","e[10]= e.nota[10];","elev. nota[5] = 7;","x.nota = x.nota+1;","x.nr=x.nota;","e[10]=x;","e[10]=x.nr;","e[10]= e.nota[10];","elev. nota[5] = 7;","x.nota = x.nota+1;","x.nr=x.nota;","e[10] := x;","e[10] := x.nr;","e[10] := e.nota[10];","elev. nota[5] := 7;","x. nota := x. nota +1;","x.nr := x.nota;"
"Varianta 1","1.14.","Single","Precizați câte grafuri neorientate distincte, cu 6 noduri, numerotate de la 1 la 6 , se pot construi, astfel încât nodul 2 să aibă gradul 1. Două grafuri sunt distincte dacă matricele lor de adiacență sunt diferite.","N/A","46","256","$6!$","1024","2345","5120","N/A","N/A","N/A","N/A","N/A","N/A","N/A","N/A","N/A","N/A","N/A","N/A"
"Varianta 1","1.15.","Single","Pentru funcția $\mathbf{g}$ definită mai jos, precizați valoarea care se returnează în urma apelului g(2,1).
\begin{verbatim}
Limbajul C++/ Limbajul C
int g(int x, int y)
{ if (x > 0)
    { if (y == 0) return g(x-1,1);
        if (y > 0) return g(x-1, g(x,y-1));
        }
return y+1;
}
\end{verbatim}
\begin{verbatim}
Limbajul Pascal
function g(x,y: integer): integer;
begin
if x>0 then begin
        if y=0 then g:=g(x-1,1);
    if y>0 then g:=g(x-1,g(x,y-1));
            end
    else g:=y+1;
end;
\end{verbatim}","N/A","3","4","5","6","7","10","N/A","N/A","N/A","N/A","N/A","N/A","N/A","N/A","N/A","N/A","N/A","N/A"
"Varianta 2","2.1.","Single","Precizați ce se va afișa pe ecran în urma executării următoarelor instrucțiuni.
\begin{verbatim}
Limbajul C++/ Limbajul C
for(i=1; i<=5; i++)
    for(j=5; j>=i; j--)
        if (i%2==0) cout<<i;
                    | printf(""%d"",i);
            else cout<<j;
                | printf(""%d"",j);
\end{verbatim}
\begin{verbatim}
Limbajul Pascal
for i :=1 to 5 do
    for j :=5 downto i do
        if i mod 2 = 0 then write(i)
            else write(j);
\end{verbatim}","N/A","12345","111115432333545","543212222543445","122333444455555","12334445555","23344455554443","N/A","N/A","N/A","N/A","N/A","N/A","N/A","N/A","N/A","N/A","N/A","N/A"
"Varianta 2","2.2.","Dual","Se consideră expresia:
\begin{verbatim}
Limbajul C++/ Limbajul C
!((x<=y && x>=z) || x<=t)
Limbajul Pascal
not(((x<=y) and (x>=z)) or (x<=t))
\end{verbatim}
Precizați care expresie este echivalentă cu expresia dată.","N/A","x<=y || x>=z && x<=t","x>y || x<z && x>t","x>y && x<z || x>t","(x>y || x<z) && x>t","x>y || x<z && x<=t","x>=y && x<=z || x>t","x<=y || x>=z && x<=t","x>y || x<z && x>t","x>y && x<z || x>t","(x>y || x<z) && x>t","x>y || x<z && x<=t","x>=y && x<=z || x>t","(x<=y) or (x>=z) and (x<=t)","(x>y) or (x<z) and (x>t)","(x>y) and (x<z) or (x>t)","((x>y) or (x<z)) and (x>t)","(x>y) or (x<z) and (x<=t)","(x>=y) and (x<=z) or (x>t)"
"Varianta 2","2.3.","Dual","Un tablou bidimensional a, cu n linii și n coloane numerotate de la $\mathbf{1}$ la n, este simetric față de diagonala secundară dacă pentru orice pereche de indici $(i, j)$ este adevărată expresia:","N/A","a[i][j]==a[j][i]","a[i][i]==a[n+1-j][n+1+i]","a[i][j]==a[n+1-i][n+1-j]","a[i][j]==a[n-j][n-i]","a[i][j]==a[n+1-j][n+1-i]","a[i][j]==a[n+j][n-i]","a[i][j]==a[j][i]","a[i][i]==a[n+1-j][n+1+i]","a[i][j]==a[n+1-i][n+1-j]","a[i][j]==a[n-j][n-i]","a[i][j]==a[n+1-j][n+1-i]","a[i][j]==a[n+j][n-i]","a[i, j]=a[j, i]","a[i, i]=a[n+1-j, n+1+i]","a[i, j]=a[n+1-i, n+1-j]","a[i, j]=a[n-j, n-i]","a[i, j]=a[n+1-j, n+1-i]","a[i, j]=a[n+j, n-i]"
"Varianta 2","2.4.","Single","Precizați ce valoare are variabila b de tip șir de caractere după executarea secvenței:
\begin{verbatim}
Limbajul C++/ Limbajul C
char b[ ]=""toc2019"";
b[3]=b[3]-1;
strcpy(b+5,b+7);
strcpy(b,b+3) ;
\end{verbatim}
\begin{verbatim}
Limbajul Pascal
var b: string[30];
b:= 'toc2019';
b[4]:= chr(ord(b[4])-1);
delete(b,6,2);
delete(b,1,3);
\end{verbatim}","N/A","b20","19","20","10","toc","2019","N/A","N/A","N/A","N/A","N/A","N/A","N/A","N/A","N/A","N/A","N/A","N/A"
"Varianta 2","2.5.","Single","Se consideră tipul de date punct, ce memorează abscisa și ordonata unui punct din plan și tipul de date segment ce memorează două puncte distincte reprezentând extremitățile unui segment din plan. Precizați care dintre următoarele expresii are ca valoare ordonata mijlocului segmentului corespunzător variabilei $\mathbf{s}$ de tip segment.
\begin{verbatim}
Limbajul C++/ Limbajul C
typedef struct
    { float x, y;}punct;
typedef struct
    {punct A, B;}segment;
segment s;
\end{verbatim}
\begin{verbatim}
Limbajul Pascal
type punct=record
    x, y: real;
        end;
type segment=record
    A, B: punct;
        end;
var s: segment;
\end{verbatim}","N/A","(A.x+B.x) / 2","(A.s.y+B.s.y)/2","(s.y+s.y) / 2","(A.x+B.y) / 2","(s.A.x+s.B.x)/2","(s.A.y+s.B.y) / 2","N/A","N/A","N/A","N/A","N/A","N/A","N/A","N/A","N/A","N/A","N/A","N/A"
"Varianta 2","2.6.","Single","Utilizând metoda backtracking se generează toate tablourile bidimensionale pătratice de ordin $\mathbf{n}$ ale căror elemente aparțin mulțimii ${0,1}$, cu proprietatea că pe fiecare linie și pe fiecare coloană există $\mathbf{0}$ singură valoare 1 . Dacă $\mathbf{n}=\mathbf{3}$ tablourile bidimensionale sunt generate în ordinea următoare:
\begin{verbatim}
100 100 010 010 001 001
010 001 100 001 100 010
001 010 001 100 010 100
\end{verbatim}
Dacă n =4, precizați care este tabloul bidimensional generat imediat după tabloul bidimensional:
\begin{verbatim}
0010
1000
0001
0100
\end{verbatim}","N/A","\begin{verbatim}
0010
1000
0100
0001
\end{verbatim}","\begin{verbatim}
0010
0100
1000
0001
\end{verbatim}","\begin{verbatim}
0001
1000
0010
0100
\end{verbatim}","\begin{verbatim}
0010
0001
1000
0100
\end{verbatim}","\begin{verbatim}
0001
0010
0100
1000
\end{verbatim}","\begin{verbatim}
1000
0010
0100
0001
\end{verbatim}","N/A","N/A","N/A","N/A","N/A","N/A","N/A","N/A","N/A","N/A","N/A","N/A"
"Varianta 2","2.7.","Single","Pentru definiția de mai jos a subprogramului nr , stabiliți ce valoare returnează apelul $\mathrm{nr}(6,3)$.
\begin{verbatim}
Limbajul C++/ Limbajul C
int nr(int x, int y)
{   int a, t;
    if (x==y || y==1) return 1;
    if (x<y) return 0;
    a=0;
    for(t=1; t<=y; t++)
        a=a+nr(x-y,t);
    return a;
}
Limbajul Pascal
function nr(x,y:integer): integer;
var a, t: integer;
begin
if (x=y) or (y=1) then nr := 1
    else if x<y then nr := 0
        else begin
            a := 0;
            for t := 1 to y do
                a :=a+nr(x-y,t);
                nr := a;
            end;
end;
\end{verbatim}","N/A","0","1","2","3","4","6","N/A","N/A","N/A","N/A","N/A","N/A","N/A","N/A","N/A","N/A","N/A","N/A"
"Varianta 2","2.8.","Single","Se consideră un arbore cu 10 noduri, numerotate de la 1 la 10 având vectorul de tați următor （0, 1, 1, 1, 3, 3, 3, 4, 7, 7) . Descendenții nodului 3 sunt:","N/A","5,6,7","5,6,7,9,10","4,5,6,7,8,9,10","6,7","4,5,6","4,7","N/A","N/A","N/A","N/A","N/A","N/A","N/A","N/A","N/A","N/A","N/A","N/A"
"Varianta 2","2.9.","Single","Știind că inițial variabilele întregi $\mathbf{x}$ și $\mathbf{y}$ au valorile 1 și respectiv 2 , stabilițic care sunt valorile lor după apelul $\mathbf{F}(\mathbf{x}, \mathbf{y})$ (pentru variantele în limbajele C++ sau Pascal) respectiv $\mathbf{F}(\& \mathbf{x}, \mathbf{y})$ (pentru varianta în limbajul C):
\begin{verbatim}
Limbajul C++
void F( int &x, int y)
{
    x=2; y=3;
}
\end{verbatim}
\begin{verbatim}
Limbajul C
void F( int *x, int y)
{
    *x=2; y=3;
}
\end{verbatim}
\begin{verbatim}
Limbajul Pascal
procedure F(var x:integer; y: integer);
begin
    x:=2; y:=3;
end;
\end{verbatim}","N/A","3 2","1 2","1 1","2 3","2 2","3 3","N/A","N/A","N/A","N/A","N/A","N/A","N/A","N/A","N/A","N/A","N/A","N/A"
"Varianta 2","2.10.","Single","Se consideră un graf neorientat cu 8 noduri numerotate de la 1 la 8 și următoarele muchii: $[1,7],[1,8],[3,4],[3,5],[3,6],[3,7],[4,7],[5,6],[5,8],[6,7],[6,8],[7,8]$. Precizați care este numărul minim de culori cu care pot fi colorate nodurile grafului, astfel încât oricare două noduri adiacente să aibă culori diferite.","N/A","1","2","3","4","6","8","N/A","N/A","N/A","N/A","N/A","N/A","N/A","N/A","N/A","N/A","N/A","N/A"
"Varianta 2","2.11.","Single","Numărul maxim de muchii dintr-un graf neorientat cu 16 noduri și 7 componente conexe este:","N/A","15","18","23","25","36","45","N/A","N/A","N/A","N/A","N/A","N/A","N/A","N/A","N/A","N/A","N/A","N/A"
"Varianta 2","2.12.","Dual","Se consideră un șir de caractere c de lungime maximă 20 , ce conține cel puțin un caracter 'd'. Precizați care dintre următoarele secvențe afișează poziția primei apariții a lui 'd' în șirul de catactere $\mathbf{c}$.","N/A","cout<<strchr (c, 'd')-c; | printf(""\%d"", strchr(c, 'd')-c );","cout<<strrchr(c, 'd'); | printf(""\%d"", strrchr(c, 'd'));","cout<<strchr (c, 'd')-c-1; | printf(""\%d"", strchr(c, 'd')-c-1 );","cout<<strchr(c, 'd'); | printf(""\%d"", strchr(c, 'd'));","cout<<strchr (c, 'd')-c+2; | printf(""\%d"", strchr(c, 'd')-c+2 );","cout<<strchr (c, 'd-c'); | printf(""\%d"", strchr(c, 'd-c'));","cout<<strchr (c, 'd')-c; | printf(""\%d"", strchr(c, 'd')-c );","cout<<strrchr(c, 'd'); | printf(""\%d"", strrchr(c, 'd'));","cout<<strchr (c, 'd')-c-1; | printf(""\%d"", strchr(c, 'd')-c-1 );","cout<<strchr(c, 'd'); | printf(""\%d"", strchr(c, 'd'));","cout<<strchr (c, 'd')-c+2; | printf(""\%d"", strchr(c, 'd')-c+2 );","cout<<strchr (c, 'd-c'); | printf(""\%d"", strchr(c, 'd-c'));","write(pos('d',c));","write(pos(c,'d'));","write(pos(c,'d')-1);","write(substr(c,'d'));","write(pos(c,'d')+2);","write(substr(c,'d-c'));"
"Varianta 2","2.13.","Single","Precizați ce valoare are variabilade tip întreg a după executarea următoarei secvențe de instrucțiuni.
\begin{verbatim}
Limbajul C++/ Limbajul C
a=2019;
for(x=1; x<=5; x++);
a=a+2;
\end{verbatim}
\begin{verbatim}
Limbajul Pascal
a: = 2019;
for x:=1 to 5 do;
a: =a+2;
\end{verbatim}","N/A","2019","2020","2021","2024","2027","2029","N/A","N/A","N/A","N/A","N/A","N/A","N/A","N/A","N/A","N/A","N/A","N/A"
"Varianta 2","2.14.","Single","O clasă de 30 de elevi este la ora de informatică și profesorul dorește să formeze o echipă de 5 elevi. El îi cere unui elev să-i genereze toate posibilitățile de a forma o grupă de 5 elevi din acea clasă. Această problemă este similară cu generarea tuturor:","N/A","elementelor produsului cartezian $\mathrm{A}^{5}$, A fiind o mulțime cu 30 de elemente","partițiilor unei mulțimi","aranjamentelor de 30 de elemente luate câte 5","permutărilor de 5 elemente","combinărilor de 30 de elemente luate câte 5","submulțimilor de 5 elemente din mulțimea A, A fiind o mulțime cu 30 de elemente","N/A","N/A","N/A","N/A","N/A","N/A","N/A","N/A","N/A","N/A","N/A","N/A"
"Varianta 2","2.15.","Single","Se consideră următoarea funcție recursivă:
\begin{verbatim}
Limbajul C++/ Limbajul C
int s(int t)
{ if (t == 1) return 0;
    else
        if (t == 2) return 1;
        else
            return s(t-2) + s(t-1); }
\end{verbatim}
\begin{verbatim}
Limbajul Pascal
function s(t : integer) : integer;
    begin
        if t = 1 then s := 0
            else
                if t = 2 then s := 1
                    else
                        s:=s(t-2)+s(t-1);
end;
\end{verbatim}
Dacă apelul inițial nu se ia în considerare, precizați câte autoapeluri vor fi făcute pentru apelul $\mathrm{s}(6)$.","N/A","4","6","8","10","11","14","N/A","N/A","N/A","N/A","N/A","N/A","N/A","N/A","N/A","N/A","N/A","N/A"
"Varianta 3","3.1.","Single","Precizați pentru câte valori naturale citite pentru variabila $\mathbf{n}$ programul următor afișează valoarea 10.
\begin{verbatim}
Limbajul C++
#include<iostream>
using namespace std;
int main()
{
    int n,i=1,k=1;
    cin>>n;
while(k*k<=n) k+=++i;
    cout<<k;
}
\end{verbatim}
\begin{verbatim}
Limbajul C
#include<stdio.h>
void main( )
{
    int n,i=1,k=1;
    scanf(""%d"", &n);
    while(k*k<=n)
k+=++i;
    printf(""%d"", k);
}
Limbajul Pascal
var n,i,k:integer;
begin
    i:=1; k:=1;
    readln(n);
    while k*k<=n do
        begin
            inc(i); k:=k+i;
        end;
    write(k)
end.
\end{verbatim}","N/A","0","10","54","63","64","100","N/A","N/A","N/A","N/A","N/A","N/A","N/A","N/A","N/A","N/A","N/A","N/A"
"Varianta 3","3.2.","Single","Se consideră următorul program:
\begin{verbatim}
Limbajul C++
#include<iostream>
using namespace std;
int main()
{
    int i, v[10];
    for(i=1;i<10;i++)
            cin>>v[i];
    i=v[7];
    do
        {
            cout<<i<<"" "";
            i=v[i];
        }while(i!=1);
    cout<<i;
}
\end{verbatim}
\begin{verbatim}
Limbajul C
#include<stdio.h>
void main()
{
    int i,v[10];
    for(i=1;i<10;i++)
        scanf(""%d"",&v[i]);
    i=v[7];
    do
        {
            printf(""%d "",i);
            i=v[i];
        }while(i!=1);
    printf(""%d "",i);
}
\end{verbatim}
\begin{verbatim}
Limbajul Pascal
var i:integer;
    v:array[0..9]of integer;
begin
    for i:=1 to 9 do
        read(v[i]);
    i:=v[7];
    repeat
        write( i, ' ');
        i:=v[i];
    until i=1;
    write(i)
end.
\end{verbatim}
La executarea programului se introduc, în ordine, valorile: $\begin{array}{lllllllll}5 & 3 & 7 & 6 & 9 & 2 & 1 & 4 & 8 .\end{array}$ Precizați care sunt valorile afișate.","N/A","1 5 9 8 4 6 2 3 7 1","1 2 3 4 5 6 7 8 9 1","1 5 9 8 4 6 2 3 7","1 5 3 7 6 9 2 4 8 1","7 1 2 9 8 4 6 2 3 1","7 3 5 4 2 8 1 9 6 1","N/A","N/A","N/A","N/A","N/A","N/A","N/A","N/A","N/A","N/A","N/A","N/A"
"Varianta 3","3.3.","Single","Precizați ce valoare se afișează în urma execuției următorului program dacă pentru n se citește valoarea 20.
\begin{verbatim}
Limbajul C++
#include<iostream>
using namespace std;
int main()
{
    int a[51][51];
    int i,j,n, s=0;
    cin>>n;
    for(i=1;i<=n;i++)
        for(j=1;j<=n;j++)
            a[i][j]=i-j;
    for(i=1;i<=n;i++)
        for(j=1;j<=n;j++)
            if(i+1!=j)
                s+=a[i][j];
    cout<<s;
}   
\end{verbatim}
\begin{verbatim}
Limbajul C
#include<stdio.h>
void main()
{
    int a[51][51];
    int i,j,n, s=0;
    scanf(""%d"", &n);
    for(i=1;i<=n;i++)
        for(j=1;j<=n;j++)
            a[i][j]=i-j;
    for(i=1;i<=n;i++)
        for(j=1;j<=n;j++)
            if(i+1!=j)
                s+=a[i][j];
    printf(""%d "", s);        
\end{verbatim}
\begin{verbatim}
Limbajul Pascal
var a: array[1..50,1..50] of integer;
    i,j,n,s: integer;
begin
    s := 0;
    readln(n);
for i:=1 to n do
    for j:=1 to n do
a[i,j]:=i-j;
for i:=1 to n do
    for j:=1 to n do
        if i+1<> j then
s:=s+ a[i,j];
write(s)
end.
\end{verbatim}","N/A","-19","0","9","19","20","190","N/A","N/A","N/A","N/A","N/A","N/A","N/A","N/A","N/A","N/A","N/A","N/A"
"Varianta 3","3.4.","Single","Următoarea secvență de program folosește metoda căutării binare pentru a verifica dacă valoarea $\mathbf{x}$ se află printre cele 10 elemente ale tabloului unidimensional $\mathbf{v}$ (cu indicii de la 1 la 10), dar produce eroare de execuție pentru mai multe seturi de date.
\begin{verbatim}
Limbajul C++/ Limbajul C
i=1; j=10;
do {
        k=(i+j)/2;
        if(v[k]<x) i=k;
        else j=k;
    } while(v[k]!=x&&i<j);
if(v[k]==x) cout<<""EXISTA"";
            | printf(""EXISTA"");
else cout<<""NU EXISTA"";
    | printf(""NU EXISTA"");
\end{verbatim}
\begin{verbatim}
Limbajul Pascal
i:=1; j:=10;
repeat
    k:=(i+j)div 2;
    if v[k]<x then i:=k
    else j:=k
until (v[k]=x)or(i>=j);
if v[k]=x then write('EXISTA')
else write('NU EXISTA');
\end{verbatim}
Precizați pentru care dintre seturile de date de intrare (elementele tabloului unidimensional v și valoarea lui $\mathbf{x}$ ) secvența dată nu produce eroare de execuție.","N/A","v=(1,2,3,4,5,6,7,8,9,10) și x>10","v=(2,4,6,8,10,12,14,16,18,20) și x>20","v=(2,2,2,2,2,2,2,2,2,2) și x>2","v=(2,4,6,8,10,12,14,16,18,20) și 2<x<20, x număr par","v=(1,2,5,4,3,6,7,8,9,10) și x=4","v=(2,4,6,8,10,12,14,16,18,20) și 2<x<20, x număr impar","N/A","N/A","N/A","N/A","N/A","N/A","N/A","N/A","N/A","N/A","N/A","N/A"
"Varianta 3","3.5.","Single","Precizați câte elemente divizibile cu 10, se vor afișa în urma executării programului următor.
\begin{verbatim}
Limbajul C++
#include<iostream>
using namespace std;
int f(int &y, int x)
    {
        y=y/10+x;
        return x+y;
    }
int main( )
{
    int x=101,y=10;
    cout<<f(x,y)<<"" "";
    cout<<x<<<"" ""<<y<<<""
"";
    cout<<f(x,y);
}
\end{verbatim}
\begin{verbatim}
Limbajul C
#include<stdio.h>
int f(int *y, int x)
    {
        *y=*y/10+x;
        return x+*y;
    }
void main( )
{
    int x=101,y=10;
    printf(""%d "",
f(&x,y));
    printf(""%d %d "", x,
y) ;
    printf(""%d "",
f(&x,y));
}
\end{verbatim}
\begin{verbatim}
Limbajul Pascal
var x,y:integer;
function f(var
y:integer;
x:integer) :integer;
    begin
        y:=y div 10 + 10;
        f:=x + y
end;
begin
        x:=101; y:=10;
        write(f(x,y),' ');
        write(x,' ',y,' ');
        write(f(x,y))
end.
\end{verbatim}","N/A","0","1","2","3","4","5","N/A","N/A","N/A","N/A","N/A","N/A","N/A","N/A","N/A","N/A","N/A","N/A"
"Varianta 3","3.6.","Dual","Se consideră funcția:
\begin{verbatim}
Limbajul C++/ Limbajul C
unsigned f(unsigned x, unsigned
y)
{
    if(x==1)return y;
    if(x%2==0) return f(x/2,y*2);
    return Y+f(x/2,y*2);
}
\end{verbatim}
\begin{verbatim}
Limbajul Pascal
function f(x, y:word):word;
begin
    if x=1 then f:=y
    else
        if }x\mathrm{ mod 2=0 then f:=f(x div 2,
y*2)
            else f:=y + f(x div 2, y*2)
end;
\end{verbatim}
Precizați care dintre funcțiile următoare nu este echivalentă cu funcția dată.","N/A","\begin{verbatim}
unsigned f(unsigned x, unsigned y)
    {
        if(x==0) return 0;
        if(x%2==0) return 2*f(x/2,y);
        return y+f(x-1,y);
    }
\end{verbatim}","\begin{verbatim}
unsigned f(unsigned x, unsigned y) 
{
    if(x==0) return y;
    if(x%2==0) return f(x/2,y);
    return y+f(x-1,y);
}
\end{verbatim}","\begin{verbatim}
unsigned f(unsigned x, unsigned y)
{
    return y*x;
}
\end{verbatim}","\begin{verbatim} 
unsigned f(unsigned x, unsigned y)
{
    if(x==0) return 0;
    return y+f(x-1,y);
}
\end{verbatim}","\begin{verbatim}
unsigned f(unsigned x, unsigned y)
{
    unsigned s=0;
    while(x>0)
        {
            s=s+y;
            x--;
        }
        return s;
}
\end{verbatim}","\begin{verbatim}
unsigned f(unsigned x, unsigned y)
    {
        unsigned i,s=0;
        for(i=1;i<=y;i++)s=s+x;
        return s;
    }
    }
\end{verbatim}","\begin{verbatim}
unsigned f(unsigned x, unsigned y)
    {
        if(x==0) return 0;
        if(x%2==0) return 2*f(x/2,y);
        return y+f(x-1,y);
    }
\end{verbatim}","\begin{verbatim}
unsigned f(unsigned x, unsigned y) 
{
    if(x==0) return y;
    if(x%2==0) return f(x/2,y);
    return y+f(x-1,y);
}
\end{verbatim}","\begin{verbatim}
unsigned f(unsigned x, unsigned y)
{
    return y*x;
}
\end{verbatim}","\begin{verbatim} 
unsigned f(unsigned x, unsigned y)
{
    if(x==0) return 0;
    return y+f(x-1,y);
}
\end{verbatim}","\begin{verbatim}
unsigned f(unsigned x, unsigned y)
{
    unsigned s=0;
    while(x>0)
        {
            s=s+y;
            x--;
        }
        return s;
}
\end{verbatim}","\begin{verbatim}
unsigned f(unsigned x, unsigned y)
    {
        unsigned i,s=0;
        for(i=1;i<=y;i++)s=s+x;
        return s;
    }
    }
\end{verbatim}","\begin{verbatim}
function f(x,y:word) :word;
    begin
        if x=0 then f:=0
        else
                if x mod 2 = 0 then
                        f:=2*f(x div 2, y)
                else f:=y + f(x-1, y)
    end;
\end{verbatim}","\begin{verbatim}
function f(x,y:word) :word;
        begin
            if x=0 then f:=y
            else
                if x mod 2 = 0 then
                    f:=f(x div 2, y)
                else f:=y + f(x-1, y)
        end;
\end{verbatim}","\begin{verbatim}
function f(x,y:word) :word;
        begin
                    f:=y*x
        end;
\end{verbatim}","\begin{verbatim}
function f(x,y:word) :word;
        begin
            if x=0 then f:=0
            else f:=y+f(x-1, y)
        end;
\end{verbatim}","\begin{verbatim}
function f(x,y:word) : word;
    var s:word;
    begin
            s:=0;
            while x>0 do
                begin
                    s:=s+y; x:=x-1
                end;
            f:=s
    end;
\end{verbatim}","\begin{verbatim}
function f(x,y:word) :word;
    var i,s:word;
    begin
        s:=0;
        for i:=1 to y do s:=s+x;
        f:=s
     end;
\end{verbatim}"
"Varianta 3","3.7.","Dual","Pentru implementarea unei stive se definește structura următoare, în care câmpul v este un tablou unidemensional în care sunt memorate valorile din stivă, iar câmpul $\mathbf{k}$ reprezintă vârful stivei:
Limbajul C++/ Limbajul C
\begin{verbatim}
typedef struct
{
    int k ; int v[100];
}stiva;
\end{verbatim}
\begin{verbatim}
Limbajul Pascal
type stiva=record
    k: integer;
    v: array[0..99] of integer;
end:
\end{verbatim}
Variabila s este de tipul stiva, iar $\mathbf{x}$ este un număr intreg.
Precizați care dintre următoarele secvențe determină adăugarea corectă a valorii $\mathbf{x}$ în stivă.","N/A","if (s.k<99) s.v[++s.k]=x;","k++; v[k]=x;","if (s.k<99) s.v[s.k]=x;","k++; s.v[s.k]=x;","s.v[s.k+1]=x;","x=s.v[s.k];","if (s.k<99) s.v[++s.k]=x;","k++; v[k]=x;","if (s.k<99) s.v[s.k]=x;","k++; s.v[s.k]=x;","s.v[s.k+1]=x;","x=s.v[s.k];","\begin{verbatim}
if s.k<99 then
begin
    s.v[s.k+1]:=x;
    inc(s.k)
end;
\end{verbatim}","inc(k); v[k]:=x;","if s.k<99 then s.v[s.k]:=x;","\begin{verbatim}
with s do begin 
            k:=k+1; v[k]:=x 
            end;
\end{verbatim}","s.v[s.k+1]:=x;","x:=s.v[s.k];"
"Varianta 3","3.8.","Dual","Se consideră definit un subprogram care determină ștergerea tuturor aparițiilor unui caracter $\mathbf{c}$ din șirul de caractere s. Antetul subprogramului este:
\begin{verbatim}
(C++/C) void del (char s[255], char c); 
(Pascal) procedure del (var s:string; c:character); 
\end{verbatim}
Precizați ce secvență poate fi utilizată pentru ștergerea tuturor caracterelor ce reprezintă cifre din șirul s. (s este un șir de caractere de lungime maxim 255, iar i este o variabilă de tip caracter)","N/A","del (s,""0123456789"");","del (s, i);","for(i='0';i<='9';i++)del(i,s);","for (i=0;i<=9;i++)del(s,i);","for(i='0';i<='10';i++)del(s,i);","for(i='0';i<='9';i++)del(s,i);","del (s,""0123456789"");","del (s, i);","for(i='0';i<='9';i++)del(i,s);","for (i=0;i<=9;i++)del(s,i);","for(i='0';i<='10';i++)del(s,i);","for(i='0';i<='9';i++)del(s,i);","del (s, '0123456789');","del(s, i);","for i:='0' to '9' do del(i,s);","for i:= 0 to 9 do del (s,i);","for i:='0' to '10' do del(s,i);","for i:='0' to '9' do del(s,i);"
"Varianta 3","3.9.","Single","Variabila n reprezintă un număr natural cu cel mult 3 cifre. Precizați pentru câte valori ale variabilei $n$ expresia:
\begin{verbatim}
(C++/C) n/100+n%100/10+n%10
(Pascal) n div 100 + n mod 100 div 10 + n mod 10
\end{verbatim}
are valoarea 9.","N/A","9","10","45","54","55","100","N/A","N/A","N/A","N/A","N/A","N/A","N/A","N/A","N/A","N/A","N/A","N/A"
"Varianta 3","3.10.","Single","Unei expresii algebrice i se asociază un arbore în care orice nod care nu este frunză are ca valoare un operator și are exact doi fii, iar frunzele sunt operanzi. Cu cât prioritatea unui operator este mai mare, cu atât nivelul pe care se află este mai mare. Parantezele influențează prioritatea operatorilor, dar nu apar în arborele asociat. Indicați expresia corespunzătoare arborelui de mai jos.
\includegraphics[width=0.4\linewidth]{images/2025_04_17_46e04c6acd873ea9558dg-022}","images/2025_04_17_46e04c6acd873ea9558dg-022","a+b * c+d * e","a+b *(c+d * e)","(a+b) *(c+d * e)","(a+b) * c+d * e","a+b *(c+d) * e","(a+b) * c+d * e","N/A","N/A","N/A","N/A","N/A","N/A","N/A","N/A","N/A","N/A","N/A","N/A"
"Varianta 3","3.11.","Single","Se consideră un tablou bidimensional $\mathbf{A}$ cu $\mathbf{n}$ linii și n coloane ( n - număr natural, $\mathrm{n}>\mathbf{1}$ ). Folosind rezolvarea optimă pentru fiecare caz, precizați care dintre problemele următoare se poate rezolva printr-un algoritm de complexitate minimă.","N/A","Determinarea numărului de valori nule din $\mathbf{A}$","Determinarea sumei elementelor de pe diagonala principală","Determinarea rangului matricei $\mathbf{A}$","Ordonarea crescătoare a elementelor de pe prima linie a tabloului prin apelarea celei mai eficiente metode de sortare","Determinarea numărului de valori aflate sub diagonala principală","Interschimbarea a două coloane ale tabloului","N/A","N/A","N/A","N/A","N/A","N/A","N/A","N/A","N/A","N/A","N/A","N/A"
"Varianta 3","3.12.","Single","Se consideră un graf orientat tare conex cu n noduri, numerotate $1,2,3, \ldots$ n. Pentru determinarea drumurilor de lungime minimă de la nodul 1 la celelalte noduri, s-a construit vectorul $\mathbf{t}$ în care $\mathrm{t}[\mathrm{i}]=\mathbf{k}$ dacă ( $\mathbf{k}, \mathbf{i}$ ) este ultimul arc al drumului minim de la nodul 1 la nodul i. Precizați instrucțiunea care poate înlocui punctele de suspensie astfel încât apelul drum ( $\mathrm{t}, \mathrm{n}$ ) să determine afișarea drumului de lungime minimă de la nodul 1 la nodul $n$.
\begin{verbatim}
Limbajul C++/ Limbajul C
    void drum(int t[ ], int i)
    {
        if (i!=1) .......
        cout<<i<<"" "";
    }
Limbajul Pascal
type vector=array[1..100] of integer;
procedure drum(t:vector; i""integer);
begin
    if i<>1 then ........
    write(i, ' ' )
end;
\end{verbatim}","N/A","drum(t, n);","drum(t[i], i);","drum(t, t[i]);","drum(t, i);","drum(t, 1);","drum(t[i], t);","N/A","N/A","N/A","N/A","N/A","N/A","N/A","N/A","N/A","N/A","N/A","N/A"
"Varianta 3","3.13.","Single","\begin{center}
\begin{tabular}{|c|c|c|c|c|}
\hline
Vârful & $\mathbf{1}$ & $\mathbf{2}$ & $\mathbf{3}$ & $\mathbf{4}$","N/A","$(1,2)$","$(2,1)$","$(2,3)$","$(2,4)$","$(3,1)$","$(4,1)$","N/A","N/A","N/A","N/A","N/A","N/A","N/A","N/A","N/A","N/A","N/A","N/A"
"Varianta 3","3.14.","Single","Precizați care este numărul ciclurilor hamiltoniene disticte într-un graf complet cu 5 noduri. (Două cicluri sunt distincte dacă diferă prin cel puțin o muchie.)","N/A","5","$4!/ 2$","4 !","$4 * 4$ !","5 !","$5^{4}$","N/A","N/A","N/A","N/A","N/A","N/A","N/A","N/A","N/A","N/A","N/A","N/A"
"Varianta 3","3.15.","Single","Precizați câte dintre afirmațiile următoare referitoare la grafuri neorientate sunt adevărate.
\begin{enumerate}
  \item Dacă gradul oricărui nod este un număr impar, atunci graful trebuie să aibă număr par de noduri.
  \item Un ciclu elementar este un caz particular de lanţ elementar.
  \item Numărul muchiilor grafului nu poate fi mai mic decât numărul nodurilor.
  \item Lungimea unui lanţ poate fi mai mare decât numărul de noduri al grafului.
  \item Numărul valorilor $\mathbf{1}$ din matricea de adiacență asociată este egal cu dublul numărului de muchii.
\end{enumerate}","N/A","0","1","2","3","4","5","N/A","N/A","N/A","N/A","N/A","N/A","N/A","N/A","N/A","N/A","N/A","N/A"
"Varianta 4","4.1.","Single","Variabila n reprezintă un număr natural cu exact două cifre. Precizați câte dintre expresiile următoare au valoarea 1 /true dacă și numai dacă cifrele lui $n$ au aceeași paritate.
Limbajul C++/ Limbajul C
\begin{verbatim}
1. (n/10-n%10)%2==0
2. n/10%2==n%2
3. n/10==n%10
4. (n/10+n%10*10) %2==n%2
5. n/2==n%2
\end{verbatim}
Limbajul Pascal
\begin{verbatim}
1. (n div 10 - n mod 10) mod 2 = 0
2. n div 10 mod 2 = n mod 2
3. n div 10=n mod 10
4. (n div 10 + n mod 10 *10) mod 2 = n mod 2
5. n div 2 = n mod 2
\end{verbatim}","N/A","0","1","2","3","4","5","N/A","N/A","N/A","N/A","N/A","N/A","N/A","N/A","N/A","N/A","N/A","N/A"
"Varianta 4","4.2.","Dual","Pentru implementarea ecuației unei drepte de forma $\mathbf{a x + b y}+\mathbf{c}=0$ (unde $\mathbf{a}, \mathbf{b}, \mathbf{c} \in \mathrm{R}$ ), se definește structura:
\begin{verbatim}
Limbajul C++/ Limbajul C
typedef struct
    {float a, b, c;}dreapta;
\end{verbatim}
\begin{verbatim}
Limbajul Pascal
type dreapta=record
        a, b, c : real;
    end;
\end{verbatim}
Dacă d1 și d2 sunt două variabile de tipul dreapta, precizați care dintre următoarele expresii verifică dacă d1 și d2 sunt paralele.","N/A","d1 \|\| d2","d1.a==d2.a \&\& d1.b==d2.b","a.d1/a.d2==b.d1/b.d2","d1.a/d2.a==d1.b/d2.b","d1.a==0 \&\& d2.a==0","d1.a*d2.b-d1.b*d2.a==0","d1 \|\| d2","d1.a==d2.a \&\& d1.b==d2.b","a.d1/a.d2==b.d1/b.d2","d1.a/d2.a==d1.b/d2.b","d1.a==0 \&\& d2.a==0","d1.a*d2.b-d1.b*d2.a==0","d1 = d2","(d1.a=d2.a) and (d1.b = d2.b)","a.d1/a.d2 = b.d1/b.d2","d1.a/d2.a=d1.b/d2.b","(d1.a=0) and (d2.a=0)","d1.a*d2.b-d1.b*d2.a=0"
"Varianta 4","4.3.","Single","Funcţia $\mathbf{f}$ primeşte ca parametri două valori reale şi returnează cea mai mare dintre cele două valori. Antetul funcției este:
(Limbajul C++/C) float f(float x, float y) ;
(Limbajul Pascal) function $f(x, y$ : real) :real;
Precizați care dintre următoarele expresii reprezintă suma celor mai mici două valori dintre numerele reale $\mathrm{a}, \mathrm{b}$ şi c .","N/A","a+b+c-f(a, b)","a+b+c-f(a, b)-f(b, c)","a+2 * b+c-f(a, b)-f(b, c)","a+b+c-f(a, b, c)","a+b+c-f(a, f(c, b))","a+b+c-f(f(a, b), f(b, a))","N/A","N/A","N/A","N/A","N/A","N/A","N/A","N/A","N/A","N/A","N/A","N/A"
"Varianta 4","4.4.","Single","Precizați care sunt valorile afișate în urma execuției următorului program.
\begin{verbatim}
Limbajul C++
#include<iostream>
using namespace std;
int a,b;
void f(int a, int &b)
{
    if (a>0)
        {
            a++; b--; f(b,a);
        }
    cout<<a<<"" ""<<b<<"" "";
}
int main()
{ a=0; b=1;
    f(b,a);
    cout<<<a<<"" ""<<b;
}
\end{verbatim}
\begin{verbatim}
Limbajul C
#include<stdio.h>
int a,b;
void f(int a, int *b)
{
    if(a>0)
    {
        a++; (*b)--;
        f(*b,&a);
    }
    printf(""%d %d"",a,*b);
}
void main ( )
{
    a=0; b=1;
    f(b,&a) ;
    printf(""%d %d"",a,b);
}
\end{verbatim}
\begin{verbatim}
Limbajul Pascal
var a,b:integer;
procedure f(a:integer;
var b:integer);
begin
    if a>0 then
        begin
            a:=a+1; b:=b-1;
            f(b,a)
        end;
    write(a,' ',b,' ')
end;
begin
    a:=0; b:=1;
    f(b,a) ;
    write(a,' ',b,' ')
end.
\end{verbatim}","N/A","-1 2 2 -1 -1 1","0 1 0 1","Ciclare infinită","-1 2 2 -1 0 1","0 2 0 -1 0 1","-1 0 1 -1 1 1","N/A","N/A","N/A","N/A","N/A","N/A","N/A","N/A","N/A","N/A","N/A","N/A"
"Varianta 4","4.5.","Single","În secvența următoare variabilele n și m au ca valori numere naturale.
\begin{verbatim}
Limbajul C++/ Limbajul C
n=42015; m=0;
while(n>0)
    {
        m=m*100+n/10%10*10+n%10;
        n/=100;
    }
\end{verbatim}
\begin{verbatim}
Limbajul Pascal
n:=42015; m:=0;
while n>0 do
    begin
        m:=m*100+n div 10 mod 10*10+n mod 10;
        n:=n div 100;
    end;
\end{verbatim}
După rularea secvenței, valoarea variabilei $m$ este:","N/A","15024","15204","24051","51024","152004","152400","N/A","N/A","N/A","N/A","N/A","N/A","N/A","N/A","N/A","N/A","N/A","N/A"
"Varianta 4","4.6.","Single","Se consideră următorul program:
\begin{verbatim}
Limbajul C++
    #include<iostream>
    using namespace std;
    int main( )
    {
        int n, cn, x=0,p=1;
        cin>>n;
        cn=n;
        while(n)
        {
            if (n%10>x) x=n%10;
            n/=10;
        }
        x++;
        while(cn)
            {
            n=n+cn%10*p;
            p*=x;
            cn/=10;
            }
        cout<<n;
}
\end{verbatim}
\begin{verbatim}
Limbajul C
#include<stdio.h>
void main ( )
{
    int n, cn, x=0,p=1;
    scanf(""%d"", &n);
    cn=n;
    while(n)
        {
            if (n%10>x) x=n%10;
            n/=10;
        }
    x++;
    while(cn)
        {
            n=n+cn%10*p;
            p*=x;
            cn/=10;
        }
    printf(""%d"", n);
}
\end{verbatim}
\begin{verbatim}
var n,cn,x,p : longint;
begin
    readln(n);
cn:=n;
x:=0;
p:=1;
while n>0 do
begin
    if n mod 10>x then
        x:=n mod 10;
    n:=n div 10
end;
x:=x+1;
while cn>0 do
    begin
        n:=n+cn mod 10*p;
        p:=p*x;
        cn:=cn div 10
    end;
write(n)
end.
\end{verbatim}
Precizați care este cel mai mic număr natural format din 5 cifre distincte care poate fi citit ca dată de intrare astfel încât valoarea afișată să fie aceeași.","N/A","10000","10192","10234","10239","10923","12345","N/A","N/A","N/A","N/A","N/A","N/A","N/A","N/A","N/A","N/A","N/A","N/A"
"Varianta 4","4.7.","Dual","Tabloul bidimensional b(cu liniile și coloanele numerotate de la 1 la $\mathbf{n}$ ) se obține din tabloul bidimensional a prin rotire cu $90^{\circ}$ spre dreapta.
De exemplu, dacă a este: (123456789) se obține tabloul bidimensional b:(741852963)
Pentru obținerea unei transformări corecte, secvența:
\begin{verbatim}
Limbajul C++/ Limbajul C
for (i=1; i<=n ; i++)
    for (j=1; j<=n; j++) ......;
Limbajul Pascal
for i:=1 to n do
    for i:=1 to n do .......;
\end{verbatim}
trebuie completată cu atribuirea:","N/A","b[i][j]=a[j][i]","b[i][j]=a[j][n-i+1]","b[i][j]=a[n-j+1][n-i+1]","b[i][j]=a[n-i+1][n-j+1]","b[i][j]=a[n-j+1][i]","b[i][j]=a[n-i+1][j]","b[i][j]=a[j][i]","b[i][j]=a[j][n-i+1]","b[i][j]=a[n-j+1][n-i+1]","b[i][j]=a[n-i+1][n-j+1]","b[i][j]=a[n-j+1][i]","b[i][j]=a[n-i+1][j]","b[i][j]:=a[j][i]","b[i,j]:=a[j,n-i+1]","b[i, j]:=a[n-j+1, n-i+1]","b[i, j]:=a[n-i+1, n-j+1]","b[i, j]:=a[n-j+1, i]","b[i, j]:=a[n-i+1, j]"
"Varianta 4","4.8.","Dual","Variabila $\mathbf{x}$ este de tip întreg și reprezintă o cifră nenulă. Precizați care dintre expresiile - următoare este echivalentă cu expresia:
\begin{verbatim}
(Limbajul C++/C) x == 7 || x == 5
(Limbajul Pascal) (x=7) or (x=5)
\end{verbatim}","N/A","35 \% x==0","x!=7 \&\& x!=5","x>4 \&\&!(x \% 2==0 \|\| x \% 3==0)","x \% 2!=0 \&\& x \% 3!=0","! (x!=7 \|\| 1 x!=5)","x>4 \&\&!(x \% 2==0 \&\& x \% 3==0)","35 \% x==0","x!=7 \&\& x!=5","x>4 \&\&!(x \% 2==0 \|\| x \% 3==0)","x \% 2!=0 \&\& x \% 3!=0","! (x!=7 \|\| 1 x!=5)","x>4 \&\&!(x \% 2==0 \&\& x \% 3==0)","35 mod x=0","( x<>7 ) and ( x<>5 )","(x>4) and not((x mod 2=0) or (x mod 3=0))","( x mod 2<>0 ) and ( x moc 3<>0 )","not((x<>7) or (x<>5))","(x>4) and not((x mod 2=0) and (x mod 3=0)"
"Varianta 4","4.9.","Dual","Tabloul unidimensional a conține n numere naturale, ordonate crescător. Se cere afișarea mesajului DA dacă în a există două elemente a căror diferență este egală cu s (număr natural) sau a mesajului NU, în caz contrar. Precizați condiția ce trebuie utilizată în locul punctelor de suspensie astfel încât secvența următoare să rezolve corect problema dată.
\begin{verbatim}
Limbajul C++/C
i = 1; j = 2;
while ( ....... )
    {
        if (a[j]-a[i]<s) j++;
        else i++;
    }
if (j <= n) cout<<""DA""; |
printf(""DA"");
else cout<<""NU""; | printf(""DA"");
\end{verbatim}
\begin{verbatim}
Limbajul Pascal
i:= 1; j:= 2;
while ....... do
    begin
        if a[j]-a[i]<s then inc(j)
        else inc(i);
    end;
if $j<=n$ then write('DA')
else write('NU');
\end{verbatim}","N/A","j<n","j<=n \& & a[j]-a[i]!=s","j<=n \&\& a[j]-a[i]==s","a[j]-a[i]!=s","i<=j","i<=n \&\& a[j]-a[i]==s","j<n","j<=n \& & a[j]-a[i]!=s","j<=n \&\& a[j]-a[i]==s","a[j]-a[i]!=s","i<=j","i<=n \&\& a[j]-a[i]==s","j<n","(j<=n) and (a[j]-a[i]<>s)","(j<=n) and (a[j]-a[i]=s)","a[j]-a[i]<>s","i<=j","(i<=n) and (a[j]-a[i]=s)"
"Varianta 4","4.10.","Single","Precizați care este rolul următorului subprogram.
\begin{verbatim}
Limbajul C++/ Limbajul C
void f(char s[],char t[],int k)
{
    char aux[255];
    strcpy(aux,s+k);
    s[k]=0;
    strcat(s,t);
    strcat(s,aux);
}
\end{verbatim}
\begin{verbatim}
Limbajul Pascal
procedure f(var s:string;t:string;
k:byte);
var aux:string;
begin
    aux:=copy(s,k,255);
    delete(s,k,255);
    s:=concat(s,t);
    s:=concat (s,aux);
end;
\end{verbatim}","N/A","Șterge ultimele $\mathbf{k}$ caractere ale lui $\mathbf{s}$ și concatenează rezultatul cu șirul $\mathbf{t}$","Concatenează șirul s cu rezultatul concatenării șirurilor s și $t$","Inserează șirul sîn șirul $t$, începând cu poziția $\mathbf{k}$","Concatenează șirurile $\mathbf{s}$ și $\mathbf{t}$, obținând un șir de lungime $\mathbf{k}$","Înlocuiește primele $\mathbf{k}$ caractere din $\mathbf{s}$ cu primele $\mathbf{k}$ caractere din $\mathbf{t}$","Inserează șirul $\mathbf{t}$ în șirul $\mathbf{s}$, începând cu poziția $\mathbf{k}$","N/A","N/A","N/A","N/A","N/A","N/A","N/A","N/A","N/A","N/A","N/A","N/A"
"Varianta 4","4.11.","Single","Se consideră un graf orientat cu 6 noduri, numerotate $1,2, \ldots, 6$. Arcele grafului sunt de forma $(\mathbf{x}, \mathbf{2 *} \mathbf{x})$ pentru orice $\mathbf{x} \in{1,2,3}$ și de forma $(\mathbf{x}, \mathbf{x}-\mathbf{1})$ pentru orice $\mathbf{x} \in{2,3,4,5,6}$. Care este numărul minim de arce ce trebuie adăugate astfel încât graful să fie tare conex?","N/A","0","1","2","3","4","5","N/A","N/A","N/A","N/A","N/A","N/A","N/A","N/A","N/A","N/A","N/A","N/A"
"Varianta 4","4.12.","Single","Precizați care dintre tablourile următoare poate reprezenta vectorul gradelor unui graf neorientat conex.","N/A","(3,2,1,5,1,1)","(5,1,6,4,5,3)","(1,1,1,1,2,2)","(1,1,1,1,1,6)","(2,1,3,1,0,1)","(1,3,5,2,1,2)","N/A","N/A","N/A","N/A","N/A","N/A","N/A","N/A","N/A","N/A","N/A","N/A"
"Varianta 4","4.13.","Single","Dacă un graf neorientat conex are $\mathbf{n}$ vârfuri și $3 n+2$ muchii, precizați care este valoarea minimă pentru n .","N/A","16","8","4","2","1","0","N/A","N/A","N/A","N/A","N/A","N/A","N/A","N/A","N/A","N/A","N/A","N/A"
"Varianta 4","4.14.","Single","Pentru un număr natural nenul $n$, se construiește un arbore cu rădăcină astfel: rădăcina este numerotată n și orice nod care este numerotat cu o valoare $\mathbf{x}>1$ are ca fii nodurile numerotate cu divizorii săi, mai puțin numărul însuși. Toate frunzele arborelui sunt numerotate cu 1. Precizați câte dintre numerele naturale din intervalul $[10,20]$ pot fi alese ca rădăcină, astfel încât arborele asociat să aibă un număr maxim de frunze.","N/A","1","2","3","4","5","6","N/A","N/A","N/A","N/A","N/A","N/A","N/A","N/A","N/A","N/A","N/A","N/A"
"Varianta 4","4.15.","Single","Un pulover norvegian este frumos dacă pentru a-l tricota se folosesc cel puțin 2 și cel mult 4 culori de lână. Precizați câte modalități de combinare a culorilor există pentru a tricota un pulover norvegian frumos, având la dispoziție 5 ghemuri de lână de culori diferite.","N/A","5","12","24","25","48","125","N/A","N/A","N/A","N/A","N/A","N/A","N/A","N/A","N/A","N/A","N/A","N/A"
"Varianta 5","5.1.","Dual","Precizați care dintre următoarele expresii are valoarea $\mathbf{1} /$ true dacă şi numai dacă numărul natural nenul memorat în variabila $\mathbf{x}$ nu este divizibil cu 6 .","N/A","x / 6==0","x==6","x \%==0","x / 6>0","x \% 2+x \% 3>0","x>6","x / 6==0","x==6","x \%==0","x / 6>0","x \% 2+x \% 3>0","x>6","x div 6=0","x=6","x mod 6=0","x / 6>0","x mod 2+x mod 3>0","x>6"
"Varianta 5","5.2.","Dual","Precizațic care dintre următoarele instrucțiuni este corectă dacă variabilele $\mathbf{x}, \mathbf{y}$ și $\mathbf{z}$ au declarările de mai jos:
\begin{verbatim}
Limbajul C++/ Limbajul C
float x;
int y, z;
Limbajul Pascal
x : real;
y,z: integer;
\end{verbatim}","N/A","x = x *y\%z;","x=z \% y* x;","x=x\%y*z;","x=x* z \% x;","x=x \% z;","y=z \% x;","x = x *y\%z;","x=z \% y* x;","x=x\%y*z;","x=x* z \% x;","x=x \% z;","y=z \% x;","x:=x*y mod z;","x:=z mod y* x;","x:=xmod y*z;","x:=x*z mod \x;","x:=x mod z;","y:=z mod x ;"
"Varianta 5","5.3.","Single","Precizați ce valoare se va afişa pe ecran în urma executării secvenței de program următoare, ştiind că s este o variabilă care memorează un şir de caractere, iar i este o variabilă de tip întreg.
\begin{verbatim}
Limbajul C++/ Limbajul C
strcpy(s,""admitere"");
for(i=0;i<strlen(s);i++)
    if(strchr(""politehnica"",s[i]))
        strcpy(s+i,s+i+1);
cout<<s; | printf(""%s"",s);
\end{verbatim}
\begin{verbatim}
Limbajul Pascal
s:='admitere';
for i:=1 to length(s) do
    if pos(s[i],'politehnica')>0 then
        delete(s,i,1);
write(s);
\end{verbatim}","N/A","dmt","dm","dmtr","dmr","mt","mrt","N/A","N/A","N/A","N/A","N/A","N/A","N/A","N/A","N/A","N/A","N/A","N/A"
"Varianta 5","5.4.","Single","Precizați care dintre următoarele afirmații este adevărată pentru orice graf neorientat $\mathbf{G}$ format din 100 de noduri și 100 de muchii.","N/A","Graful G nu este conex","Graful G este conex","Graful G este complet","Graful G conține cel puțin un ciclu","Graful G nu are noduri izolate","Graful G conține un lanț elementar de lungime 100","N/A","N/A","N/A","N/A","N/A","N/A","N/A","N/A","N/A","N/A","N/A","N/A"
"Varianta 5","5.5.","Single","Pentru reprezentarea unui graf orientat $\mathbf{G}$ se utilizează matricea de adiacență. Precizați care este suma elementelor din această matrice dacă graful are 20 de noduri și 30 de arce.","N/A","60","50","40","30","20","10","N/A","N/A","N/A","N/A","N/A","N/A","N/A","N/A","N/A","N/A","N/A","N/A"
"Varianta 5","5.6.","Single","Precizați care este lungimea maximă a unui lanț simplu (lanț în care fiecare muchie apare o singură dată) într-un arbore cu 10 noduri în care fiecare nod are gradul un număr impar.","N/A","9","8","7","6","5","4","N/A","N/A","N/A","N/A","N/A","N/A","N/A","N/A","N/A","N/A","N/A","N/A"
"Varianta 5","5.7.","Dual","Tabloul unidimensional $\mathbf{v}$ conține $\mathbf{n}$ numere întregi numerotate de la 1 la $\mathbf{n}$. Precizați care dintre următoarele secvențe determină înlocuirea primului element din tabloul unidimensional $\mathbf{v} \mathbf{c u}$ cea mai mică valoare care apare în acesta.","N/A","\begin{verbatim}
 for (i=1; i<n; i++)
    if(v[i]>v[i+1])
    {
        $a=v[i]$;
        v[i]=v[i+1];
        v[i+1]=a;
    }
\end{verbatim}","\begin{verbatim}
for(i=n-1; i>=1; i--)
    if (v[i]>v[i+1])
    {
        a=v[i];
        v[i]=v[i+1];
        v[i+1]=a ;
    }
\end{verbatim}","\begin{verbatim}
for(i=n-1; i>=1; i--)
    if(v[i]<v[i+1])
    {
        a=v[i];
        v[i]=v[i+1];
        v[i+1]=a;
    }
\end{verbatim}","\begin{verbatim} 
for (i=1; i<=n-1; i++)
    if(v[i]<v[i+1])
    {
        a=v[i];
        v[i]=v[i+1];
        v[i+1]=a;
    }
\end{verbatim}","\begin{verbatim}
for (i=n-1; i>=1; i--)
    if (v[i]<v[i+1])
    {
        a=v[i+1];
        v[i]=v[i+1];
        v[i+1]=a ;
    }
\end{verbatim}","\begin{verbatim}
for (i=1; i<=n-1; i++)
    if(v[i]<v[i+1])
    {
        a=v[i+1];
        v[i]=v[i+1];
        v[i+1]=a;
    }
\end{verbatim}","\begin{verbatim}
 for (i=1; i<n; i++)
    if(v[i]>v[i+1])
    {
        $a=v[i]$;
        v[i]=v[i+1];
        v[i+1]=a;
    }
\end{verbatim}","\begin{verbatim}
for(i=n-1; i>=1; i--)
    if (v[i]>v[i+1])
    {
        a=v[i];
        v[i]=v[i+1];
        v[i+1]=a ;
    }
\end{verbatim}","\begin{verbatim}
for(i=n-1; i>=1; i--)
    if(v[i]<v[i+1])
    {
        a=v[i];
        v[i]=v[i+1];
        v[i+1]=a;
    }
\end{verbatim}","\begin{verbatim} 
for (i=1; i<=n-1; i++)
    if(v[i]<v[i+1])
    {
        a=v[i];
        v[i]=v[i+1];
        v[i+1]=a;
    }
\end{verbatim}","\begin{verbatim}
for (i=n-1; i>=1; i--)
    if (v[i]<v[i+1])
    {
        a=v[i+1];
        v[i]=v[i+1];
        v[i+1]=a ;
    }
\end{verbatim}","\begin{verbatim}
for (i=1; i<=n-1; i++)
    if(v[i]<v[i+1])
    {
        a=v[i+1];
        v[i]=v[i+1];
        v[i+1]=a;
    }
\end{verbatim}","\begin{verbatim}
for $i:=1$ to $n-1$ do
    if v[i]>v[i+1] then
        begin
            a:=v[i];
            v[i]:=v[i+1];
            v[i+1]:=a;
        end;
\end{verbatim}","\begin{verbatim}
for i:=n-1 downto 1 do
    if v[i]>v[i+1] then
        begin
            a:=v[i];
            v[i]:=v[i+1];
            v[i+1]:=a;
        end;
\end{verbatim}","\begin{verbatim}
for i:=n-1 downto 1 do
    if v[i]<v[i+1] then
        begin
            a:=v[i];
            v[i]:=v[i+1];
            v[i+1]:=a;
        end;
\end{verbatim}","\begin{verbatim}
for i:=1 to n-1 do
    if v[i]<v[i+1] then
        begin
            a:=v[i];
            v[i]:=v[i+1];
            v[i+1]:=a;
        end;
\end{verbatim}","\begin{verbatim}
for i:=n-1 downto 1 do
    if v[i]<v[i+1] then
        begin
            a:=v[i+1];
            v[i]:=v[i+1];
            v[i+1]:=a;
        end;
\end{verbatim}","\begin{verbatim}
for i:=1 to n-1 do
    if v[i]<v[i+1] then
        begin
            a:=v[i+1];
            v[i]:=v[i+1]'
            v[i+1]:=a;
        end;
\end{verbatim}"
"Varianta 5","5.8.","Single","Precizați pentru care dintre următoarele tablouri unidimensionale se poate aplica algoritmul căutării binare cu scopul de a găsi în mod eficient, dacă există, numere care au cifra unităților egală cu o valoare x , dată.","N/A","(1,21,13,23,33,17,27)","(1,13,17,21,23,27,33)","(1,13,33,17,21,23,27)","(33,27,23,21,17,13,1)","(1,13,33,21,23,27,17)","(33,27,23,21,13,1,17)","N/A","N/A","N/A","N/A","N/A","N/A","N/A","N/A","N/A","N/A","N/A","N/A"
"Varianta 5","5.9.","Dual","În secvenţa de mai jos, variabila a memorează un tablou bidimensional cu 4 linii şi 4 coloane, numerotate de la 1 la 4, cu elementele întregi. Variabila s este întreagă, iar i este de tip întreg. Precizați care dintre instrucţiunile de mai jos poate înlocui punctele de suspensie, astfel încât secvența să determine memorarea în variabila s, a valorii sumei elementelor aflate pe prima și ultima coloană ale matricei.
\begin{verbatim}
Limbajul C++/ Limbajul C
s=0;
for (i=1;i<=4;i++)....
Limbajul Pascal
s:=0;
for i:=1 to 4 do .....
\end{verbatim}","N/A","s=s+a[4][i]+a[i][4];","s=s+a[4-i][4]+a[i][1];","s=s+a[i][1]+a[i][4];","s=s+a[i][i]+a[1][i] ;","s=s+a[1][i]+a[4][i];","s=s+a[i][i]+a[5-i][i];","s=s+a[4][i]+a[i][4];","s=s+a[4-i][4]+a[i][1];","s=s+a[i][1]+a[i][4];","s=s+a[i][i]+a[1][i] ;","s=s+a[1][i]+a[4][i];","s=s+a[i][i]+a[5-i][i];","s:=s+a[4, i]+a[i, 4];","s:=s+a[4-i, 4]+a[i, 1];","s:=s+a[i, 1]+a[i, 4];","s:=s+a[i, i]+a[1, i];","s:=s+a[1, i]+a[4, i];","s:=s+a[i, i]+a[5-i, i];"
"Varianta 5","5.10.","Single","Utilizând metoda backtracking se generează toate anagramele cuvântului avion. Precizați câte anagrame încep și se termină cu câte o consoană.","N/A","6","12","20","36","38","40","N/A","N/A","N/A","N/A","N/A","N/A","N/A","N/A","N/A","N/A","N/A","N/A"
"Varianta 5","5.11.","Single","Subprogramul $\mathbf{f}$ are definiţia următoare. Dacă variabilele a și b sunt de tip întreg și memorează valorile 3 respectiv 5 , precizați care vor fi valorile pe care le memorează variabilele a și b după apelul:
\begin{verbatim}
f(a,b); (Limbajul Pascal/C++)
f(a, &b); (Limbajul C)
\end{verbatim}
\begin{verbatim}
Limbajul C++
void f(int x,int &y)
    {int aux;
        aux=x; x=y;
        y=aux;
    }
Limbajul C
void f(int x,int *y)
    {int aux;
        aux=x; x=*y;
        *y=aux;
    }
Limbajul Pascal
    procedure f(x:integer;var y:integer);
        var aux:integer;
    begin
            aux:=x; x:=y; y:=aux;
    end;
\end{verbatim}","N/A","3 și 3","4 și 3","5 și 5","3 și 5","3 și 4","5 și 3","N/A","N/A","N/A","N/A","N/A","N/A","N/A","N/A","N/A","N/A","N/A","N/A"
"Varianta 5","5.12.","Dual","Considerăm declararea următoare, folosită pentru a memora numărătorul și numitorul unei fracții. Precizați care dintre instrucțiunile de mai jos este corectă.
\begin{verbatim}
Limbajul C++/ Limbajul C
typedef struct
    { int a, b; }fractie;
fractie m,n;
\end{verbatim}
\begin{verbatim}
Limbajul Pascal
type fractie=record
        a,b:integer;
    end;
var m,n:fractie;
\end{verbatim}","N/A","m=n;","if (m>n) m++;","if (m==n) m--;","if (m<=n) m=n;","if (m!=n) m--;","if (m>n) m=n;","m=n;","if (m>n) m++;","if (m==n) m--;","if (m<=n) m=n;","if (m!=n) m--;","if (m>n) m=n;","m:=n;","if (m>n) then m:=m+1;","if (m=n) then m:=m-1;","if (m<=n) then m:=n;","if (m<>n) then m:=m-1;","if (m>n) then m:=n;"
"Varianta 5","5.13.","Single","Precizați care este numărul de grafuri orientate distincte formate din 3 noduri și $\mathbf{4}$ arce. Două grafuri sunt distincte dacă au matricea de adiacență diferită.","N/A","32","30","20","16","15","9","N/A","N/A","N/A","N/A","N/A","N/A","N/A","N/A","N/A","N/A","N/A","N/A"
"Varianta 5","5.14.","Dual","Precizați care este instrucţiunea prin care variabilei $\mathbf{y}$ i se atribuie numărul obținut prin inversarea ordinii cifrelor numărului natural format din exact 2 cifre, memorat în variabila întreagă $\mathbf{x}$.","N/A","y=x/10*10+x\%100;","y=x\%10+x/10;","y=x/10*10+x\%10;","y=x\%100/10;","y=x*10\%100+x/10;","y=x\%10/10;","y=x/10*10+x\%100;","y=x\%10+x/10;","y=x/10*10+x\%10;","y=x\%100/10;","y=x*10\%100+x/10;","y=x\%10/10;","y:=x div 10*10+x mod 100;","y:=x mod 10 +x div 10;","y:=x div 10*10+x mod 10;","y:=x mod 100 div 10;","y:=x*10 mod 100+x div 10;","y:=x mod 10 div 10;"
"Varianta 5","5.15.","Single","Fie $\mathbf{G}$ un graf neorientat complet cu 100 de noduri. Precizați care dintre următoarele afirmații este adevarată:","N/A","În graful G există un lanț elementar de lungime 100","Graful g este un graf hamiltonian","Graful g este un graf eulerian","Graful g nu este conex","Graful g are 900 de muchii","Graful G are două componente conexe","N/A","N/A","N/A","N/A","N/A","N/A","N/A","N/A","N/A","N/A","N/A","N/A"
"Varianta 6","6.1.","Single","Precizați care este valoarea maximă pe care o poate avea expresia de mai jos în care $\mathbf{x}$ este $o$ variabilă de tip întreg.
\begin{verbatim}
Limbajul C++/ Limbajul C
2 * x % 10 * 2 % 10
Limbajul Pascal
2 * x mod 10 * 2 mod 10
\end{verbatim}","N/A","9","8","7","0","10","20","N/A","N/A","N/A","N/A","N/A","N/A","N/A","N/A","N/A","N/A","N/A","N/A"
"Varianta 6","6.2.","Dual","Variabilele întregi a şi b memorează câte un număr natural nenul. Precizați care dintre următoarele expresii are valoarea true/1 dacă și numai dacă valorile memorate de a și b au aceeași paritate.","N/A","a==b","a \% 2==0 \&\& b \% 2==0","(a+b) \% 2==0","a * b \% 2==0","a \% b==2","a / b==2","a==b","a \% 2==0 \&\& b \% 2==0","(a+b) \% 2==0","a * b \% 2==0","a \% b==2","a / b==2","a=b","(a mod 2=0) and (b mod 2=0)","(a+b) mod 2 = 0","a*b mod 2=0","a mod b=2","a div b = 2"
"Varianta 6","6.3.","Single","Precizați ce se afişează în urma executării secvenţei de program de mai jos, dacă variabilele a și b pot memora câte un şir de cel mult 100 de caractere.
\begin{verbatim}
Limbajul C++/ Limbajul C
strcpy (a,""matematica"");
strcpy (b, strstr(a,""ema"") +2) ;
strcat(b,strchr(a,a[3])+1);
cout<<b; | printf(""%s"",b);
\end{verbatim}
\begin{verbatim}
Limbajul Pascal
a:='matematica';
b:=copy(a,pos('ema',a)+2,length(a));
b:=b+copy (a,pos (a [4],a) +1, length (a));
write(b);
\end{verbatim}","N/A","aticamatica","maticamatica","maticaatica","matica","matematica","atica","N/A","N/A","N/A","N/A","N/A","N/A","N/A","N/A","N/A","N/A","N/A","N/A"
"Varianta 6","6.4.","Single","Fie un graf neorientat complet cu 10 noduri. Precizați care este numărul minim de muchii care trebuie eliminate astfel încât graful parțial obținut să nu fie conex.","N/A","1","9","8","7","6","5","N/A","N/A","N/A","N/A","N/A","N/A","N/A","N/A","N/A","N/A","N/A","N/A"
"Varianta 6","6.5.","Single","Precizați care dintre următoarele ș̦iruri de grade corespund unui graf neorientat cu 6 noduri.","N/A","(1,2,3,4,5,6)","(0,1,2,3,4,5)","(0,1,0,1,0,1)","(1,2,2,1,2,2)","(1,1,1,1,1,2)","(1,2,2,1,1,2)","N/A","N/A","N/A","N/A","N/A","N/A","N/A","N/A","N/A","N/A","N/A","N/A"
"Varianta 6","6.6.","Single","Precizați care este numărul maxim de frunze ce apar într-un arbore cu 17 de noduri, dacă fiecare nod are gradul mai mic sau egal cu 4.","N/A","11","12","13","14","15","16","N/A","N/A","N/A","N/A","N/A","N/A","N/A","N/A","N/A","N/A","N/A","N/A"
"Varianta 6","6.7.","Single","Graful orientat G are 10 noduri și 12 arce. Precizați care este cel mai mare grad exterior al unui nod din acest graf, dacă G este tare conex.","N/A","12","3","10","4","5","6","N/A","N/A","N/A","N/A","N/A","N/A","N/A","N/A","N/A","N/A","N/A","N/A"
"Varianta 6","6.8.","Single","Se consideră un tablou bidimensional a cu n linii şi n coloane, numerotate de la 1 la $n, \mathrm{cu}$ elemente numere întregi. Precizați ce reprezintă valoarea variabilei întregi $\mathbf{x}$, după executarea secvenței de program de mai jos.
\begin{verbatim}
Limbajul C++/ Limbajul C
x=0;
for(i=1;i<=n;i++) x=x+a[i][n-i+1];
Limbajul Pascal
x:=0; 
for i:=1 to n do x:=x+a[i,n-i+1];
\end{verbatim}","N/A","suma elementelor de pe diagonala principală a tabloului a","suma elementelor de pe diagonala secundară a tabloului a","suma elementelor tabloului a","suma elementelor situate pe ultima coloană a tabloului a","suma elementelor situate pe prima coloană a tabloului a","suma elementelor situate pe ultima linie a tabloului a","N/A","N/A","N/A","N/A","N/A","N/A","N/A","N/A","N/A","N/A","N/A","N/A"
"Varianta 6","6.9.","Single","Se consideră secvența alăturată în care A este un tablou bidimensional cu cinci linii şi cinci coloane, numerotate de la 1 la 5, iar $\mathbf{x}$ și i sunt variabile de tip întreg. Ştiind că orice element al tabloului este inițial egal cu numărul de ordine al liniei pe care se află, precizaţi care este valoarea variabilei $\mathbf{x}$ după executarea secvenței de mai jos?
\begin{verbatim}
Limbajul C++/ Limbajul C
x=0;
for(i=1;i<=5;i++)
    if(i%2==0) x=x+A[i-1][i];
\end{verbatim}
\begin{verbatim}
Limbajul Pascal
x:=0;
for i:=1 to 5 do
    if ( i mod 2 = 0) then x:=x+A[i-1,i];
\end{verbatim}","N/A","25","4","15","5","30","3","N/A","N/A","N/A","N/A","N/A","N/A","N/A","N/A","N/A","N/A","N/A","N/A"
"Varianta 6","6.10.","Single","Problema generării tuturor numerelor formate din exact trei cifre nenule, cu toate cifrele distincte două câte două, este similară cu generarea:","N/A","aranjamentelor","permutărilor","elementelor produsului cartezian","tuturor submultimilor unei mulțimi","combinărilor","partițiilor unei mulțimi","N/A","N/A","N/A","N/A","N/A","N/A","N/A","N/A","N/A","N/A","N/A","N/A"
"Varianta 6","6.11.","Single","O delegație formată din patru elevi ai unei grupe trebuie să participe la o conferință. Știind că în grupă sunt $\mathbf{9}$ elevi, dintre care cinci sunt fete, precizați care este numărul posibilităț̦ilor de a forma delegația care va participa la conferință, dacă aceasta trebuie să fie alcătuită din doi băieți și două fete.","N/A","20","45","180","60","90","120","N/A","N/A","N/A","N/A","N/A","N/A","N/A","N/A","N/A","N/A","N/A","N/A"
"Varianta 6","6.12.","Single","Fie un șir format din 10000 de numere naturale, fiecare având cel mult 9 cifre. Precizați care dintre următorii algoritmi efectuează un număr minim de pași.","N/A","ordonarea crescătoare a elementelor din șir","numărarea elementelor prime din șir","determinarea elementului maxim din șir","verificarea unicității tuturor elementelor din șir","generarea tuturor permutărilor elementelor din șir","suma elementelor care apar de exact două ori în șir","N/A","N/A","N/A","N/A","N/A","N/A","N/A","N/A","N/A","N/A","N/A","N/A"
"Varianta 6","6.13.","Single","În declararea alăturată, câmpurile $\mathbf{x}$ şi $\mathbf{y}$ ale înregistrării pot memora coordonatele carteziene ale unui punct din planul $x O y$. Precizați care dintre următoarele expresii are valoarea true/1 dacă şi numai dacă punctul P este situat în cadranul I sau III, dar nu și pe axe.
\begin{verbatim}
Limbajul C++/ Limbajul C
typedef struct
    {
        float x,y;
    } punct;
punct p;
\end{verbatim}
\begin{verbatim}
Limbajul Pascal
type punct=record
    x,y:real;
    end;
var p:punct;
\end{verbatim}","N/A","p.x*p.y>0","p.x>p.y","p.x*p.y>=0","x.p*y.p>0","x.p*y.p>0","p.x+p.y>=0","N/A","N/A","N/A","N/A","N/A","N/A","N/A","N/A","N/A","N/A","N/A","N/A"
"Varianta 6","6.14.","Single","Precizați care este suma maximă a elementelor care apar într-un tablou unidimensional cu legături „de tip tată"", asociat unui arbore cu rădăcină format din 10 noduri, etichetate cu numere de la 1 la 10 .","N/A","100","90","81","45","80","60","N/A","N/A","N/A","N/A","N/A","N/A","N/A","N/A","N/A","N/A","N/A","N/A"
"Varianta 6","6.15.","Single","Subprogramul f are definiţia de mai jos. Dacă variabila a este de tip întreg și memorează valorarea 3, precizați care va fi valorea pe care o memorează aceeași variabilă a, după apelul $f(a, a)$; (limbajul Pascal/C++), respectiv $f(&a, &a)$; (în limbajul C).
\begin{verbatim}
Limbajul C++
void f(int &x,int &y)
{
    x=1;
    x=x+y;
}
Limbajul C
void f(int *x, int *y)
{
   *x=1;
   *x=*x+*y;
}
Limbajul Pascal
procedure f(var x,y: integer);
begin
x:=1;
x:=x+y;
end;
\end{verbatim}","N/A","1","2","3","4","5","6","N/A","N/A","N/A","N/A","N/A","N/A","N/A","N/A","N/A","N/A","N/A","N/A"
"Varianta 7","7.1.","Dual","Indicaţi care dintre expresiile $\mathrm{C}++/ \mathrm{C} /$ Pascal de mai jos are valoarea true/1 dacă și numai dacă numărul memorat în variabila întreagă x aparţine reuniunii de intervale:
$[-4,-1] \cup[1,4] \cup[10, \infty)$.","N/A","x>= -4 \&\& x<= -1 \&\& x>=1 \&\& x<=4 \&\& x>=10","!(x<-4 \|\| x>-1) \|\| !(x<1 \|\| x>4) \|\| !(x<10)","x>= -4 \|\| x<=-1 \|\| x>=1 \|\| x<=4 \|\| x>=10","!(x<-4 \&\& x>4 \&\& x>-1 \|\| x<1 \&\& x>=10)","!(x<-4 \|\| x>-1) \&\& !(x<1 \|\| x>4) \|\| !(x<10)","!(x<-4 \|\| x>-1) \&\& !(x<1 \|\| x>4) \&\& !(x<10)","x>= -4 \&\& x<= -1 \&\& x>=1 \&\& x<=4 \&\& x>=10","!(x<-4 \|\| x>-1) \|\| !(x<1 \|\| x>4) \|\| !(x<10)","x>= -4 \|\| x<=-1 \|\| x>=1 \|\| x<=4 \|\| x>=10","!(x<-4 \&\& x>4 \&\& x>-1 \|\| x<1 \&\& x>=10)","!(x<-4 \|\| x>-1) \&\& !(x<1 \|\| x>4) \|\| !(x<10)","!(x<-4 \|\| x>-1) \&\& !(x<1 \|\| x>4) \&\& !(x<10)","(x>= -4) and (x<= -1) and ( x>=1) and (x<=4) and (x>=10)","not((x<-4) or ( x>-1)) or not((x<1)or (x>4)) or not(x<10)","(x>= -4) or (x<=-1) or (x>=1) or (x<=4) or (x>=10)","not((x<-4) and (x>4) and (x>-1) or (x<1) and (x>=10))","not((x<-4) or ( x>-1)) and not((x<1)or (x>4)) or not(x<10)","not((x<-4) or ( x>-1)) and not((x<1)or (x>4)) and not(x<10)"
"Varianta 7","7.2.","Dual","Indicați expresia $\mathrm{C}++/ \mathrm{C} /$ Pascal care are valoarea true /1:","N/A","floor(5)+1 == ceil(5)","floor(5.49) == ceil(5.49)","floor(5.19) == floor(5.91)","floor(5.91) == ceil(5.19)","floor(sqrt(8))==ceil(sqrt(8))","sqrt(4) == pow(4,2)","floor(5)+1 == ceil(5)","floor(5.49) == ceil(5.49)","floor(5.19) == floor(5.91)","floor(5.91) == ceil(5.19)","floor(sqrt(8))==ceil(sqrt(8))","sqrt(4) == pow(4,2)","trunc(5)+1 = round(5)","trunc(5.19) = round(5.91)","trunc(5.19) = trunc(5.91)","round(5.91) = round(5.19)","round(sqrt(8))=trunc(sqrt(8))","sqrt(4) = sqr(4)"
"Varianta 7","7.3.","Single","Se consideră două tablouri unidimensionale $A$ şi $B$. Știind că $A=(7,10,12,18,20)$, iar în urma interclasării tablourilor A şi B, în ordine descrescătoare, se obține tabloul cu elementele $(46,20,18,17,12,10,10,7,4,3)$. Atunci tabloul B poate fi:","N/A","(3,4,17,46)","(3,4,10,46)","(3,4,10,17)","(3,4,10,17,46)","(46,17,4,3)","(46,10,4,3)","N/A","N/A","N/A","N/A","N/A","N/A","N/A","N/A","N/A","N/A","N/A","N/A"
"Varianta 7","7.4.","Single","Pentru a verifica dacă într-un tablou unidimensional având elementele $(3,4,7,10,12,17,18,20,46)$ există elementul cu valoarea $\mathbf{x}=17$, se aplică metoda căutării binare. Ştiind că numerotarea elementelor, în tablou, se realizează începând cu poziţia 0 , care este numărul minim de elemente ale tabloului care trebuie verificate pentru a găsi elementul căutat?","N/A","6","2","9","5","3","1","N/A","N/A","N/A","N/A","N/A","N/A","N/A","N/A","N/A","N/A","N/A","N/A"
"Varianta 7","7.5.","Single","Variabila $\mathbf{x}$ este de tip real și poate memora un număr real din intervalul $[32,48]$. Numărul valorilor distincte pe care le poate avea expresia următoare este:
\begin{verbatim}
Limbajul C++/C
floor(sqrt(x+1))
Limbajul Pascal
trunc(sqrt(x+1))
\end{verbatim}","N/A","17","1","0","2","4","3","N/A","N/A","N/A","N/A","N/A","N/A","N/A","N/A","N/A","N/A","N/A","N/A"
"Varianta 7","7.6.","Single","Un grup format din şase prieteni (Andrei, Bogdan, Claudiu, Daniel, Emil, Florin) doreşte să participe la o competiţie de baschet pentru echipe formate din câte trei jucători. Ştiind că echipa Andrei, Bogdan, Claudiu este identică cu echipa Bogdan, Claudiu, Andrei, precizați care este numărul de echipe care se pot forma cu cei şase prieteni.","N/A","2","720","120","20","6","3","N/A","N/A","N/A","N/A","N/A","N/A","N/A","N/A","N/A","N/A","N/A","N/A"
"Varianta 7","7.7.","Single","Fie subprogramul recursiv următor:
\begin{verbatim}
Limbajul C++
void ex(char c)
{ if (c>'a')
            ex(c-1);
        cout<< C;
    if (c>'a')
            ex(c-1);
}
\end{verbatim}
\begin{verbatim}
Limbajul C
void ex(char c)
{ if (c>'a')
            ex(c-1);
        printf(""%c"", c);
    if (c>'a')
            ex(c-1);
}
\end{verbatim}
\begin{verbatim}
Limbajul Pascal
procedure ex(c:char)
begin
    if (c>'a') then
ex(pred(c));
        write(c);
        if (c>'a') then
ex(pred(c));
end;
\end{verbatim}
Indicați numărul de autoapeluri ale subprogramului dacă se apelează ex (' c' ) :","N/A","0","1","7","3","6","5","N/A","N/A","N/A","N/A","N/A","N/A","N/A","N/A","N/A","N/A","N/A","N/A"
"Varianta 7","7.8.","Dual","Într-un program $\mathrm{C}++/ \mathrm{C} /$ Pascal în care a este o variabilă de tip întreg, se citesc datele din fişierul ""admitere.dat"" utilizând următoarea instruç̧iune:
\begin{verbatim}
Limbajul C++
f>>a;
Limbajul C
fscanf(f, ""%d"", &a);
Limbajul Pascal
readln(f, a);
\end{verbatim}
Precizaţi care este forma corectă a instrucţiunii ce are ca efect închiderea fişierului utilizat:","N/A","close(f) | fclose(admitere);","close(admitere) | close(admitere);","admitere.close() | close(f);","close.admitere | admitere(close);","close.f | close.f;","f.close() | fclose(f);","close(f) | fclose(admitere);","close(admitere) | close(admitere);","admitere.close() | close(f);","close.admitere | admitere(close);","close.f | close.f;","f.close() | fclose(f);","f.close();","admitere.close();","close(admitere);","admitere(close);","close.f;","close(f);"
"Varianta 7","7.9.","Single","Se consideră următoarea secvență de instrucțiuni:
\begin{verbatim}
Limbajul C++ 
char cif; int cifra; 
cin>>cif;    
cifra = cif – '0'; 
cout<< cifra;
Limbajul C
char cif; int cifra; 
scanf(""%c"", &cif); 
cifra = cif-'0'; 
printf (""%d"", cifra);
\end{verbatim}
\begin{verbatim}
Limbajul Pascal
var cif: char;
    cifra: integer;
begin
    read(cif);
cifra:=ord(cif) -ord('0');
    write (cifra);
end.
\end{verbatim}
Precizați ce se afişează după executarea acestei secvenţe dacă, în urma operaţiei de citire, variabila cif conține caracterul ' 9 '.","N/A","\begin{verbatim}
instrucţiunea de atribuire
cifra:=ord(cif)-ord('0');
{Pascal}
    cifra = cif - '0'; //C++/C
        este incorectă
\end{verbatim}","'9'","9","0","'O'","57","N/A","N/A","N/A","N/A","N/A","N/A","N/A","N/A","N/A","N/A","N/A","N/A"
"Varianta 7","7.10.","Single","Variabila c definită mai jos, memorează codul, cele două note obținute la probele matematică şi informatică din cadrul concursului de admitere la Facultatea de Automatică şi Calculatoare, precum şi media obţinută la examenul de bacalaureat pentru un candidat.
\begin{verbatim}
Limbajul C++
typedef struct      {  
 unsigned  cod; 
 float p1, p2;  
 float medbac; 
}candidat ; 
candidat c;
Limbajul C
typedef struct {  
 unsigned  cod; 
 float p1, p2;  
 float medbac; 
}candidat; 
candidat c;
Limbajul Pascal
type candidat=record
            cod: word;
        p1, p2: real;
        medbac: real;
                end;
var c: candidat;
\end{verbatim}
Precizaţi care este expresia corectă ce poate fi utilizată pentru a verifica dacă un candidat îndeplineşte baremul minim de admitere (media de admitere este minimum 5):","N/A","(p1+p2)/2*0.8 + medbac*0.2 >= 5.0","(candidat.p1 + candidat.p2)*0.8 + candidat.medbac*0.2 >= 5.0","(candidat.c.p1 + candidat.c.p2)*0.8 + candidat.c.medbac*0.2 >= 5.0","(c.p1 + c.p2)/2*0.8 + c.medbac*0.2 >= 5.0","((candidat.p1 + candidat.p2)*0.8 + candidat.medbac*0.2) >= 5.0","80/100*(c.p1 + c.p2)/2+ 20/100*c.medbac >= 5.0","N/A","N/A","N/A","N/A","N/A","N/A","N/A","N/A","N/A","N/A","N/A","N/A"
"Varianta 7","7.11.","Trio","Precizaţi care este antetul corect al unui subprogram (definit de utilizator) care returnează prima şi ultima cifră a unui număr natural $n$, fără a permite modificarea parametrului $n$.","N/A","unsigned cifre (unsigned n)","unsigned cifre (unsigned n, unsigned prim, unsigned ult)","void cifre (unsigned n, unsigned prim, unsigned ult)","void cifre (unsigned n, unsigned \&prim, unsigned \&ult)","void cifre (unsigned \& n, unsigned \&prim, unsigned \&ult)","void cifre (unsigned \& n)","unsigned cifre (unsigned n)","unsigned cifre (unsigned n, unsigned prim, unsigned ult)","void cifre (unsigned n, unsigned prim, unsigned ult)","void cifre (unsigned n, unsigned *prim, unsigned *ult)","void cifre (unsigned *n, unsigned *prim, unsigned *ult)","void cifre (unsigned *n)","function cifre ( n : longint) : byte;","function cifre ( n : longint; prim,ult: byte): byte;","procedure cifre (n: longint; prim,ult: byte);","procedure cifre ( n : longint; var prim,ult: byte);","procedure cifre (var n: longint; var prim,ult: byte);","procedure cifre (var n: longint);"
"Varianta 7","7.12.","Single","Precizați care sunt numărul maxim, respectiv numărul minim de componente conexe pentru un graf neorientat cu 16 noduri şi 16 muchii?","N/A","1 şi 1","11 şi 2","2 şi 1","16 şi 1","11 şi 1","10 şi 1","N/A","N/A","N/A","N/A","N/A","N/A","N/A","N/A","N/A","N/A","N/A","N/A"
"Varianta 7","7.13.","Single","Precizați care sunt numărul minim și numărul maxim de arce ale unui graf orientat tare conex cu 15 vârfuri.","N/A","14 și 105","15 și 105","15 și 210","14 și 210","15 şi 15","14 și 15","N/A","N/A","N/A","N/A","N/A","N/A","N/A","N/A","N/A","N/A","N/A","N/A"
"Varianta 7","7.14.","Single","Dacă $\mathbf{G}$ este un graf neorientat eulerian cu 10 noduri și 16 muchii, iar lista de adiacență a fiecărui nod din $\mathbf{G}$ este formată din cel puțin un element, precizați care dintre afirmațiile de mai jos sunt întotdeauna adevărate.
\begin{verbatim}
1.  G este conex  
2.  G are cel puțin un nod de grad egal cu 2  
3.  G este hamiltonian  
4.  G nu poate conține cicluri elementare de lungime 3. 
\end{verbatim}","N/A","toate","niciuna","1, 2, 3","2, 3","3, 4","1, 2","N/A","N/A","N/A","N/A","N/A","N/A","N/A","N/A","N/A","N/A","N/A","N/A"
"Varianta 7","7.15.","Single","Un arbore binar este un arbore cu rădăcină în care orice nod are cel mult doi fii. Înălțimea unui arbore binar este dată de lungimea celui mai lung lanţ elementar care are una dintre extremităţi în rădăcină şi cealaltă în oricare dintre frunze. Numărul maxim de noduri dintr-un arbore binar de înălțime 5 este:","N/A","31","15","32","63","64","6","N/A","N/A","N/A","N/A","N/A","N/A","N/A","N/A","N/A","N/A","N/A","N/A"
"Varianta 8","8.1.","Dual","Indicaţi care dintre expresiile $\mathrm{C}++/ \mathrm{C} /$ Pascal de mai jos are valoarea true/1, dacă și numai dacă numărul memorat în variabila întreagă $\mathbf{x ~ n u}$ aparţine reuniunii de intervale:
$[-4,-1] \cup[1,4] \cup[10, \infty)$.","N/A","!((x>=-4 && x<=-1)&&(x>=1 && x<=4)&&(x>=10))","(x<-4 || x>-1) || (x<1 || x>4) || (x<10)","(x<-4 && x>-1) || (x<1 && x>4) || (x<10)","!(x<-4 && x>4 && x>-1 || x<1 && x>=10)","!((x>=-4 && x<=-1)||(x>=1 && x<=4)||(x>=10))","!(x>=-4 && x<=-1)||!(x>=1 && x<=4)||!(x>=10)","!((x>=-4 && x<=-1)&&(x>=1 && x<=4)&&(x>=10))","(x<-4 || x>-1) || (x<1 || x>4) || (x<10)","(x<-4 && x>-1) || (x<1 && x>4) || (x<10)","!(x<-4 && x>4 && x>-1 || x<1 && x>=10)","!((x>=-4 && x<=-1)||(x>=1 && x<=4)||(x>=10))","!(x>=-4 && x<=-1)||!(x>=1 && x<=4)||!(x>=10)","not((x>=-4 and x<=-1)and(x>=1 and x<=4)and(x>=10))","(x<-4 or x>-1) or (x<1 or x>4) or (x<10)","(x<-4 and x>-1) or (x<1 and x>4) or (x<10)","not(x<-4 and x>4 and x>-1 or x<1 and x>=10)","not((x>=-4 and x<=-1)or(x>=1 and x<=4)or(x>=10))","not(x>=-4 and x<=-1)or not(x>=1 and x<=4)or not(x>=10)"
"Varianta 8","8.2.","Dual","O expresie C++/C/Pascal care are valoarea true /1 este:","N/A","floor(5)+1 == ceil(5)","floor(5.49) == ceil(5.49)","floor(5.19) == floor(5.91)","floor(5.91) == ceil(5.91)","floor(sqrt(8))==ceil(sqrt(8))","sqrt(4) == pow(4,2)","floor(5)+1 == ceil(5)","floor(5.49) == ceil(5.49)","floor(5.19) == floor(5.91)","floor(5.91) == ceil(5.91)","floor(sqrt(8))==ceil(sqrt(8))","sqrt(4) == pow(4,2)","trunc(5)+1=round(5)","trunc(5.19)=round(5.91)","trunc(5.19)=trunc(5.91)","trunc(5.91)=round(5.91)","round(sqrt(8))=trunc(sqrt(8))","sqrt(4) = sqr(4)"
"Varianta 8","8.3.","Single","Pentru a verifica dacă într-un tablou unidimensional există elementul cu valoarea $\mathbf{x}=1 \mathbf{1 7}$, se aplică metoda căutării binare, iar succesiunea de elemente ale tabloului a căror valoare se compară cu valoarea lui $\mathbf{x}$, pe parcursul aplicării metodei indicate, este: $12,18,17$. Numerotarea elementelor, în tablou, se realizează începând cu poziţia 0 . Elementele tabloului pot fi (în ordinea în care apar în tablou):","N/A","(3,4,7,12,15,17,18,20)","(3,7,8,10,12,17,18,20,46)","(4,7,12,17,18,20,46)","(3,4,7,10,12,18,17,20)","(3,7,8,10,12,17,18,20)","(3,4,7,10,12,17,18,20,46)","N/A","N/A","N/A","N/A","N/A","N/A","N/A","N/A","N/A","N/A","N/A","N/A"
"Varianta 8","8.4.","Single","Se consideră două tablouri unidimensionale A şi B. Știind că în urma interclasării tablourilor A şi B în ordine descrescătoare se obţine tabloul cu elementele: $(46,20,18,17,12,10,10,7,4,3)$, o variantă corectă pentru valorile celor două tablouri este:","N/A","(3,4,17,46) şi (7,10,12,18,20)","(7,10,12,18) şi (46,17,4,3)","(3,4,10,46) şi (7,10,12,18,20)","(7,10,12,18,20) şi (46,17,4,3)","(3,4,10,17,46) şi (7,10,12,18,20)","(3,4,17,46) şi (7,10,12,20)","N/A","N/A","N/A","N/A","N/A","N/A","N/A","N/A","N/A","N/A","N/A","N/A"
"Varianta 8","8.5.","Single","Variabila $\mathbf{x}$ este de tip întreg și poate memora un număr natural format din exact două cifre. Indicaţi cea mai mare valoare pe care o poate avea expresia :
\begin{verbatim}
Limbajul C++/ Limbajul C
abs(x/10-x%10)
Limbajul Pascal
abs(x div 10- x mod 10)
\end{verbatim}","N/A","1","10","9","8","5","0","N/A","N/A","N/A","N/A","N/A","N/A","N/A","N/A","N/A","N/A","N/A","N/A"
"Varianta 8","8.6.","Single","O echipă profesionistă de ciclism este alcătuită din 8 sportivi. La fiecare mare tur participă doar cu un lot format din 4 ciclişti. Precizați care este numărul de variante pentru formarea lotului de cicliști ce pot concura la Turul Franței în anul 2020.","N/A","40320","0","1680","70","8","4","N/A","N/A","N/A","N/A","N/A","N/A","N/A","N/A","N/A","N/A","N/A","N/A"
"Varianta 8","8.7.","Single","Fie subprogramul recursiv următor în care $\mathbf{n}$ este un număr natural nenul:
\begin{verbatim}
Limbajul C++/ Limbajul C
unsigned ex(unsigned n)
{ unsigned a;
    if (n == 0) return 9;
    else
            { a= ex(n / 10);
                if ( n % 10<a )
                    return n%10;
            return a;
        }
}
\end{verbatim}
\begin{verbatim}
Limbajul Pascal
function ex(n:longint) : byte;
var a: byte;
begin
    if n=0 then ex:=9
        else begin
            a:= ex(n div 10);
            if n mod 10 < a then
                    ex:= n mod 10
                    else ex:=a;
                end;
end;
\end{verbatim}
Precizați pentru care dintre valorile următoare se va returna un număr impar la apelul funcției ex(n).","N/A","90","98","709","340","512","256","N/A","N/A","N/A","N/A","N/A","N/A","N/A","N/A","N/A","N/A","N/A","N/A"
"Varianta 8","8.8.","Trio","Într-un program $\mathrm{C}++/ \mathrm{C} /$ Pascal, variabila a este de tip întreg, iar datele din fişierul ""candidati.dat"" se citesc utilizând următoarea instrucţiune:
\begin{verbatim}
Limbajul C++
f>>a;
Limbajul C
fscanf(f, ""%d"", &a);
Limbajul Pascal
readln ( f, a);
\end{verbatim}
Precizaţi care este forma corectă a instrucţiunii ce are ca efect închiderea fişierului utilizat:","N/A","close(f);","close(candidati);","candidati.close();","f.close();","close.f;","f(close);","fclose(candidati);","close(candidati);","close(f);","fclose(f);","close.f;","f(close);","f.close();","candidati.close();","close(candidati);","close(f);","f(close);","close(candidati);"
"Varianta 8","8.9.","Single","Se consideră următoarea secvenţă de instrucţiuni:
\begin{verbatim}
Limbajul C++
char cif; int cifra;
cin>>cifra;
cif = cifra + '0';
cout<<cif;
\end{verbatim}
\begin{verbatim}
Limbajul C
char cif; int cifra;
scanf(""%d"", &cifra);
cif = cifra + '0';
printf (""%c"", cif);
\end{verbatim}
Limbajul Pascal
\begin{verbatim}
var cif: char;
    cifra: integer;
begin
    read(cifra);
cif:=chr(cifra+ord('0'));
    write (cif);
end.
\end{verbatim}
Precizați care este valoarea memorată în variabila cif la finalul secvenței dacă, după citire, variabila cifra conţine valoarea 9.","N/A","instrucţiunea de atribuire  
cif:=chr(cifra+ ord('0'));{Pascal} 
 cif = cifra + '0'; //C++/C  este 
incorectă","'9'","9","'0'","0","57","N/A","N/A","N/A","N/A","N/A","N/A","N/A","N/A","N/A","N/A","N/A","N/A"
"Varianta 8","8.10.","Dual","Considerând declarările de mai jos,
\begin{verbatim}
Limbajul C++/ Limbajul C
typedef struct{
    unsigned z, l;}datan;
typedef struct{
        char nume[30];
        char sex;
        datan dn;
}elev;
elev e;
\end{verbatim}
\begin{verbatim}
Limbajul Pascal
type datan=record
        z, l: byte; end;
elev=record
    nume: string[30];
    sex: char;
    dn: datan;
    end;
var e: elev;
\end{verbatim}
Precizați care este expresia corectă pentru a verifica dacă elevul este fată şi este născută în primele zece zile ale lunii iulie:","N/A","e.sex=='F' && e.sex=='f' && e.datan.l==7 && e.datan.z<=10","(elev.sex=='F' || elev.sex=='f') && (elev.dn.l==7 && elev.dn.z<=10)","(e.sex=='F' || e.sex=='f') && (e.dn.l==7 && e.dn.z<10)","(e.sex=='F' && e.sex=='f') && (e.dn.l==7 && e.dn.z<=10)","e.sex=='F' || e.sex=='f' || e.dn.l==7 && e.dn.z<=10","(e.sex=='F' || e.sex=='f') && (e.dn.l==7 && e.dn.z<=10)","e.sex=='F' && e.sex=='f' && e.datan.l==7 && e.datan.z<=10","(elev.sex=='F' || elev.sex=='f') && (elev.dn.l==7 && elev.dn.z<=10)","(e.sex=='F' || e.sex=='f') && (e.dn.l==7 && e.dn.z<10)","(e.sex=='F' && e.sex=='f') && (e.dn.l==7 && e.dn.z<=10)","e.sex=='F' || e.sex=='f' || e.dn.l==7 && e.dn.z<=10","(e.sex=='F' || e.sex=='f') && (e.dn.l==7 && e.dn.z<=10)","(e.sex='F') and (e.sex='f') and (e.datan.l=7) and (e.datan.z<=10)","((elev.sex='F') or (elev.sex='f')) and (elev.dn.l=7) and (elev.dn.z<=10)","((e.sex='F') or (e.sex='f')) and ((e.dn.l=7) and (e.dn.z<10))","((e.sex='F') and (e.sex='f')) and (e.dn.l=7) and (e.dn.z<=10)","((e.sex='F') or (e.sex='f')) or (e.dn.l=7) and (e.dn.z<=10)","((e.sex='F') or (e.sex='f')) and (e.dn.l=7) and (e.dn.z<=10)"
"Varianta 8","8.11.","Trio","Pentru subprogramul următor:
\begin{verbatim}
Limbajul C++/ Limbajul C
unsigned suma( unsigned n)
{ unsigned s=0;
    while(n)
        { s+=n%10;
            n/=10;
        }
    return s;
}
\end{verbatim}
\begin{verbatim}
Limbajul Pascal
function suma(n:longint): byte;
var s: byte;
begin
    s:=0;
    while n<>0 do begin
        s:= s+ n mod 10;
        n:= n div 10;
            end;
suma:=s;
end;
\end{verbatim}
Precizați care dintre variante nu reprezintă o variantă corectă de apel.","N/A","\begin{verbatim}
    if (suma(n) % 2) cout<<”NU”; 
            else cout<<”DA”;
\end{verbatim}","cout<<suma(10945);","cout<<suma(12,12);","cout<<suma(suma(n)+suma(10945));","cout<<suma(n);","sn= suma(n); // sn este o variabilă declarată de tip unsigned","\begin{verbatim}
    if (suma(n) % 2) printf(""NU"");
        else printf(""DA"");
\end{verbatim}","printf(""%d"",suma(10945));","printf(""%d"", suma(12,12));","printf(""%d"",suma(suma(n) +suma(10945)));","printf(""%d"",suma(n));","sn= suma(n); // sn este o variabilă declarată de tip unsigned","\begin{verbatim}
    if suma(n) mod 2 = 0 then write ('DA') 
      else write('NU');
\end{verbatim}","write(suma(10945));","write(suma(12,12));","write(suma(suma(n)+suma(10945)));","write(suma(n));","sn:=suma(n); {sn este o variabilă declarată de tip byte }"
"Varianta 8","8.12.","Single","Precizați care este numărul minim de muchii ale unui graf neorientat cu 16 noduri care are exact două componente conexe, fiecare dintre aceste două componente fiind graf complet.","N/A","15","14","105","55","28","56","N/A","N/A","N/A","N/A","N/A","N/A","N/A","N/A","N/A","N/A","N/A","N/A"
"Varianta 8","8.13.","Single","Se cunosc următoarele informaţii despre matricea de adiacență a unui graf neorientat conex: are 10 linii şi 24 de valori nenule. Precizaţi care este valoarea maximă pe care o poate avea gradul unui nod într-un astfel de graf.","N/A","nu există astfel de graf","12","1","10","9","8","N/A","N/A","N/A","N/A","N/A","N/A","N/A","N/A","N/A","N/A","N/A","N/A"
"Varianta 8","8.14.","Single","Fie graful orientat $G$, definit prin perechea ordonată de mulţimi $X={1,2,3,4,5}$ şi $\mathrm{U}={(1,2),(2,1),(2,3),(3,4),(4,3),(4,1),(4,5),(5,1),(1,5)}$.
Precizați care dintre afirmaţiile următoare nu este adevărată pentru acest graf.","N/A","Graful este conex","Graful este tare conex","Graful are două componente conexe","Graful conţine cel puţin un drum elementar de lungime 4.","Graful nu conţine vârfuri izolate (vârf izolat = vârf care nu este adiacent cu alt vârf)","Graful conţine cel puţin un circuit elementar.","N/A","N/A","N/A","N/A","N/A","N/A","N/A","N/A","N/A","N/A","N/A","N/A"
"Varianta 8","8.15.","Single","Precizați care este numărul maxim de frunze ale unui arbore binar (arbore în care fiecare nod are cel mult doi fii) cu 66 de noduri.","N/A","65","35","1","33","32","66","N/A","N/A","N/A","N/A","N/A","N/A","N/A","N/A","N/A","N/A","N/A","N/A"
"Varianta 9","9.1.","Single","Fie $\mathbf{n}$ un număr natural cu cel puţin 4 cifre. Precizați care dintre următoarele instrucțiuni determină interschimbarea cifrei sutelor cu cifra zecilor.
Limbajul C++/ Limbajul C
\begin{verbatim}
Limbajul C++/ Limbajul C 
1.  n=n%10+n/1000*1000+n%1000/100*10+n%100/10*100; 
2.  n=n/1000*1000+n%1000/100*100+n%100/10*10+n%10; 
3.  n=n%1000/100*10+n%100/10*100+n%10+n/1000*1000; 
4.  n=n%1000/100*10+n%100/10*100+n/10; 
Limbajul Pascal 
1.  n:=n mod 10+n div 1000*1000+n mod 1000 div 100*10+n mod 100 div 10*100; 
2.  n:=n div 1000*1000+n mod 1000 div 100*100+n mod 100 div 10*10+n mod 10; 
3.  n:=n mod 1000 div 100*10+n mod 100 div 10*100+n mod 10+n div 1000*1000; 
4.  n:=n mod 1000 div 100*10+n mod 100 div 10*100+n div 10;
\end{verbatim}","N/A","1 și 2","1 și 3","1, 3 și 4","1 și 4","2 și 3","2 și 4","N/A","N/A","N/A","N/A","N/A","N/A","N/A","N/A","N/A","N/A","N/A","N/A"
"Varianta 9","9.2.","Single","Dacă expresia:
\begin{verbatim}
Limbajul C++/ Limbajul C
!(x>2)||(x<=5)&&(x>-5)
Limbajul Pascal
not(x>2)or(x<=5)and(x>-5)
\end{verbatim}
este adevărată, atunci:","N/A","$\mathbf{x} \in(-5,2) \cup[5, \infty)$","$x \in(-\infty, 2] \cap[5, \infty)$","$\mathbf{x} \in(-\infty, 2] \cup[5, \infty)$","$x \in(-\infty, 5)$","$x \in(-5,2) \cap[5, \infty)$","$x \in(-\infty, 5]$","N/A","N/A","N/A","N/A","N/A","N/A","N/A","N/A","N/A","N/A","N/A","N/A"
"Varianta 9","9.3.","Single","În urma executării secvenţei de program de mai jos, în care variabila s memorează un şir cu cel mult 100 caractere, iar i este de tip întreg, se afișează șirul acbb. Precizați care este conținutul șirului s înainte de această secvență.
\begin{verbatim}
Limbajul C++/C
for(i=0;i<strlen(s);i++)
    {
            strcpy(s+i,s+i+1);
            if(!strchr(""aeiou"",s[i]))
                s[i]--;
            else s[i]++;
    }
    cout<<s; |
        printf(""%s"",s);
\end{verbatim}
\begin{verbatim}
Limbajul Pascal
for i:=1 to length(s) do begin
    delete(s,i,1);
    if pos(s[i],'aeiou')=0 then
            s[i]:=chr(ord(s[i])-1)
        else s[i]:=chr(ord(s[i])+1);
    end;
    write(s);
\end{verbatim}","N/A","abaa","abcbdcba","abcd","abcddcba","acbb","bdcc","N/A","N/A","N/A","N/A","N/A","N/A","N/A","N/A","N/A","N/A","N/A","N/A"
"Varianta 9","9.4.","Single","Precizați care dintre următoarele matrice, este matricea de adiacenţă a unui arbore cu 4 noduri.","N/A","\begin{verbatim}
0 1 0 1 
0 0 1 0 
\end{verbatim}","\begin{verbatim}
0 0 1 0 
0 0 0 1
\end{verbatim}","\begin{verbatim}
0 1 1 1 
1 0 1 0
\end{verbatim}","\begin{verbatim}
1 0 0 0 
1 0 1 0
0 0 1 0 
0 0 0 1 
1 0 0 1 
0 1 1 0
\end{verbatim}","\begin{verbatim}
1 0 0 0 
0 1 0 0
0 0 1 0 
0 1 0 1 
1 0 0 1 
0 1 1 0
\end{verbatim}","\begin{verbatim}
1 1 0 0 
1 0 0 0
0 0 1 0 
0 0 0 1 
1 0 0 1 
0 1 1 1 
\end{verbatim}","N/A","N/A","N/A","N/A","N/A","N/A","N/A","N/A","N/A","N/A","N/A","N/A"
"Varianta 9","9.5.","Single","În secvenţa de mai jos, variabilele $\mathbf{i}$ şi $\mathbf{j}$ sunt de tip întreg, iar variabila a memorează un tablou bidimensional în care prima linie şi prima coloană sunt numerotate începând cu 1 . Toate elementele tabloului primesc valori în urma executării secvenţei.
\begin{verbatim}
Limbajul C++/ Limbajul C
for(j=1;j<=4;j++)
    for(i=3;i>=1;i--)
        if(j==1||i==3)a[i][j]=i+j-1;
            else
            a[i][j]=a[i][j-1]+a[i+1][j];
\end{verbatim}
\begin{verbatim}
Limbajul Pascal
for j:=1 to 4 do
    for i:=3 downto 1 do
        if (j=1)or(i=3) then
                a[i][j]:=i+j-1
        else
        a[i][j]:=a[i][j-1]+a[i+1][j];
\end{verbatim}
Precizați câte numere prime sunt memorate în tabloul a după executarea secvenței de program.","N/A","3","4","5","6","7","8","N/A","N/A","N/A","N/A","N/A","N/A","N/A","N/A","N/A","N/A","N/A","N/A"
"Varianta 9","9.6.","Single","Se generează prin metoda backtracking mulţimi distincte cu elemente numere naturale nenule şi cu proprietatea că suma elementelor fiecărei mulţimi este egală cu 6 astfel: ${1,2,3}$, ${1,5},{2,4},{6}$. Folosind aceeaşi metodă pentru a genera mulţimi distincte cu elemente numere naturale nenule şi cu proprietatea că suma elementelor fiecărei mulţimi este egală cu 10 , stabiliți în ce ordine sunt generate următoarele mulțimi:
\begin{enumerate}
  \item ${2,3,5}$;
  \item ${3,7}$;
  \item ${2,8}$;
  \item ${1,9}$.
\end{enumerate}","N/A","4 1 2 3","4 1 3 2","4 2 1 3","4 2 3 1","4 3 1 2","4 3 2 1","N/A","N/A","N/A","N/A","N/A","N/A","N/A","N/A","N/A","N/A","N/A","N/A"
"Varianta 9","9.7.","Single","Se consideră graful neorientat $\mathrm{G}=(\mathrm{X}, \mathrm{U})$ unde $\mathrm{X}={1,2,3,4,5,6}$ şi $\mathrm{U}={[1,2]$, $[1,3]$, $[5,1],[3,4],[4,5],[3,2],[3,5]}$. Precizați câte cicluri elementare distincte există în graful G. (Două cicluri elementare sunt distincte dacă diferă prin cel puţin o muchie).","N/A","2","3","4","5","6","7","N/A","N/A","N/A","N/A","N/A","N/A","N/A","N/A","N/A","N/A","N/A","N/A"
"Varianta 9","9.8.","Single","Se consideră graful orientat $G=(v, E)$ unde $v={1,2,3,4,5,6,7}$ şi $E={(1,2),(6,1)$, $(2,5),(2,3),(4,5),(3,4),(3,6)}$. Precizați câte componente tare conexe are graful dat.","N/A","1","2","3","4","5","6","N/A","N/A","N/A","N/A","N/A","N/A","N/A","N/A","N/A","N/A","N/A","N/A"
"Varianta 9","9.9.","Single","Un arbore cu nodurile numerotate de la 1 la 12, este memorat cu ajutorul vectorului de taţi tata $=(2,5,5,3,0,2,3,7,6,6,7,4)$. Numărul de lanțuri elementare de lungime maximă care leagă două noduri ale arborelui este:","N/A","2","3","4","5","6","7","N/A","N/A","N/A","N/A","N/A","N/A","N/A","N/A","N/A","N/A","N/A","N/A"
"Varianta 9","9.10.","Single","Se consideră declarările următoare, în care variabila $\mathbf{x}$ memorează coordonatele, în planul $\mathbf{x O y}$, ale centrului unui cerc, precum şi lungimea razei acestuia.
\begin{verbatim}
Limbajul C++/ Limbajul C
typedef struct {
        float x, y;
    } punct;
typedef struct {
        punct c;
        float r;
    } cerc;
cerc x;
\end{verbatim}
\begin{verbatim}
Limbajul Pascal
type punct=record
        x,y:real;
        end;
    cerc=record
        c:punct;
        r:real;
        end;
var x:cerc;
\end{verbatim}
Expresia care verifică dacă originea sistemului de coordonate, este în interiorul cercului, este:","N/A","c.x*c.x+c.y*c.y<c.r*c.r;","x.c.x+x.c.y<x.r","c.x*c.x+c.y*c.y<x.r*x.r","x.x*x.x+x.y*x.y<x.r*x.r","x.c.x*x.c.x+x.c.y*x.c.y<x.r*x.r","x.r*x.r< x.c.x*x.c.x+x.c.y*x.c.y","N/A","N/A","N/A","N/A","N/A","N/A","N/A","N/A","N/A","N/A","N/A","N/A"
"Varianta 9","9.11.","Single","Se consideră tabloul unidimensional $\mathbf{x}=(1,2,4,3)$. Precizați care dintre următoarele variante reprezintă tabloul unidimensional $y$, știind că pentru orice $0 \leq i<4$, există relaţia $\mathbf{x}[y[i]]=y[x[i]]$.","N/A","$y=(1,2,3,4)$","$y=(1,3,4,2)$","$y=(2,3,1,4)$","$y=(3,2,1,4)$","$y=(3,4,1,2)$","$y=(4,2,1,3)$","N/A","N/A","N/A","N/A","N/A","N/A","N/A","N/A","N/A","N/A","N/A","N/A"
"Varianta 9","9.12.","Single","Subprogramul $\pounds$ este definit mai jos. Precizați ce valori se vor afişa în urma apelului f('m', 0).
\begin{verbatim}
Limbajul C++/ Limbajul C
void f(char c, int x)
{
    if(!strchr(""aeiou"",c)){
        f(c-1,x+1)
        cout<<c;|printf(""%c"",c);
    }else
        cout<<x;|printf(""%d"",x);
}
\end{verbatim}
\begin{verbatim}
Limbajul Pascal
procedure f (c:char; x : word) ;
begin
if (pos(c,'aeiou')=0) then
    begin
        f(pred (c), x+1);
        write(c); end
    else write(x);
end;
\end{verbatim}","N/A","4jklm","4jmkl","4mlkj","jklm4","jmkl4","mlkj4","N/A","N/A","N/A","N/A","N/A","N/A","N/A","N/A","N/A","N/A","N/A","N/A"
"Varianta 9","9.13.","Single","Se consideră subprogramele de mai jos. Dacă înaintea apelului $g(x)$, variabilele globale de tip întreg $\mathbf{x}$ și $\mathbf{y}$ aveau valorile 1 , respectiv -3 , precizați care vor fi valorile memorate în variabilele globale $\mathbf{x}$ și $\mathbf{y}$ după executarea apelului $\mathrm{g}(\mathbf{x})$.


\begin{verbatim}
Limbajul C++/ Limbajul C
    void f(int x)
{ x=x+1;
    y=2*x+3; }
void g(int x)
{
        int a,b;
        a=x+y; b=x-y;
        f(a); f(b);
        y=y+b;
}
\end{verbatim}
\begin{verbatim}
Limbajul Pascal
procedure f(x: longint);
begin
x:=x+1;
y:=2*x+3;end;
procedure g(x: longint);
var a,b:longint;
begin
    a:=x+y; b:=x-y;
    f(a); f(b);
    y:=y+b;end;
\end{verbatim}","N/A","1 și 13","1 și 17","1 și 18","2 și 13","2 și 17","2 și 18","N/A","N/A","N/A","N/A","N/A","N/A","N/A","N/A","N/A","N/A","N/A","N/A"
"Varianta 9","9.14.","Single","În secvenţa de program de mai jos, toate variabilele sunt de tip întreg. Precizați care este valoarea afișată la finalul executării secvenţei următoare.
\begin{verbatim}
Limbajul C++/ Limbajul C
  k=0; 
        for(     i=1;i<=9999;i++) 
        { 
            d=2;p=1;n=i; 
            while(d*d<=n) 
            { 
                e=0; 
                while(n%d==0) 
                { 
                    e++; 
                    n=n/d; 
                } 
            p=p*(e+1); 
            d++; 
            } 
        if(n>1)p=p*2; 
        if(p%2==0) k++; 
        } 
        cout<<k; | printf(""%d"",k);
\end{verbatim}
\begin{verbatim}
Limbajul Pascal
k:=0;
for i:=1 to 9999 do
    begin
    d:=2;p:=1;n:=i;
    while d*d<=n do
        begin
        e:=0;
        while n mod d=0 do
            begin
            inc(e);
            n:=n div d;
            end;
        p:=p* (e+1);
        inc(d);
        end;
    if n>1 then p:=p*2;
    if p mod 2=0 then inc(k);
    end;
write(k);
\end{verbatim}","N/A","99","8901","8990","9900","9901","9990","N/A","N/A","N/A","N/A","N/A","N/A","N/A","N/A","N/A","N/A","N/A","N/A"
"Varianta 9","9.15.","Single","Funcția $\pounds$ este definită mai jos.
\begin{verbatim}
Limbajul C++/ Limbajul C
int a[100];
int f(int x[100], int st, int dr)
{
if(st==dr) return 1;
else
    if(f(x,st,(st+dr)/2)>0&&f(x,(st+dr)/2+1,dr)>0)
        if (x[(st+dr)/2+1]>x[(st+dr)/2]) return 1;
        else return 0;
    else return 0;
}
Limbajul Pascal
type vector=array[0..99] of integer;
    var a:vector;
function f(x:vector;st,dr:integer):byte;
begin
if st=dr then f:=1
else
        if (f(x,st,(st+dr) div 2)>0) and (f(x,(st+dr) div 2+1,dr)>0) then
            if x[(st+dr)div 2+1]>x[(st+dr)div 2] then f:=1
        else f:=0
    else f:=0;
end;
\end{verbatim}
Precizațic care dintre următoarele șiruri de valori pot fi memorate în tabloul unidimensional a (cu indicii începând de la 0 ), astfel încât apelul $f(a, 2,5)$ să returneze valoarea 1 .
\begin{verbatim}
1. a=(0,1,1,3,4,4,5)
2. a=(0,5,3,4,2,0)
3. a=(0,2,2,3,4,5,5)
4. a=(0,4,3,3,2,2,1)
\end{verbatim}","N/A","niciunul","șirurile 1 și 3","doar șirul 2","șirurile 2 și 4","doar șirul 3","toate","N/A","N/A","N/A","N/A","N/A","N/A","N/A","N/A","N/A","N/A","N/A","N/A"
"Varianta 10","10.1.","Single","Precizați ce valoare va avea variabila reală $\mathbf{x}$, după executarea următoarei instrucțiuni.
\begin{verbatim}
Limbajul C++/ Limbajul C
x=7.51+35/4*67%8-2.83;
Limbajul Pascal
x:=7.51+35 div 4*67 mod 8-2.83
\end{verbatim}","N/A","instrucțiunea este incorectă","4","4.68","5","28","28.68","N/A","N/A","N/A","N/A","N/A","N/A","N/A","N/A","N/A","N/A","N/A","N/A"
"Varianta 10","10.2.","Single","Precizați care dintre următoarele variante de instruncțiuni inserează cifra 2 în faţa ultimei cifre a unui număr natural n.","N/A","niciuna","1","1 și 2","2","3","4","N/A","N/A","N/A","N/A","N/A","N/A","N/A","N/A","N/A","N/A","N/A","N/A"
"Varianta 10","10.3.","Single","În secvența de program de mai jos, variabilele $\mathbf{x}, \mathbf{y}$ și $\mathbf{z}$ sunt de tip întreg.
\begin{verbatim}
Limbajul C++/ Limbajul C
z=1;
while (y>0)
{
    if(y%2)
        z=x%10*z;
    x=x*x%10;
    y=y/2;
}
cout<<z; | printf(""%d"",z);
\end{verbatim}
\begin{verbatim}
Limbajul Pascal
z:=1;
    while y>0 do
    begin
        if y mod %2=1 then
            z:=x mod 10*z;
        x:=x*x mod 10;
        y:=y div 2;
    end;
    write(z);
\end{verbatim}
Dacă înaintea secvenței, $\mathbf{x}$ are valoarea 137 , precizați câte valori cu exact două cifre poate avea $\mathbf{y}$ astfel încât valoarea lui $\mathbf{z}$ (afișată la finalul secvenței) să fie 1 .","N/A","21","22","23","24","25","26","N/A","N/A","N/A","N/A","N/A","N/A","N/A","N/A","N/A","N/A","N/A","N/A"
"Varianta 10","10.4.","Single","Se consideră declarările:
\begin{verbatim}
Limbajul C++/ Limbajul C
typedef struct
    {
        float st,dr;
    } interval;
interval v[20], m;
int i,j;
\end{verbatim}
\begin{verbatim}
Limbajul Pascal
type interval=record
        st,dr:real;
    end;
var v:array[0..19] of interval;
m:interval;
i,j:word;
\end{verbatim}
Precizați care dintre următoarele instrucțiuni sunt corecte din punct de vedere sintactic.
\begin{verbatim}
Limbajul C++/ Limbajul C
1.  v[i]=v[v[j]]; 
2.  m=(v[2]+v[3])/2; 
3.  v[10]=m; 
4.  m.st=v[5].st%2;
Limbajul Pascal
1.  v[i]:=v[v[j]]; 
2.  m:=(v[2]+v[3])/2; 
3.  v[10]:=m; 
4.  m.st:=v[5].st mod 2;
\end{verbatim}","N/A","niciuna","1 , 2 și 3","1 și 4","3","3 și 4","toate","N/A","N/A","N/A","N/A","N/A","N/A","N/A","N/A","N/A","N/A","N/A","N/A"
"Varianta 10","10.5.","Single","Subprogramul f cu antetul int f (int x ) (în limbajul C++ și limbajul C), respectiv function $f(x$ : integer) : integer; (în limbajul Pascal), returnează cea mai mică cifră a numărului $\mathbf{x}$, care apare de cel puţin două ori în scrierea lui $\mathbf{x}$, sau valoarea -1 , dacă numărul $\mathbf{x}$ este format din cifre distincte.
Stabiliţi valoarea expresiei $f(f(775125)+f(97917))$.","N/A","-1","0","1","12","14","16","N/A","N/A","N/A","N/A","N/A","N/A","N/A","N/A","N/A","N/A","N/A","N/A"
"Varianta 10","10.6.","Single","Se generează prin metoda backtracking, submulţimile nevide ale mulţimii ${1,2,3}$ astfel: ${1},{1,2},{1,2,3},{1,3},{2},{2,3},{3}$. Folosind aceeaşi metodă pentru a genera submulţimile nevide ale mulţimii ${1,2,3,4,5,6,7}$, stabiliţi care este a $10-\mathrm{a}$, respectiv a 11-a soluție generată.","N/A","${1,2,3,4,7}, {1,2,3,4,6,7}$","${1,2,3,4,7},{1,2,3,5}$","${1,2,3,4,6,7}$, ${1,2,3,6,7}$","${1,2,3,4,6}, {1,2,3,4,6,7}$","${1,2,3,4,6}$, ${1,2,3,5}$","${1,2,3,4,6,7},{1,2,3,4,7}$","N/A","N/A","N/A","N/A","N/A","N/A","N/A","N/A","N/A","N/A","N/A","N/A"
"Varianta 10","10.7.","Single","Se consideră graful neorientat $G=(X, U)$ unde $X={1,2,3,4,5}$ şi $\mathrm{U}={[1,2],[1,3],[5,1],[3,4],[4,5],[3,2]}$. Precizați numărul minim de muchii care trebuie adăugate pentru ca graful să devină eulerian.","N/A","0","1","2","3","4","5","N/A","N/A","N/A","N/A","N/A","N/A","N/A","N/A","N/A","N/A","N/A","N/A"
"Varianta 10","10.8.","Single","Un graf neorientat are 30 noduri şi 16 muchii. Precizați numărul componentelor conexe pe care le poate avea acest graf.","N/A","exact 14","cel puţin 14 şi cel mult 24","cel puţin 14 şi cel mult 26","cel puţin 16 şi cel mult 24","cel puţin 16 şi cel mult 26","exact 24","N/A","N/A","N/A","N/A","N/A","N/A","N/A","N/A","N/A","N/A","N/A","N/A"
"Varianta 10","10.9.","Single","Fie $\mathrm{G}=(\mathrm{V}, \mathrm{E})$ un graf orientat în care mulţimea nodurilor este $\mathrm{V}={1,2, \ldots, 10}$, iar mulţimea arcelor este $\mathrm{E}={(\mathrm{i}, \mathrm{j}) \mathrm{VxV} \mid$ i este divizor propriu al lui j$}$. Stabiliţi care dintre următoarele afirmaţii este adevărată.
\begin{enumerate}
  \item Graful G are 3 componente tare conexe
  \item Graful G are 3 componente conexe
  \item G nu are vârfuri izolate
  \item Graful G conţine cel puțin un circuit
\end{enumerate}","N/A","1","1 și 2","2","3","4","toate","N/A","N/A","N/A","N/A","N/A","N/A","N/A","N/A","N/A","N/A","N/A","N/A"
"Varianta 10","10.10.","Single","Prin înălţimea unui arbore cu rădăcină înţelegem numărul de muchii ale celui mai lung lanţ elementar care are una dintre extremităţi în rădăcina arborelui. Dacă arborele este reprezentat prin următorul vector de taţi: tata $=(4,5,1,0,4,5,6,1,4)$, atunci înălţimea sa este:","N/A","2","3","4","5","6","7","N/A","N/A","N/A","N/A","N/A","N/A","N/A","N/A","N/A","N/A","N/A","N/A"
"Varianta 10","10.11.","Single","Subprogramul g este definit mai jos. Precizați ce valori se vor afișa în urma apelul g (4).
\begin{verbatim}
Limbajul C++/ Limbajul C
void g(int n)
{int i;
    if(n>0)
    for(i=n;i>1;i--)
        {
            cout<<i; | printf(""%d"",i);
            g(n-2);
        }
}
\end{verbatim}
\begin{verbatim}
Limbajul Pascal
procedure g(n:word);
var i:word;
begin
if n>0 then
    for i:=n downto 2 do
    begin
        write(i);
        g(n-2);
    end;
end;
\end{verbatim}","N/A","42132","42322","423222","432322","432132121","4213212211","N/A","N/A","N/A","N/A","N/A","N/A","N/A","N/A","N/A","N/A","N/A","N/A"
"Varianta 10","10.12.","Single","În secvența de program alăturată, variabilele i și $\mathbf{k}$ sunt de tip întreg, iar variabila $\mathbf{A}$ memorează o matrice cu 8 linii și 8 coloane (numerotate de la 1 la 8) cu elemente numere întregi. Înainte de executarea secvenței, toate elementele vectorului sunt nule. Precizați care este a 9-a valoare afișată și care este numărul de valori afișate pe parcursul executării secvenței date.
\begin{verbatim}
Limbajul C++/ Limbajul C
n=8;k=3;
for (i=n;i>=1;i--)
        for(j=n;j>=1;j--)
            A[i][j]=n*(j-1)+i;
for(i=k;i<=n-k+1;i++)
    cout<<A[i][k]<<' '; | printf(""%d "", A[i][k]);
for(i=k+1;i<=n-k+1;i++)
    cout<<A[n-k+1][i]<<' '; | printf(""%d "",A[n-k+1][i]);
for(i=n-k;i>=k;i--)
    cout<<A[i][n-k+1]<<' '; | printf(""%d "", A[i][n-k+1]);
for(i=n-k;i>k;i--)
    cout<<A[k][i]<<' '; | printf(""%d "", A[k][i]);

    Limbajul Pascal n:=8;k:=3; 
for i:=n downto 1 do 
    for j:=n downto 1 do
        A[i,j]:=n*(j-1)+i; 
for i:=k to n-k+1 do 
  write(A[i,k],' '); 
for i:=k+1 to n-k+1 do  
    write(A[n-k+1,i],' '); 
for i:=n-k downto k do  
    write(A[i,n-k+1],' '); 
for i:=n-k downto k+1 do  
 write(A[k,i],' ');
\end{verbatim}","N/A","43 și 10","43 și 12","44 și 10","44 și 12","45 și 10","45 și 12","N/A","N/A","N/A","N/A","N/A","N/A","N/A","N/A","N/A","N/A","N/A","N/A"
"Varianta 10","10.13.","Single","Se consideră declarările:
\begin{verbatim}
Limbajul C++/ Limbajul C
char s[30]=""bacaacbc"";
char t[3][3]={""ab"",""ac"",""bc""};
\end{verbatim}
\begin{verbatim}
Limbajul Pascal
var i:word;
s:string[30];
t:array[0..2]of string[3];
\end{verbatim}
Precizați ce se va afișa după executarea secvenței de program de mai jos.
\begin{verbatim}
Limbajul C++/ Limbajul C
for(int i=0;i<3;i++)
    if (!strstr(s,t[i]))
        strcat(s,t[2-i]);
    else cout<<t[i]; | printf(""%s"",t[i]);
cout<<strlen(s); | printf(""%d"",strlen(s));
cout<<s; | printf(""%s"",s);
\end{verbatim}
\begin{verbatim}
Limbajul Pascal
s:='bacaacbc';t[0]:='ab';t[1]:='ac';t[2]:='bc';
for i:=0 to 2 do
        if pos(t[i],s)=0 then s:=s+t[2-i]
        else write(t[i]);
write(length(s));
write(s);
\end{verbatim}","N/A","secvența este incorectă sintactic","acbc8bacaacbc","acbc10bacaacbc","bcac10bacaacbcbc","acb10bacaacbcbc","acbc10bacaacbcbc","N/A","N/A","N/A","N/A","N/A","N/A","N/A","N/A","N/A","N/A","N/A","N/A"
"Varianta 10","10.14.","Single","Subprogramul p este definit mai jos. Variabila a memorează un vector cu 100 de elemente numere întregi, aflate pe poziții numerotate de la o la 99. Precizaţi câte elemente divizibile cu 3 conține tabloul unidimensional a după executarea apelului $p(6, a)$.
\begin{verbatim}
Limbajul C++/ Limbajul C
void p(int k, int v[100])
{ int w[100];
    v[0]=w[0]=1;
    for(int i=1;i<=k;i++)
    {
        for(int j=0;j<=i;j++)
        {
            if(j==0) v[j]=1;
            else
            if(i==j) v[j]=1;
                else v[j]=w[j-1]+w[j];
        }
        for(int j=0;j<=i;j++)
            w[j]=v[j];
    }
}
\end{verbatim}
\begin{verbatim}
Limbajul Pascal
type vector=array[0..99]of integer;
var a:vector;
procedure p(k:integer; var v:vector);
var w:vector; i,j:integer;
begin
    v[0]:=1; w[0]:=1;
    for i:=1 to k do begin
        for j:=0 to i do
            if j=0 then v[j]:=1
                else
    if i=j then v[j]:=1
        else v[j]:=w[j-1]+w[j];
    for j:=0 to i do w[j]:=v[j];
    end;
end;
\end{verbatim}","N/A","1","2","3","4","5","6","N/A","N/A","N/A","N/A","N/A","N/A","N/A","N/A","N/A","N/A","N/A","N/A"
"Varianta 10","10.15.","Single","Variabilele $\mathbf{x}, \mathrm{n}, \mathbf{i}, \mathrm{b}, \mathrm{c}$ memorează numere naturale. Dacă inițial variabila b memorează valoarea 3 și variabila x memorează inițial valoarea 0 , indicaţi valoarea afișată de secvența de program următoare:
\begin{verbatim}
Limbajul C++/ Limbajul C
for(i=0;i<=99;i++)
{
    c=0,n=i;
    while(n>0)
    {
        c=c+n%b;
        n=n/b;
    }
    if(c>x) x=c;
}
cout<<x; l printf(""%d"",x);
\end{verbatim}
\begin{verbatim}
Limbajul Pascal
for i:=0 to 99 do
    begin
        c:=0;n:=i;
        while n>0 do
            begin
            c:=c+n mod b;
            n:=n div b;
            end;
            if c>x then x:=c;
end;
write(x);
\end{verbatim}\","N/A","4","5","6","7","8","9","N/A","N/A","N/A","N/A","N/A","N/A","N/A","N/A","N/A","N/A","N/A","N/A"
"Varianta 11","11.1.","Single","Precizaţi care este numărul elementelor egale cu 1 (pentru limbajul $\mathbf{C} / \mathbf{C}++$ )/true (pentru limbajul Pascal) aflate pe diagonala principală în urma executării secvenței de mai jos, în care a este un tablou bidimensional cu $\mathbf{n}$ linii și $\mathbf{n}$ coloane, iar $\mathbf{i}, \mathbf{j}$ sunt variabile de tip întreg.
\begin{verbatim}
Limbajul C++
for(i=n;i>=1;i--)
for(j=n;j>=1;j--)
    a[i][j]=(i==j);
\end{verbatim}
\begin{verbatim}
Limbajul C
for(i=n;i>=1;i--)
for(j=n;j>=1;j--)
    a[i][j]=(i==j);
Limbajul  Pascal 
for i:=n downto 1 do 
for j:=n downto 1 do 
 a[i,j]:=(i=j); 
\end{verbatim}","N/A","nu poate fi calculat","$n^{2}$","$\mathrm{n}-1$","$n^{2}-1$","$n$","$(\mathrm{n}+1) * \mathrm{n} / 2$","N/A","N/A","N/A","N/A","N/A","N/A","N/A","N/A","N/A","N/A","N/A","N/A"
"Varianta 11","11.2.","Single","Precizaţi care este complexitatea algoritmului de interclasare a două șiruri, cu m și respectiv n numere naturale ( $\mathrm{n} \leq \mathrm{m}$ ).","N/A","$O(\max (m, n))$","$O(\min (m, n))$","$O(m+n)$","$O(m * n)$","$O\left(\operatorname{llog}_{2}(n)\right)$","$O\left(\mathrm{nlog}_{2}(\mathrm{~m})\right)$","N/A","N/A","N/A","N/A","N/A","N/A","N/A","N/A","N/A","N/A","N/A","N/A"
"Varianta 11","11.3.","Single","Indicaţi care dintre următoarele secvențe de program calculează în variabila nr, în mod corect și eficient ca timp de executare, numărul cuburilor naturale perfecte mai mici sau egale decât $\mathbf{n}$ (număr natural cunoscut).","N/A","\begin{verbatim}
Limbajul C++
int n,nr=0,i;
cin>>n;
for(i=1;i<=n;i++)
if(i*i*i<=n)
nr++;
cout<<nr;
Limbajul C 
int n,nr=0,i; 
scanf(""%d"",&n); 
for(i=1;i<=n;i++) 
if(i*i*i<=n) 
nr++; 
printf(""%d"",nr);
Limbajul  Pascal 
var n,i,nr:integer;  
BEGIN  
readln(n); 
nr:=0; 
 for i:=1 to n do 
if i*i*i<=n then 
nr:=nr+1; 
writeln(nr);  
END.
\end{verbatim}","\begin{verbatim}
Limbajul C++
int n,nr=0,i,j;
cin>>n;
for(i=1;i<=n;i++)
for(j=1;j<=i;j++)
if(j*j*j==i)
nr++;
cout<<nr;
Limbajul C 
int n, nr=0, j, i; 
scanf(""%d"",&n); 
for(i=1;i<=n;i++) 
for(j=1;j<=i;j++) 
if(j*j*j==i) 
nr++; 
printf(""%d"",nr);
Limbajul  Pascal 
var 
n,nr,i,j:integer;  
BEGIN  
readln(n);nr:=0; 
for i:=1 to n do 
for j:=1 to i do 
if j*j*j=i then 
nr:=nr+1; 
writeln(nr);  
END.
\end{verbatim}","\begin{verbatim}
Limbajul C++ 
int n,nr; 
cin>>n; 
nr=(int)exp(1/2.0* 
log(n)); 
cout<<nr;
Limbajul C 
int n,nr; 
scanf(""%d"",&n); 
nr=(int)exp(1/2.0* 
log(n)); 
printf(""%d"",nr);
Limbajul  Pascal 
var n,nr:integer;  
BEGIN  
readln(n);  
nr:=trunc(exp(1/2* 
ln(n)));  
writeln(nr);  
END.
\end{verbatim}","\begin{verbatim}
Limbajul  C++ 
int n, nr; 
cin>>n; nr=n*n*(n+1)*(n+1)/4; 
cout<<nr;
Limbajul C 
int n, nr; 
scanf(""%d"",&n); nr=n*n*(n+1)*(n+1)/4; 
printf(""%d"",nr);
Limbajul  Pascal 
var n, nr:integer;  
BEGIN  
readln(n);  nr:=n*n*(n+1)*(n+1)div 4;  
writeln(nr);  
END.
\end{verbatim}","\begin{verbatim}
Limbajul  C++ 
int n, nr; 
cin>>n; nr=n*n*(n+1)*(n+1)/6; 
cout<<nr;
Limbajul C 
int n, nr; 
scanf(""%d"",&n); nr=n*n*(n+1)*(n+1)/6; 
printf(""%d"",nr);
Limbajul  Pascal 
var n, nr:integer;  
BEGIN  
readln(n);  nr:=n*n*(n+1)*(n+1)div 6;  
writeln(nr);  
END.
\end{verbatim}","\begin{verbatim}
Limbajul  C++ 
int n, nr; 
cin>>n; 
nr=(int)exp(1/3.0* 
log(n)); 
cout<<nr;
Limbajul C 
int n, nr; 
scanf(""%d"",&n); 
nr=(int)exp(1/3.0* 
log(n)); 
printf(""%d"",nr);
Limbajul  Pascal 
var n, nr:integer;  
BEGIN  
readln(n);  
nr:=trunc(exp(1/3* 
ln(n)));  
writeln(nr);  
END.
\end{verbatim}","N/A","N/A","N/A","N/A","N/A","N/A","N/A","N/A","N/A","N/A","N/A","N/A"
"Varianta 11","11.4.","Single","Se definește funcția:
$M_{n}^{k}=\left{\begin{array}{c}M_{n-1}^{k}+k * M_{n-1}^{k-1} \text { pentru } k>0","N/A","produsul cartezian","numărul submulțimilor","afișarea tuturor aranjamentelor mulțimii ${1,2, . . . n}$ luate câte $\mathbf{k}$ $\mathbf{k}$ elemente ale unei mulțimi","numărul submulțimilor cu k elemente ale unei mulțimi cu n elemente","afișarea tuturor combinărilor mulțimii {1,2,..,n} luate câte k","nici una dintre variante","N/A","N/A","N/A","N/A","N/A","N/A","N/A","N/A","N/A","N/A","N/A","N/A"
"Varianta 11","11.5.","Single","Indicaţi care este efectul prelucrării secvenței de program de mai jos, pentru $\mathbf{x}, \mathbf{y}$ numere naturale cu $\mathbf{x} \leq \mathbf{y}$ :
\begin{verbatim}
Limbajul C++
int f(int x,int
y) {
if(x==y) return x;
else if(x>y)
return x-1;
else
return
    f(++x,--y);}
int main()
{int x, y;
cin>>x>>y;
    cout<<f(x,y);
return 0;}
\end{verbatim}
\begin{verbatim}
Limbajul C
int f(int x,int
y) {
if(x==y) return x;
else if(x>y)
return x-1;
else
return
f(++x,--y) ;}
int main()
{int x, y;
scanf(""%d%d"",&x,&y);
printf(""%d"",f(x,y));
return 0;}
\end{verbatim}
\begin{verbatim}
Limbajul Pascal
var x,y:integer;
function
f(x,y:integer):integ
er;
begin
if x=y then f:=x
else
if x>y then f:=x-1
else
f:=f(succ(x),pred(y))
end;
begin
readln(x,y);
writeln(f(x,y));
end.
\end{verbatim}
S-a notat cu [a] partea întreagă a numărului a și cu |a-b|, modulul diferenței a-b.","N/A","$\mathbf{x}+\mathbf{y}$","$[y-x]$","$|y-x|$","$\mathbf{x}^{y}$","$[(x+y) / 2]$","$y^{x}$","N/A","N/A","N/A","N/A","N/A","N/A","N/A","N/A","N/A","N/A","N/A","N/A"
"Varianta 11","11.6.","Single","Indicaţi care este valoarea inițială a variabilei a dacă, în urma executării secvenței următoare de program, s-a afișat valoarea 6.
\begin{verbatim}
Limbajul C++
int a=... ,n;
n=16327;
while(n!=0)
{
switch(n%10) {
case 0: case 2: case
4:case 6: case 8:
a=a+n%2;break;
case 1: case 3: case
5:case 7: case 9:
a=a-n%2; break;}
n=n/10;
}
cout<<<a<<endl;
\end{verbatim}
\begin{verbatim}
Limbajul C
    int a=... ,n;
n=16327;
while(n!=0)
{
switch(n%10) {
case 0: case 2:
case 4:case 6:
case 8:
a=a+n%2;break;
case 1: case 3:
case 5:case 7:
case 9: a=a-n%2;
break;}
n=n/10;
}
printf(""%d"",a);
\end{verbatim}
\begin{verbatim}
Limbajul Pascal
var n,a:integer;
BEGIN
a:=...;
n:=16327;
while n>0 do
begin
case n mod 10 of
0,2,4,6,8:
a:=a+n mod 2;
1,3,5,7,9:
a:=a-n mod 2;
end;
n:=n div 10;
end;
writeln(a);
END.
\end{verbatim}","N/A","8","nici una dintre variante variante","9","13","10","5","N/A","N/A","N/A","N/A","N/A","N/A","N/A","N/A","N/A","N/A","N/A","N/A"
"Varianta 11","11.7.","Single","Fie un graf neorientat conex cu $\mathbf{4 0}$ de noduri și $\mathbf{7 0}$ de muchii. Precizați numărul maxim de muchii care pot fi eliminate astfel încât graful să rămână conex:","N/A","31","30","1","0","39","35","N/A","N/A","N/A","N/A","N/A","N/A","N/A","N/A","N/A","N/A","N/A","N/A"
"Varianta 11","11.8.","Single","Precizați numărul grafurilor orientate complete cu noduri care pot fi construite:","N/A","$4^{n \star(n-1) / 2}$","$4^{n}(\mathrm{n}+1) / 2$","$3^{n \star(n+1) / 2}$","$\mathbf{4}^{\mathrm{n} / 2}$","$2^{\mathrm{n}^{\star}(\mathrm{n}-1) / 2}$","$3^{n \star(n-1) / 2}$","N/A","N/A","N/A","N/A","N/A","N/A","N/A","N/A","N/A","N/A","N/A","N/A"
"Varianta 11","11.9.","Single","Precizați care din următoarele șiruri de numere nu poate reprezenta gradele vârfurilor unui arbore.","N/A","2 2 1 1","4 1 1 2 1 1","1 2 1","1 1 1 2 1 5","1 1 1 2 1 4","1 2 1 2 1 3","N/A","N/A","N/A","N/A","N/A","N/A","N/A","N/A","N/A","N/A","N/A","N/A"
"Varianta 11","11.10.","Single","Precizați care este valoarea produsă de subprogramului $\mathbf{f}$ definit mai jos, în urma apelului $\mathbf{f ( s )}$, atunci când parametrul $\mathbf{s}$ primește șirul de caractere: 123abc4567
\begin{verbatim}
Limbajul C++
int f( char s[100])
{int i, nr=0, n=strlen(s);
for(i=0;s[i]>='0'&&s[i]<='9';i++)
    nr=nr*10+s[n-i-1]-'0';
return nr;}
\end{verbatim}
\begin{verbatim}
Limbajul C
int f( char s[100])
{int nr=0,i,n;
n=strlen(s);
for(i=0;s[i]>='0'&&s[i]<='9';i++)
    nr=nr*10+s[n-i-1]-'0';
    return nr;}
\end{verbatim}
\begin{verbatim}
Limbajul Pascal
function f(s:String):longint;
var n,nr,i:longint ;
begin
n:=Length(s);nr:=0;i:=1;
while (s[i]>='0') and (s[i]<='9') do
begin
nr:=10*nr+ord(s[n-i+1])-ord('0');
i:=i+1;
end;f:=nr;
end;
\end{verbatim}","N/A","1234567","123","456","321","765","7654","N/A","N/A","N/A","N/A","N/A","N/A","N/A","N/A","N/A","N/A","N/A","N/A"
"Varianta 11","11.11.","Single","Precizați care este suma calculată în urma apelului $f(1, n)$ al subprogramului $f$ definit mai jos, unde $n$ este un număr natural cunoscut:
\begin{verbatim}
Limbajul C++
int f(int i, int n)
{
    if(i<=3*n)
        if(i%3!=0)
            return f(i+1,n);
        else
            return i+f(i+1,n);
        else return 0;
}
\end{verbatim}
\begin{verbatim}
Limbajul C
int f(int i, int n)
{
    if(i<=3*n)
        if(i%3!=0)
            return f(i+1,n);
        else
            return i+f(i+1,n);
    else return 0;
}
\end{verbatim}
\begin{verbatim}
Limbajul Pascal
function f(i,n:integer):integer;
begin
if i<=3*n then
    if i mod 3 =0 then
        f:=f(i+1,n)+i
    else f:=f(i+1,n)
else f:=0
end;
\end{verbatim}","N/A","$\sum_{i=1}^{3 n} i$","$\sum_{i=1}^{n} 3 * i$","$\sum_{i=1}^{n} * i$","$\sum_{i=1}^{n}(i+3)$","$\sum_{i=1}^{n} i / 3$","$\sum_{i=1}^{n / 3} i$","N/A","N/A","N/A","N/A","N/A","N/A","N/A","N/A","N/A","N/A","N/A","N/A"
"Varianta 11","11.12.","Single","Utilizând metoda backtracking, se generează toate posibilitățile de a forma șiruri din trei cuvinte distincte din mulțimea {examen, reușit, promovat, nota, felicitări}. Primele trei soluții sunt: examen reușit promovat; examen reușit nota; examen reușit felicitări. Indicați care este soluția generată înainte de felicitări examen reușit.","N/A","nota examen felicitări","nota felicitări promovat","felicitări examen promovat","examen promovat felicitări","felicitări nota examen","promovat examen felicitări","N/A","N/A","N/A","N/A","N/A","N/A","N/A","N/A","N/A","N/A","N/A","N/A"
"Varianta 11","11.13.","Single","Dacă pentru variabila a se citește valoarea 11, precizați câte valori pot fi citite pentru variabila b astfel încât în urma apelului $\mathbf{f}(\mathbf{a}, \mathbf{b})$, subprogramul $\mathbf{f}$ de finit mai jos să producă valoarea 10.
\begin{verbatim}
Limbajul C++
int f(int a,int b)
{ if(a==b)
        return a%2;
    else
return
f(a,(a+b)/2)+f((a+b)/2+1,b); }
\end{verbatim}
\begin{verbatim}
Limbajul C
int f(int a,int b)
{ if(a==b)
        return a%2;
    else
return
f(a, (a+b)/2) +f((a+b)/2+1,b) ;}
\end{verbatim}
\begin{verbatim}
Limbajul Pascal
function f(a,b:integer):integer;
begin
if a=b then f:=a mod 2
else
f:=f(a,(a+b) div 2) +f((a+b) div 2+1,b);
end;
\end{verbatim}","N/A","2","1","0","3","4","7","N/A","N/A","N/A","N/A","N/A","N/A","N/A","N/A","N/A","N/A","N/A","N/A"
"Varianta 11","11.14.","Single","Indicați pentru ce valori ale lui $\mathbf{n}$ și $\mathbf{p}$, valoarea variabilei întregi $\mathbf{x}$ este 164 , în urma apelului $f(1)$ al subprogramului $f$ definit mai jos.
\begin{verbatim}
Limbajul C++
int s[100],n,p,x;
void f(int k)
{ int i;
    if(k==p+1) x++;
else 
if(k==1) 
for(i=1;i<=n;i++) f(k+1); 
    else 
for(i=1+s[k-1];i<=n;i++) 
    {  s[k]=i;f(k+1); }}
\end{verbatim}
\begin{verbatim}
Limbajul C
int s[100],n,p,x;
void f(int k)
{ int i;
    if(k==p+1) x++;
else 
if(k==1) 
for(i=1;i<=n;i++) f(k+1); 
    else 
 for(i=1+s[k-1];i<=n;i++) 
    {  s[k]=i;f(k+1); }}
\end{verbatim}
\begin{verbatim}
Limbajul Pascal 
type vector=array[1..100] of integer; 
var n,p,x:integer; 
s: vector; 
procedure f(k:integer); 
var i,i1:integer; 
begin 
if k=p+1 then x:=x+1 
else 
if  k=1 then 
for i1:=1 to n do 
begin 
s[k]:=i1; f(k+1); 
end 
else 
for i:=1+s[k-1] to n do 
begin 
s[k]:=i; f(k+1); 
end; end;
\end{verbatim}","N/A","82 și 2","164 și 1","328 și 4","41 si 123","41 și","81 și 2","N/A","N/A","N/A","N/A","N/A","N/A","N/A","N/A","N/A","N/A","N/A","N/A"
"Varianta 11","11.15.","Single","Precizați care este valoarea produsă de subprogramul $f$, definit mai jos, în urma apelului f(1999, 7) .
\begin{verbatim}
Limbajul C++
int f(int x, int n)
{if(n)
if(n%2==0)
return (f(x,n/2)*f(x,n/2)) % 10;
else
return (x*f(x,n-1))%10;
    else
return 1;}
\end{verbatim}
\begin{verbatim}
Limbajul C
int f(int x, int n)
{if(n)
    if(n%2==0)
return
(f(x,n/2)*f(x,n/2))%10;
else
return (x*f(x,n-1))%10;
    else
return 1;}
\end{verbatim}
\begin{verbatim}
Limbajul Pascal
function f(x,n:integer):integer;
begin
if n=0 then f:=1
else
if n mod 2=0 then
f:=(f(x,n div 2)*f(x,n div 2)) mod 10
else
    f:=(x*f(x,n-1)) mod 10;
end;
\end{verbatim}","N/A","798800599919","9","nu poate fi calculată valoarea","1","0","28","N/A","N/A","N/A","N/A","N/A","N/A","N/A","N/A","N/A","N/A","N/A","N/A"
"Varianta 12","12.1.","Single","Precizați care este numărul muchiilor care trebuie adăugate, îtr-un graf neorientat conex care are $\mathbf{n}$ noduri și $\mathrm{n}-1$ muchii ( n număr natural cunoscut), pentru a deveni complet:","N/A","$n *(n-1) / 2$","$(n-1) *(n-2) / 2$","$n$","$(\mathrm{n}+1) * \mathrm{n} / 2$","0","$n-1$","N/A","N/A","N/A","N/A","N/A","N/A","N/A","N/A","N/A","N/A","N/A","N/A"
"Varianta 12","12.2.","Single","În secvenţa următoare $\mathbf{i}, \mathbf{j}$ şi $\mathbf{n}$ sunt variabile întregi, iar a este un tablou bidimensional format din $\mathbf{n}$ linii şi $\mathbf{n}$ coloane numerotate de la 1 la $\mathbf{n}$. Indicați care este suma elementelor de pe diagonala secundară a tabloului a, în urma executării acestei secvențe.
\begin{verbatim}
Limbajul C++ 
for(i=1; i<=n; i++) 
    for(j=1; j<=n; j++) 
        a[i][j] = (i+j)% n;
Limbajul C 
for(i=1; i<=n; i++) 
    for(j=1; j<=n; j++) 
    a[i][j] = (i+j)% n;
Limbajul Pascal 
for i:=1 to n do 
    for j:=1 to n do 
        a[i,j]:=(i+j) mod n;
\end{verbatim}","N/A","$n$","$n-1$","nu se poate calcula","$(n+1) * n / 2$","$n^{2}$","$n * n$","N/A","N/A","N/A","N/A","N/A","N/A","N/A","N/A","N/A","N/A","N/A","N/A"
"Varianta 12","12.3.","Single","Indicați care dintre următoarele secvențe de program calculează în variabila nr, în mod corect și eficient ca timp de executare, suma primelor n cuburi naturale perfecte nenule ( $n$ număr natural cunoscut).","N/A","\begin{verbatim}
Limbajul C++
int n, nr=0, i;
cin>>n;
for(i=1;i<=n;i++)
if(i*i*i<=n)
nr+=i*i*i;
cout<<nr;
Limbajul C 
int n, nr=0, i; 
scanf(""%d"",&n); 
for(i=1;i<=n;i++) 
if(i*i*i<=n) 
nr+=i*i*i; 
 printf(""%d"",nr);
Limbajul Pascal 
var n, 
nr,i:integer;  
BEGIN  
readln(n); 
nr:=0; 
 for i:=1 to n do 
if i*i*i<=n then 
nr:=nr+i*i*i; 
writeln(nr);  
END.
\end{verbatim}","\begin{verbatim}
Limbajul C++ 
int n, nr=0, i, j; 
cin>>n; 
for(i=1;i<=n;i++) 
for(j=1;j<=i;j++) 
if(j*j*j==i) 
nr+=i*i*i; 
cout<<nr;
Limbajul C 
int n, nr=0, i, j; 
scanf(""%d"",&n); 
for(i=1;i<=n;i++) 
for(j=1;j<=i;j++) 
if(j*j*j==i) 
nr+=i*i*i; 
printf(""%d"",nr);
Limbajul Pascal 
var n, i, j 
nr:integer;  
BEGIN  
readln(n);nr:=0; 
for i:=1 to n do 
for j:=1 to i do 
if j*j*j=i then 
nr:=nr+i*i*i; 
writeln(nr);  
END.
\end{verbatim}","\begin{verbatim}
Limbajul C++ 
int n, nr;
cin>>n; 
nr=(int)exp(1/3.0* 
log(n)); 
cout<<nr;
Limbajul C 
int n, nr;
scanf(""%d"",&n); 
nr=(int)exp(1/3.0* 
log(n))); 
printf(""%d"",nr);
Limbajul Pascal 
var n, nr:integer;
BEGIN  
readln(n);  
nr:=trunc(exp(1/3* 
ln(n)));  
writeln(nr);  
END.
\end{verbatim}","\begin{verbatim}
Limbajul C++ 
int n, nr; 
cin>>n; nr=n*n*(n+1)*(n+1)/4; 
cout<<nr;
Limbajul C 
int n, nr; 
scanf(""%d"",&n); nr=n*n*(n+1)*(n+1)/4; 
printf(""%d"",nr);
Limbajul Pascal 
var n, nr:integer;  
BEGIN  
readln(n);  
nr:=n*n*(n+1)*(n+1) 
div 4;  
writeln(nr);  
END. 
\end{verbatim}","\begin{verbatim}
Limbajul C++ 
int n, nr; 
cin>>n; 
nr=(int)exp(1/2.0* 
log(n)); 
cout<<nr;
Limbajul C 
int n, nr; 
scanf(""%d"",&n); 
nr=(int)exp(1/2.0* 
log(n))); 
printf(""%d"",nr);
Limbajul Pascal 
var n, nr:integer;  
BEGIN  
readln(n);  
nr:=trunc(exp(1/2* 
ln(n)));  
writeln(nr); 
END.
\end{verbatim}","\begin{verbatim}
Limbajul C++ 
int n, nr; 
cin>>n; nr=n*n*(n+1)*(n+1)/6; 
cout<<nr;
Limbajul C 
int n, nr; 
scanf(""%d"",&n); nr=n*n*(n+1)*(n+1)/6; 
printf(""%d"",nr);
Limbajul Pascal 
var n, nr:integer;  
BEGIN  
readln(n);  
nr:=n*n*(n+1)*(n+1) 
div 6;  
writeln(nr);  
END.
\end{verbatim}","N/A","N/A","N/A","N/A","N/A","N/A","N/A","N/A","N/A","N/A","N/A","N/A"
"Varianta 12","12.4.","Single","Se definește recursiv o funcție care calculează numărul combinărilor de $\mathbf{n}$ luate câte $\mathbf{k}$ astfel: $\quad C_{n}^{k}=\left{\begin{array}{c}\frac{n-k+1}{k} * C_{n}^{k-1} \text { pentru } k>0","N/A","$n$","$k$","$\mathbf{k - 1}$","$n+1$","$\mathrm{n}+\mathbf{k}$","$k+1$","N/A","N/A","N/A","N/A","N/A","N/A","N/A","N/A","N/A","N/A","N/A","N/A"
"Varianta 12","12.5.","Single","Precizați numărul circuitelor care trec prin toate nodurile unui graf orientat tare conex cu n noduri ( n număr natural cunoscut).","N/A","cel puțin 1","exact 1","0","cel mult 1","exact n-2","exact $\mathbf{n + 1}$","N/A","N/A","N/A","N/A","N/A","N/A","N/A","N/A","N/A","N/A","N/A","N/A"
"Varianta 12","12.6.","Single","Precizați ce afișează următoarea secvență de program:
\begin{verbatim}
Limbajul C++
    int a=0,n;
            cin>>n;
        do
{
switch(n%10)
{
    case 0: case 2:
case 4:case 6:
case 8:
a=a-(n%2) *(n%10);
break;
case 1: case 3:
case 5:case 7: case
9:
a=a+(n%2) *(n%10);
break;
}
n=n/10;
} while(n!=0);
cout<<a<<endl;
\end{verbatim}
\begin{verbatim}
Limbajul C
int a=0,n;
scanf(""%d"",&n);
    do
    {
switch(n%10)
{
    case 0: case 2:
case 4:case 6:
case 8:
a=a-(n%2) *(n%10);
break;
    case 1: case 3:
case 5:case 7: case
9:
a=a+(n%2) *(n%10);
break;
}
n=n/10;
} while(n!=0);
printf(""%d"",a);
\end{verbatim}
\begin{verbatim}
Limbajul Pascal
var n,a:integer;
BEGIN
a:=0;
readln(n);
while n>0 do
begin
case n mod 10 of
0,2,4,6,8:
a:=a-(n mod 2)*
(n mod 10);
1,3,5,7,9:
    a:=a+(n mod 2)*
(n mod 10);
end;
n:=n div 10;
end;
        writeln(a);
END.
\end{verbatim}","N/A","suma cifrelor numărului $n$","numărul  cifrelor  impare din numărul n","diferența  dintre  suma cifrelor  pare  și  suma cifrelor impare din numărul n","numărul cifrelor prime din numărul n","suma  cifrelor  impare  din numărul n","diferența  dintre  suma cifrelor  impare  și  suma cifrelor pare din numărul n","N/A","N/A","N/A","N/A","N/A","N/A","N/A","N/A","N/A","N/A","N/A","N/A"
"Varianta 12","12.7.","Single","Folosind metoda backtracking se generează toate șirurile formate din patru caractere distincte din mulțimea ${#, *, \&, @, \%$ }. Primele trei soluții sunt: #\textit{\&@, #}\&\%, #*@\&. Indicați care este soluția generată înainte de $\& *$ #@","N/A","$\& @ \%$ #","$\& # @ \%$","$\& # \%$ @","$* \& @ \%$","$* \& \%$ @","$\& @ # \%$","N/A","N/A","N/A","N/A","N/A","N/A","N/A","N/A","N/A","N/A","N/A","N/A"
"Varianta 12","12.8.","Single","Un graf orientat se numește turneu, dacă între oricare două vârfuri i şi j, ījj, există un singur arc. Precizați numărul grafurilor turneu cu n noduri ( n număr natural cunoscut).","N/A","$4^{n \star(n-1) / 2}$","$3^{n}(n-1) / 2$","$4^{n *(n+1) / 2}$","$2^{n \star(n-1) / 2}$","$2^{n \star(n+1) / 2}$","$3^{n \star(n+1) / 2}$
\","N/A","N/A","N/A","N/A","N/A","N/A","N/A","N/A","N/A","N/A","N/A","N/A"
"Varianta 12","12.9.","Single","Precizați care din următoarele șiruri de numere poate reprezenta gradele vârfurilor unui arbore cu n noduri ( n număr natural cunoscut).","N/A","4 1 1 2 1 1","2 1 1 1","1 2 2","1 1 1 2 1 5","1 1 1","1 1 1 2 1 6","N/A","N/A","N/A","N/A","N/A","N/A","N/A","N/A","N/A","N/A","N/A","N/A"
"Varianta 12","12.10.","Single","Precizați care este valoarea produsă de subprogramul f, definit mai jos, în urma apelului $\mathrm{f}(\mathrm{s})$, atunci când variabila s memorează șirul de caractere: 123abc45678
\begin{verbatim}
Limbajul C++
int f( char s[100])
{int nr=0,i,n=strlen(s) ,p=1;
for(i=0;s[i]>='0'&&s[i]<='9'; i++)
    {nr=nr+p*(s[n-i-1]-'0');
        p*=10;}
return nr;
}
\end{verbatim}
\begin{verbatim}
Limbajul C
int f( char s[100])
{int nr=0,i,
n=strlen(s),p=1;
for(i=0;s[i]>='0'&&s[i]<='9'; i++)
{nr=nr+p*(s[n-i-1]-'0');
    p*=10;}
return nr;}
\end{verbatim}
\begin{verbatim}
Limbajul Pascal
function f(s:String):longint;
var n,nr,i,p:longint;
begin
n:=Length(s) ;nr:=0;i:=1;p:=1;
while (s[i]>='0') and (s[i]<='9') do
begin
nr:=nr+p*(ord(s[n-i+1])-ord('0'));
i:=i+1; p:=p*10;
end;f:=nr;
end;
\end{verbatim}","N/A","45678","123","876","678","654","876","N/A","N/A","N/A","N/A","N/A","N/A","N/A","N/A","N/A","N/A","N/A","N/A"
"Varianta 12","12.11.","Single","În urma apelului $f(1, n)$ al subprogramului $f$ definit mai jos, este calculată valoarea sumei...:
\begin{verbatim}
Limbajul C++
float f(int i,int
n)
{ if(i<=3*n)
            if(i%3!=0)
    return f(i+1,n);
        else
return
1.0/i+f(i+1,n);
        else return 0;}
\end{verbatim}
\begin{verbatim}
Limbajul C
float f(int i,int
n)
{ if(i<=3*n)
        if(i%3!=0)
    return f(i+1,n);
        else
return
1.0/i+f(i+1,n);
    else return 0;}
\end{verbatim}
\begin{verbatim}
Limbajul Pascal
function
f(i,n:integer):double;
begin
if i<=3*n then
if i mod 3=0 then
f:=f(i+1,n)+1/i
else f:=f(i+1,n)
else f:=0
end;
\end{verbatim}","N/A","$\sum_{i=1}^{3 n} 1 /i$","$\sum_{i=1}^{n} 1 /(3 * i)$","$\sum_{i=1}^{n} 1 / i$","$\sum_{i=1}^{2 n} 1 / i$","$\sum_{i=1}^{n} 1 / (i - 3)$","$\sum_{i=1}^{n} 1 / (i + 3)$","N/A","N/A","N/A","N/A","N/A","N/A","N/A","N/A","N/A","N/A","N/A","N/A"
"Varianta 12","12.12.","Single","Precizați care este valoarea variabilei $\mathbf{x}$, în urma apelului $\mathbf{f}(1)$ al subprogramului $\mathbf{f}$ definit mai jos, pentru $n=4$ și $p=3$.
\begin{verbatim}
Limbajul C++
int s[100],n,p,x;
void f(int k)
{ int i,j,ok;
if(k==p+1) x++;
    else
for(i=1;i<=n;i++)
{s[k]=i;
ok=1;
for(j=1;j<k;j++) 
if(s[k]==s[j]) 
ok=0; 
if(ok) f(k+1);    
}}
\end{verbatim}
\begin{verbatim}
Limbajul C
int s[100],n,p,x;
void f(int k)
{int i,j,ok;
if(k==p+1) x++;
    else
for(i=1;i<=n;i++)
{s[k]=i;
ok=1;
for(j=1;j<k;j++) 
if(s[k]==s[j]) 
ok=0; 
if(ok)f(k+1);     
}}
\end{verbatim}
\begin{verbatim}
Limbajul Pascal
type
vector=array[1..100]
of integer;
var n,p,x:integer;
s: vector;
procedure
f(k:integer);
var i,i1,j,ok:integer; 
begin 
if k=p+1 then 
x:=x+1 
else 
if  k=1 then 
 for i1:=1 to n do 
  begin 
   s[k]:=i1; f(k+1); 
  end 
else 
for i:=1 to n do 
 begin 
  s[k]:=i;  
  ok:=1; 
  for j:=1 to k-1 do 
   if s[k]=s[j] then 
     ok:=0; 
  if ok=1 then f(k+1);     
 end; end;
\end{verbatim}","N/A","120","12","10","8","24","60","N/A","N/A","N/A","N/A","N/A","N/A","N/A","N/A","N/A","N/A","N/A","N/A"
"Varianta 12","12.13.","Single","Precizați numărul maxim de muchii care pot exista într-un graf neorientat cu $\mathbf{n}$ noduri ( $\mathbf{n}$ număr natural cunoscut):","N/A","$n$","$n *(n+1) / 2$","$n *(n-1) / 2$","$n * n *(n-1)$","$n+1$","$n-1$","N/A","N/A","N/A","N/A","N/A","N/A","N/A","N/A","N/A","N/A","N/A","N/A"
"Varianta 12","12.14.","Single","Dacă pentru variabila n se citește valoarea 12 , precizați care este valoarea produsă în urma apelului $f(1, n, n)$ al subprogramului $\mathbf{f}$ definit mai jos:
\begin{verbatim}
Limbajul C++
int f(int a,int b, int n)
{
if(a==b)
    return (n%a==0?1:0);
else
return
f(a,(a+b)/2,n)+f((a+b)/2+1,b,n); }
Limbajul C
int f(int a,int b, int n) 
{    
if(a==b) 
    return (n%a==0?1:0);  
else 
return 
f(a,(a+b)/2,n)+f((a+b)/2+1,b,n);}
Limbajul Pascal
function f(a,b,n:integer):integer; 
begin 
if a=b then  
if n mod a=0 then f:=1 
else f:=0 
else f:=f(a,(a+b) div 2,n)+f((a+b) div 2+1,b,n); 
end;
\end{verbatim}","N/A","0","2","4","6","12","8","N/A","N/A","N/A","N/A","N/A","N/A","N/A","N/A","N/A","N/A","N/A","N/A"
"Varianta 12","12.15.","Single","Indicați ce reprezintă valoarea afișată în urma rulări programului de mai jos:
\begin{verbatim}
Limbajul C++
#include<iostream>
using namespace std;
int f(int n, int k)
{if(k==1||==n) return 1;
        else
        if(k>n)return 0;
        else
        return
            f(n-1,k-1)+k*f(n-1,k); }
        int main()
{ int n, k,s=0;
                cin>>n;
                for(k=1;k<=n;k++)
                    s=s+f(n,k);
                cout<<s; return 0;}
\end{verbatim}
\begin{verbatim}
Limbajul C
#include <stdio.h>
int f(int n, int k)
{if(k==1||k==n) return 1;
        else
            if(k>n)return 0;
            else
        return
            f(n-1,k-1)+k*f(n-1,k); }
    int main()
{ int n, k,s=0;
            scanf(""%d"",&n);
            for(k=1;k<=n;k++)
                s=s+f(n,k);
    printf(""%d"",s); return 0;}
Limbajul Pascal 
function f(n,k:integer):integer; 
begin 
if k=1 then f:=1 
else if k=n then f:=1 
else if k>n then f:=0 
else 
f:=f(n-1,k-1)+k*f(n-1,k);  
end; 
var n,k,s:integer; 
begin 
  readln(n);s:=0; 
  for k:=1 to n do s:=s+f(n,k); 
  writeln(s);readln; 
end. 
\end{verbatim}","N/A","$\boldsymbol{A}_{\boldsymbol{n}}^{\boldsymbol{k}}$","numărul submulțimilor ordonate mulțimii ${\mathbf{1 , 2 . . . n }}$","numărul total al partițiilor mulțimii ${\mathbf{1 , 2 . . . \mathbf { n } }}$","numărul submulțimilor mulțimii ${\mathbf{1 , 2} . . . \mathbf{n}}$","$\boldsymbol{C}_{\boldsymbol{n}}^{\boldsymbol{k}}$","numărul submulțimilor ordonate mulțimii ${\mathbf{1 , 2 . . . k}}$","N/A","N/A","N/A","N/A","N/A","N/A","N/A","N/A","N/A","N/A","N/A","N/A"
"Varianta 13","13.1.","Single","Indicați câte dintre expresiile următoarele au valoarea $\mathbf{1}$ (Limbajul C/C++), respectiv true (Limbajul Pascal) dacă și numai dacă valorile variabilelor a și b sunt numere întregi pare consecutive.
Limbajul C/C++
\begin{verbatim}
1. (a%2)&&(b%2)&&(a-b==2) 
2. (a%2)&&(a-b==2||b-a==2) 
3. !(a%2)&& abs(a-b)==2 
4. !(a%2)&&!(b%2)&& abs(a-b)==2 
5. !!(a%2)&&(a-b==2) 
6. (a%2==0)&&!(abs(a-b)==2)
\end{verbatim}
Limbajul Pascal
\begin{verbatim}
1. (a mod 2<>0) and (b mod 2<>0) and (a-b=2) 
2. (a mod 2<>0) and ((a-b=2) or (b-a=2)) 
3. not(a mod 2<>0) and (abs(a-b)=2) 
4. not(a mod 2<>0) and  not (b mod 2<>0) and  (abs(a-b)=2) 
5. not(not(a mod 2<>0)) and  (a-b=2) 
6. (a mod 2=0) and not(abs(a-b)=2)
\end{verbatim}","N/A","0","1","2","3","4","5","N/A","N/A","N/A","N/A","N/A","N/A","N/A","N/A","N/A","N/A","N/A","N/A"
"Varianta 13","13.2.","Single","Precizați ce se va afișa în urma rulării secvenței următoare, în care se consideră că variabilele a și b memorează numere reale.
\begin{verbatim}
Limbajul C++
a=5.2;
b=-3.25;
a-=b;
b*=2;
cout<<ceil(a+b)<<"" ""<<
floor(a-b);
\end{verbatim}
\begin{verbatim}
Limbajul Pascal
a:=5.2;
b:=-3.25;
a:=a-b;
b:=b*2;
write(round(a+b),' ',trunc(a-
b));
Limbajul C 
a=5.2; 
b=-3.25; 
a-=b;  
b*=2; 
printf(""%g %g"",ceil(a+b),floor(a-b));
\end{verbatim}","N/A","-5 8","-4 8","1 14","1 15","2 14","2 15","N/A","N/A","N/A","N/A","N/A","N/A","N/A","N/A","N/A","N/A","N/A","N/A"
"Varianta 13","13.3.","Single","Precizați ce se afișează la sfârșitul executării secvenței următoare.
\begin{verbatim}
Limbajul C++
void p(int a, int &b)
{ a++;
    b=b*a;
    b-=10;}
int g(int a, int b)
{ a*=10;  
  b+=a; 
  a=b;  
  return a;} 
int main() 
{ int a=2,b=7; 
  p(a,b); 
  cout<<g(b,a);}
Limbajul C 
void p(int a, int *b) 
{ a++; 
  *b=*b*a; 
  *b-=10;} 
int g(int a, int b) 
{ a*=10; 
  b+=a; 
  a=b; 
  return a;} 
int main() 
{ int a=2,b=7; 
  p(a,&b); 
  printf(""%d"",g(b,a)); }
Limbajul Pascal 
var a,b:integer; 
procedure p(a:integer; var 
b:integer); 
begin 
   inc(a);
   b:=b*a; 
   b:=b-10; 
end; 
 
function 
g(a,b:integer):integer; 
begin 
  a:=a*10; 
  b:=b+a; 
  a:=b; 
  g:=a; 
end; 
 
begin 
  a:=2; 
  b:=7; 
  p(a,b); 
  write(g(b,a)); 
end.
\end{verbatim}","N/A","27","41","72","73","112","113","N/A","N/A","N/A","N/A","N/A","N/A","N/A","N/A","N/A","N/A","N/A","N/A"
"Varianta 13","13.4.","Single","Se consideră subprogramul f definit mai jos. Precizați ce se afișează în urma apelului $f(8)$.
\begin{verbatim}
Limbajul C++
void f(int i)
{ if (i>1)
    if (i%2)
        {f(i-1);
            cout<<i-1<<"" "";}
    else {i--;
            f(i);}
}
Limbajul C 
void f(int i) 
{ if (i>1) 
   if (i%2) 
       {f(i-1); 
        printf(""%d "",i-1);} 
   else {i--;  
         f(i);} 
}
Limbajul Pascal 
procedure f(i:integer); 
begin 
  if i>1 then 
    if i mod 2<>0 then 
        begin 
          f(i-1); 
          write(i-1,' '); 
        end  
    else 
        begin 
          dec(i); 
          f(i); 
        end; 
end;
\end{verbatim}","N/A","2 3 5","2 4 6","3 5 7","5 3 2","6 4 2","7 5 3","N/A","N/A","N/A","N/A","N/A","N/A","N/A","N/A","N/A","N/A","N/A","N/A"
"Varianta 13","13.5.","Single","Precizați ce se va afișa în urma rulării secvenței date, în care se consideră că variabilele $\mathbf{x}$ și $\mathbf{y}$ sunt de tip întreg.
\begin{verbatim}
Limbajul C++
x=5; 
y=2; 
cout<<++x/y+++1; 
cout<<endl<<x<<"" ""<<y;
Limbajul C 
x=5; 
y=2; 
printf(""%d"",++x/y+++1); 
printf(""\n%d %d"",x,y);
Limbajul Pascal 
x:=5; 
y:=2; 
inc(x); 
writeln(x div y+1); 
inc(y); 
writeln(x,' ',y);
\end{verbatim}","N/A","\begin{verbatim}
    4
    6
3
\end{verbatim}","\begin{verbatim}
    4
    6 2
\end{verbatim}","\begin{verbatim}
    4
    5 2
\end{verbatim}","\begin{verbatim}
    3
    6 3
\end{verbatim}","\begin{verbatim}
    3
    6 2
\end{verbatim}","\begin{verbatim}
    3
    5 2
\end{verbatim}","N/A","N/A","N/A","N/A","N/A","N/A","N/A","N/A","N/A","N/A","N/A","N/A"
"Varianta 13","13.6.","Single","Ș̦tiind că variabila s este de tip şir de caractere, precizați ce se va afișa după executarea următoarei secvențe de instrucţiuni.
\begin{verbatim}
Limbajul C++/ Limbajul C
strcpy(s, ""ExamenUPB"");
for (i=0;i<strlen(s)/2;i++)
    s[i]=s[strlen(s)-i-2];
strcpy(s,s+2);
strcpy(s+strlen(s)-2,
s+strlen(s)-1);
printf(""%s"",s); | cout<<s;
\end{verbatim}
\begin{verbatim}
Limbajul Pascal
s:='ExamenUPB';
for i:=1 to length(s) div 2
do
s[i]:=s[length(s)-i];
delete(s,1,2);
delete(s,length(s)-1,1);
write(s);
\end{verbatim}","N/A","UnenUB","UnenUP","neenUB","neenUP","nennUB","nennUP","N/A","N/A","N/A","N/A","N/A","N/A","N/A","N/A","N/A","N/A","N/A","N/A"
"Varianta 13","13.7.","Single","Indicați care este numărul de comparații executate pentru ordonarea descrescătoare a unui tablou unidimensional cu 50 elemente, prin metoda interschimbării.","N/A","25","49","50","1225","1226","2450","N/A","N/A","N/A","N/A","N/A","N/A","N/A","N/A","N/A","N/A","N/A","N/A"
"Varianta 13","13.8.","Single","Utilizând metoda backtracking se generează toate codurile formate din cinci caractere distincte ale mulțimii ${\mathbf{a}, \mathbf{b}, \mathbf{c}, \mathbf{d}, \mathbf{e}, \mathbf{f}}$. Primele cinci soluții generate sunt: $a b c d e, a b c d f, a b c e d, a b c e f, a b c f d$. Indicați care sunt codurile generate imediat în faţa soluţiei dcbae, dar și imediat după aceasta.","N/A","dcaef; dcafe","dcafe; dcbaf","dcbaf ; dcbea","dcbfe ; dceab","dcbef; dcbfe","dcbfa; dcbaf","N/A","N/A","N/A","N/A","N/A","N/A","N/A","N/A","N/A","N/A","N/A","N/A"
"Varianta 13","13.9.","Single","La o cantină se prepară zilnic 5 sortimente pentru felul întâi, 10 pentru felul doi și 6 tipuri de desert. Precizați câte posibilități de a alege un meniu există, știind că un meniu este alcătuit din felul întâi, felul doi și facultativ desert.","N/A","50","80","90","250","300","350","N/A","N/A","N/A","N/A","N/A","N/A","N/A","N/A","N/A","N/A","N/A","N/A"
"Varianta 13","13.10.","Single","Fie un graf neorientat cu 10 noduri. Gradele vârfurilor acestuia sunt reținute în șirul: 4,2,2,3,3,3,2,4,2,3. Precizați care este numărul de muchii ce trebuie adăugate pentru ca graful să devină complet.","N/A","45","41","31","27","26","17","N/A","N/A","N/A","N/A","N/A","N/A","N/A","N/A","N/A","N/A","N/A","N/A"
"Varianta 13","13.11.","Single","Fie un graf neorientat complet cu 50 noduri. Precizați care este numărul minim de muchii care trebuie eliminate pentru ca graful să fie hamiltonian.","N/A","0","25","50","612","1175","1225","N/A","N/A","N/A","N/A","N/A","N/A","N/A","N/A","N/A","N/A","N/A","N/A"
"Varianta 13","13.12.","Single","Precizați câți arbori binari cu $\mathbf{3}$ noduri, numerotate de la $\mathbf{1}$ la $\mathbf{3}$, se pot construi. Un arbore binar este un arbore în care fiecare nod are cel mult doi descendenți direcți (fii), ordonați: fiu stâng, fiu drept. Dacă un nod are un singur descendent trebuie specificat dacă este fiu stâng sau fiu drept.","N/A","6","8","9","21","24","30","N/A","N/A","N/A","N/A","N/A","N/A","N/A","N/A","N/A","N/A","N/A","N/A"
"Varianta 13","13.13.","Single","Fie arborele cu rădăcină cu nodurile numerotate de la 1 la 15 , reprezentat prin vectorul de tați: $(10,8,4,10,1,4,5,10,8,0,3,5,3,12,3)$. Precizați câți descendenți are nodul 4.","N/A","6","5","4","3","2","1","N/A","N/A","N/A","N/A","N/A","N/A","N/A","N/A","N/A","N/A","N/A","N/A"
"Varianta 13","13.14.","Single","Precizați câte grafuri neorientate distincte cu 25 noduri, dintre care cel puțin un nod este izolat, se pot construi.","N/A","$2^{276}$","$2^{300}$","$3 \cdot 2^{279}$","$5^{2} \cdot 2^{276}$","$3 \cdot 2^{303}$","$5^{2} \cdot 2^{300}$","N/A","N/A","N/A","N/A","N/A","N/A","N/A","N/A","N/A","N/A","N/A","N/A"
"Varianta 13","13.15.","Single","Fie secvența de instrucțiuni folosită pentru ridicarea la puterea $\mathbf{p}$ a unei matrice pătratice $\mathbf{a}$, de ordin $\mathbf{n}$. Elementele tabloului a sunt numere întregi, iar $\mathbf{n}$ și $\mathbf{p}$ sunt numere naturale nenule. Variabilele $\mathbf{a}, \mathrm{b}, \mathrm{c}$ sunt tablouri bidimensionale, cu n linii și $\mathbf{n}$ coloane, iar variabilele $\mathbf{i}, \mathbf{j}, \mathbf{k}$ sunt de tip întreg.
\begin{verbatim}
Limbajul C++/ Limbajul C
for(i=1;i<=n;i++)
    for(j=1;j<=n;j++)
        b[i][j]=(i==j);
for(q=1;q<=p;q++)
{for(i=1;i<=n;i++)
    for(j=1;j<=n;j++)
        {c[i][j]=0;
            for(k=1;k<=n;k++)
    c[i][j]=
c[i][j]+b[i][k]*a[k][j];
        }
for(i=1;i<=n;i++)
    for(j=1;j<=n;j++)
        b[i][j]=c[i][j];
}
\end{verbatim}
\begin{verbatim}
Limbajul Pascal
for i:=1 to n do
    for j:=1 to n do
        if i=j then b[i,j]:=1
        else b[i,j]:=0;
for q:=1 to p do
    begin
        for i:=1 to n do
            for j:=1 to n do
                begin
                    c[i,j]:=0;
                    for k:=1 to n do
c[i,j]:=c[i,j]+b[i,k]*a[k,j];
                end;
            for i:=1 to n do
    for j:=1 to n do
        b[i,j]:=c[i,j];
end;
\end{verbatim}
Precizați de câte ori se execută operația de înmulțire în cadrul secvenței date pentru ridicarea la puterea $\mathbf{p}$ a matricei pătratice a de ordin n .","N/A","$\left(n^{3}\right)^{p}$","$(p+1) \cdot n^{3}$","$p \cdot n^{3}$","$(p-1) \cdot n^{3}$","$p \cdot n^{2}$","$n^{3}$","N/A","N/A","N/A","N/A","N/A","N/A","N/A","N/A","N/A","N/A","N/A","N/A"
"Varianta 14","14.1.","Single","Indicaţi care expresie dintre următoarele are valoarea 1 (Limbajul C/C++), respectiv true (Limbajul Pascal) dacă și numai dacă valorile variabilelor a și b sunt numere întregi impare consecutive.","N/A","1","2","3","4","5","6","N/A","N/A","N/A","N/A","N/A","N/A","N/A","N/A","N/A","N/A","N/A","N/A"
"Varianta 14","14.2.","Single","Precizați ce se va afișa în urma rulării secvenței următoare, dacă variabila întreagă x are valoarea inițială 1234 .
\begin{verbatim}
Limbajul C++
x=x%100/10*10/10%10 +
x/10%10;
cout<<ceil(sqrt(x)+0.5)<<
"" ""<< floor(sqrt(x)-0.5);
\end{verbatim}
\begin{verbatim}
Limbajul C
x=x%100/10*10/10%10 +
x/10%10;
printf(""%g %g"",
ceil(sqrt(x)+0.5),
floor(sqrt(x)-0.5));
Limbajul Pascal 
x:= x mod 100 div 10*10 div 
10 mod 10 +x div 10 mod 10; 
write(round(sqrt(x)+0.5), 
' ',trunc(sqrt(x)-0.5));
\end{verbatim}","N/A","20","21","22","31","32","53","N/A","N/A","N/A","N/A","N/A","N/A","N/A","N/A","N/A","N/A","N/A","N/A"
"Varianta 14","14.3.","Single","Precizați ce se afișează la sfầrșitul executării secvenței următoare.
\begin{verbatim}
Limbajul C++
void p(int a, int &b)
    { a+=a+b;
        b+=a;
        a=b-a; }
int main() 
  { int a=5,b=10; 
    p(a,b); 
    cout<<a<<"" ""<<b; 
    p(a,b); 
    cout<<endl<<a<<"" ""<<b; 
 }
Limbajul C 
void p(int a, int *b) 
 { a+=a+(*b); 
   *b+=a; 
   a=*b-a; } 
int main() 
{ int a=5,b=10; 
  p(a,&b);   
  printf(""%d %d"",a,b); 
  p(a,&b); 
  printf(""\n%d %d"",a,b);}
Limbajul Pascal 
var a,b:integer; 
procedure p(a:integer; var 
b:integer); 
begin
   a:=a+a+b; 
   b:=b+a; 
   a:=b-a; 
end; 
 
begin 
  a:=5; 
  b:=10; 
  p(a,b);  
  writeln(a,' ',b); 
  p(a,b);  
  writeln(a,' ',b); 
end.
\end{verbatim}","N/A","\begin{verbatim}
5 30
5 70
\end{verbatim}","\begin{verbatim}
5 30
5 80
\end{verbatim}","\begin{verbatim}
5 30
10 80
\end{verbatim}","\begin{verbatim}
10 30
10 80
\end{verbatim}","\begin{verbatim}
10 30
30 70
\end{verbatim}","\begin{verbatim}
10 30
30 80
\end{verbatim}","N/A","N/A","N/A","N/A","N/A","N/A","N/A","N/A","N/A","N/A","N/A","N/A"
"Varianta 14","14.4.","Single","Precizați care este valoarea returnată de funcție la apelul $f(1502)$.
\begin{verbatim}
Limbajul C++/ Limbajul C
int f(int i)
{ if(i==0) return 10;
    else
        if(i%10==0 || i%10==5)
            return f(i/10)*10+i;
        else
        return i%10 * f(i/10);
}
\end{verbatim}
\begin{verbatim}
Limbajul Pascal
function
f(i:integer):integer;
begin
            if i=0 then f:=10
    else
if (i mod 10=0) or (i mod 5=0)
    then f:=f(i div 10)*10 + i
else
    f:=(i mod 10)*f(i div 10);
end;
\end{verbatim}","N/A","3175","2600","2330","2050","530","350","N/A","N/A","N/A","N/A","N/A","N/A","N/A","N/A","N/A","N/A","N/A","N/A"
"Varianta 14","14.5.","Single","Precizați ce se va afișa în urma rulării secvenței următoare, în care se consideră că variabilele $\mathbf{x}$ și $\mathbf{y}$ sunt de tip întreg.
\begin{verbatim}
Limbajul C++
x=2 ; y=5;
while(x<y)
    { cout<<++x+y++<<<"" "";
        x++; }
Limbajul C
x=2; y=5; 
while(x<y) 
{ printf(""%d "",++x+y++); 
  x++; }
Limbajul Pascal 
x:=2; y:=5; 
while x<y do 
  begin 
     inc(x); 
     write(x+y,' '); 
     inc(y); 
     inc(x); 
  end; 
\end{verbatim}","N/A","7 10 13","8 10","8 11 14","9 11","9 12","9 12 15","N/A","N/A","N/A","N/A","N/A","N/A","N/A","N/A","N/A","N/A","N/A","N/A"
"Varianta 14","14.6.","Single","Știind că variabila s este de tip şir de caractere, precizați ce se va afișa după executarea următoarei secvențe de instrucţiuni.
\begin{verbatim}
Limbajul C++/ Limbajul C
strcpy(s, ""Examen-UPB"");
for(i=strlen(s)/2;i>0;i--)
    s[i]=s[strlen(s)-i];
strcpy(s+strlen(s)/2-1,
s+strlen(s)/2+1);
printf(""%s"",s); | cout<<s;
\end{verbatim}
\begin{verbatim}
Limbajul Pascal
s:='Examen-UPB';
for i:=length(s) div 2 downto 2
do s[i]:=s[length(s)-i+2];
delete(s,length(s) div 2,2);
write(s) ;
\end{verbatim}","N/A","- UPB","-n-UPB","n-UPB","EBPUUPB","EBPU-UPB","EBPU--UPB","N/A","N/A","N/A","N/A","N/A","N/A","N/A","N/A","N/A","N/A","N/A","N/A"
"Varianta 14","14.7.","Single","Indicați care este numărul necesar de comparații pentru ordonarea prin interschimbare a unui tablou unidimensional cu 100 elemente.","N/A","99","2475","4851","4950","5050","10000","N/A","N/A","N/A","N/A","N/A","N/A","N/A","N/A","N/A","N/A","N/A","N/A"
"Varianta 14","14.8.","Single","Indicați câte numere divizibile cu 10 , cu 10 cifre, pot fi construite folosind numai cifrele 0, 1 și 2.","N/A","6561","13122","13212","15322","19683","59049","N/A","N/A","N/A","N/A","N/A","N/A","N/A","N/A","N/A","N/A","N/A","N/A"
"Varianta 14","14.9.","Single","Fie mulțimile $A=\{1,2,3,4\}, B=\{1,2,3\}, C=\{1,2\}, D=\{1,2,3,4\}$. Precizați care este al 10-lea element al produsului cartezian $\mathbf{A} \times \mathbf{B} \times \mathbf{C} \times \mathrm{D}$, cât și antepenultimul element.","N/A","1212 ; 4322","1212 ; 4323","1213 ; 4322","1221 ; 4322","1312 ; 4322","1312 ; 4323","N/A","N/A","N/A","N/A","N/A","N/A","N/A","N/A","N/A","N/A","N/A","N/A"
"Varianta 14","14.10.","Single","Fie un graf neorientat cu 25 noduri și $\mathbf{4 0}$ muchii. Precizați care este numărul maxim de noduri izolate pe care le poate avea graful.","N/A","16","15","14","13","10","5","N/A","N/A","N/A","N/A","N/A","N/A","N/A","N/A","N/A","N/A","N/A","N/A"
"Varianta 14","14.11.","Single","Fie un graf neorientat cu 100 noduri. Precizați care este numărul minim de muchii necesar pentru ca graful să nu aibă noduri izolate.","N/A","48","49","50","98","99","100","N/A","N/A","N/A","N/A","N/A","N/A","N/A","N/A","N/A","N/A","N/A","N/A"
"Varianta 14","14.12.","Single","Precizați care este numărul maxim de frunze al unui arbore binar cu 100 noduri care are înălțimea minimă. Un arbore binar este un arbore în care fiecare nod are cel mult doi descendenți direcți (fii).","N/A","99","69","51","50","37","34","N/A","N/A","N/A","N/A","N/A","N/A","N/A","N/A","N/A","N/A","N/A","N/A"
"Varianta 14","14.13.","Single","Fie arborele cu rădăcină cu nodurile numerotate de la $\mathbf{1}$ la 15 , reprezentat prin vectorul de tați: $(10,8,4,10,1,4,5,10,8,0,3,5,3,12,3)$. Precizați câte lanțuri elementare distincte de lungime 3 , care pleacă din radăcină, există.","N/A","2","3","4","5","6","7","N/A","N/A","N/A","N/A","N/A","N/A","N/A","N/A","N/A","N/A","N/A","N/A"
"Varianta 14","14.14.","Single","Precizați câte grafuri orientate distincte cu 25 noduri, dintre care cel puțin un nod este izolat, se pot construi.","N/A","$5^{2} \cdot 2^{600}$","$3 \cdot 2^{603}$","$2^{600}$","$5^{2} \cdot 2^{552}$","$3 \cdot \mathbf{2}^{555}$","$\mathbf{2}^{552}$","N/A","N/A","N/A","N/A","N/A","N/A","N/A","N/A","N/A","N/A","N/A","N/A"
"Varianta 14","14.15.","Single","Precizați care este complexitatea timp pentru următoarea secvență de program, unde n reprezintă numărul de elemente al unui tablou unidimensional $\mathbf{v}$, numerotat de la 1 la n , cu elemente numere întregi, iar $\mathbf{x}$ un număr întreg.
\begin{verbatim}
Limbajul C++/ Limbajul C
j=0;
for(i=1; i<=n; i++)
    if(v[i]!=x)
        { j++; v[j]=v[i]; }
n=j;
\end{verbatim}
\begin{verbatim}
Limbajul Pascal
j:=0;
for i:=1 to n do
        if v[i]<>x then
    begin
        inc(j);v[j]:=v[i];
end;
    n:=j;
\end{verbatim}","N/A","$O$ ( $n$ )","$O(\log n)$","$O(n \cdot \log n)$","$O\left(n^{2}\right)$","$O\left(n^{3}\right)$","$O\left(2^{n}\right)$","N/A","N/A","N/A","N/A","N/A","N/A","N/A","N/A","N/A","N/A","N/A","N/A"
"Varianta 15","15.1.","Single","Se consideră variabilele de tip întreg $a=300, b=5, c=3, d=2$ și $R$, indicați valoarea variabilei $R$ în urma executării instrucțiunii:
Limbajul C++/ Limbajul C R=a/b*c/d; Limbajul Pascal R:=a div b * c div d;","N/A","50","10","40","60","5","90","N/A","N/A","N/A","N/A","N/A","N/A","N/A","N/A","N/A","N/A","N/A","N/A"
"Varianta 15","15.2.","Single","Fie următoarele două secvențe de cod:
\begin{verbatim}
Limbajul C/C++ 
Secvența 1: 
s=0; 
for(i=1;i<=n;i++) 
s=s+i*i; 
 
Secvența 2: 
s=0;i=<initial>; 
while(<condition>) 
{s=s+i*i;i=i-1; 
}
Limbajul Pascal 
Secvența 1: 
s:=0; 
for i:=1 to n do s:=s+i*i; 
 
Secvența 2: 
s:=0; i:=<initial>; 
while <condition> do 
begin 
s:=s+i*i; i:=i-1;  
end;
\end{verbatim}
Cu ce trebuie înlocuite <initial> și <condition> astfel încât cele două secvențe de cod să fie echivalente (în final variabila s să aibă aceeași valoare)?","N/A","1 și i<=n","n și i>0","1 și i<n","n și i>1","1 și i<=n-1","n-1 și i>1","N/A","N/A","N/A","N/A","N/A","N/A","N/A","N/A","N/A","N/A","N/A","N/A"
"Varianta 15","15.3.","Dual","Precizați secvența de instrucțiuni echivalentă cu următoarea secvență de cod.
\begin{verbatim}
Limbajul C++/ Limbajul C
if (a>b)
    if(a%2==0) c=a;
    else c=b;
else
    if(b%2==0) c=a;
    else c=b;
\end{verbatim}
\begin{verbatim}
Limbajul Pascal
if a>b then
begin
        if a mod 2=0 then c:=a
        else c:=b;
end
else
    if b mod 2=0 then c:=a
    else c:=b;
\end{verbatim}","N/A","\begin{verbatim}
if(a>b && a%2==0 || 
b>=a && b%2==0) 
   c=a; 
else c=b;
\end{verbatim}","\begin{verbatim}
if(a>b && a%2==0 || 
b>=a && b%2==0) 
   c=a; 
else c=b;
\end{verbatim}","\begin{verbatim}
if(a>b && a%2==0 && 
b>=a && b%2==0)
  c=a; 
else c=b;
\end{verbatim}","\begin{verbatim}
if(a>b || a%2==0 &&  
b%2==0) c=a; 
else c=b; 
\end{verbatim}","\begin{verbatim}
if(a>b || a%2==0 &&  
b%2==0) c=a; 
else c=b; 
\end{verbatim}","\begin{verbatim}
if(a>b || a%2==0 &&  
b%2==0) c=a; 
else c=b; 
\end{verbatim}","\begin{verbatim}
if(a>b && a%2==0 || 
b>=a && b%2==0) 
   c=a; 
else c=b;
\end{verbatim}","\begin{verbatim}
if(a>b && a%2==0 || 
b>=a && b%2==0) 
   c=a; 
else c=b;
\end{verbatim}","\begin{verbatim}
if(a>b && a%2==0 && 
b>=a && b%2==0)
  c=a; 
else c=b;
\end{verbatim}","\begin{verbatim}
if(a>b || a%2==0 &&  
b%2==0) c=a; 
else c=b; 
\end{verbatim}","\begin{verbatim}
if(a>b || a%2==0 &&  
b%2==0) c=a; 
else c=b; 
\end{verbatim}","\begin{verbatim}
if(a>b || a%2==0 &&  
b%2==0) c=a; 
else c=b; 
\end{verbatim}","\begin{verbatim}
if ((a>b) and (a mod 2=0)) or 
((b>=a) and (b mod 2=0)) then  
c:=a 
else c:=b;
\end{verbatim}","\begin{verbatim}
if ((a>b) and (a mod 2=0)) or 
((b>=a) and (b mod 2=0)) then  
c:=a 
else c:=b;
\end{verbatim}","\begin{verbatim}
if (a>b) and (a mod 2=0) and 
(b>=a) and (b mod 2=0) then 
 c:=a 
 else c:=b;
\end{verbatim}","\begin{verbatim}
if ((a>b) or (a mod 2=0)) and 
(b mod 2=0) then  c:=a 
 else c:=b; 
\end{verbatim}","\begin{verbatim}
if (a>b) or (a mod 2=0) then  
c:=a 
 else c:=b; 
\end{verbatim}","\begin{verbatim}
if (a mod 2=0) and (b mod 2=0) 
then  c:=a  
else c:=b;
\end{verbatim}"
"Varianta 15","15.4.","Single","Indicați numărul de muchii ce trebuie adăugate într-un graf neorientat care are 8 noduri și 20 muchii, astfel încât acesta să devină complet.","N/A","20","0","4","28","8","30","N/A","N/A","N/A","N/A","N/A","N/A","N/A","N/A","N/A","N/A","N/A","N/A"
"Varianta 15","15.5.","Single","Precizați care dintre următoarele șiruri de numere pot reprezenta vectorul de tați al unui arbore binar cu rădăcină. Se numește arbore binar un arbore în care fiecare nod are maxim doi descendenți direcți.","N/A","(5,8,4,0,4,5,3,2,7,8)","(5,1,4,0,4,5,3,1,7,1)","(5,8,4,0,4,5,3,6,7,8)","(5,8,4,0,4,9,3,6,2,7)","(5,0,4,0,4,5,3,1,7,1)","(2,1,4,0,4,5,3,1,7,1)","N/A","N/A","N/A","N/A","N/A","N/A","N/A","N/A","N/A","N/A","N/A","N/A"
"Varianta 15","15.6.","Dual","Se consideră un tablou bidimensional $\mathbf{A}$, cu $\mathbf{n}$ linii şi $\mathbf{n}$ coloane, notăm cu Aij elementul aflat pe linia i şi coloana $\mathbf{j}(1 \leq i \leq n, 1 \leq j \leq n)$. Precizați condiția necesară ca elementul Aij să fie situat deasupra ambelor diagonale.","N/A","$i<j \& \& i+j<n+1$","$i>j \& \& i+j>n+1$","$i<j$ || $i+j<n+1$","$i<j \& \& i+j>n+1$","$i>j$ || $i+j>n+1$","$i<j$ || $i+j>n+1$","$i<j \& \& i+j<n+1$","$i>j \& \& i+j>n+1$","$i<j$ || $i+j<n+1$","$i<j \& \& i+j>n+1$","$i>j$ || $i+j>n+1$","$i<j$ || $i+j>n+1$","(i<j) and (i+j<n+1)","(i>j) and (i+j>n+1)","(i<j) or (i+j<n+1)","(i<j) and (i+j>n+1)","(i>j) or (i+j>n+1)","(i<j) or (i+j>n+1)"
"Varianta 15","15.7.","Single","Precizați câte dintre următoarele expresii au valoarea 1 (pentru Limbajul C++/ Limbajul C), respectiv true (pentru limbajul Pascal) dacă și numai dacă $x \in(-\infty,-10) \cup[10,100)$.
\begin{verbatim}
Limbajul C/C++ 
1. x< -10 && x>=10 && x<100 
2. x< -10 || x>=10 && x<100 
3. !(x>= -10) || !(!(x>=10) 
|| x<100)
4. x< -10 || !(!(x>=10) || 
x>=100) 
5. x< -10 && x>=10
Limbajul Pascal 
1. (x< -10) and (x>=10) and 
(x<100) 
2. (x< -10) or ((x>=10) and 
(x<100)) 
3. not(x>= -10) or 
not(not(x>=10) or (x<100)) 
4. (x< -10) or not(not(x>=10) 
or (x>=100)) 
5. (x< -10) and (x>=10)
\end{verbatim}","N/A","4","1","3","0","5","2","N/A","N/A","N/A","N/A","N/A","N/A","N/A","N/A","N/A","N/A","N/A","N/A"
"Varianta 15","15.8.","Single","În secvenţa de mai jos, variabilele $\mathbf{i}, \mathbf{j}, \mathbf{x}$ şi $\mathbf{y}$ sunt de tip întreg, iar variabila $\mathbf{a}$ memorează un tablou bidimensional în care prima linie şi prima coloană sunt numerotate cu 1. Toate elementele tabloului primesc valori în urma executării secvenței. Precizați care este valoarea elementului a [4] [4] (pentru Limbajul C++/ Limbajul C), respectiv a[4,4] (pentru limbajul Pascal) în urma executării secvenţei de mai jos.
\begin{verbatim}
Limbajul C++/ Limbajul C
x=7928;
    for (j=1;j<=4;j++)
    {
        y=x;
        for(i=1;i<=4;i++)
        {if(j%2==0)
                    a[i][j]=10-y%10;
            else
                a[i][j]=y%10;
            y=y/10; }
        x++;
    }
\end{verbatim}
\begin{verbatim}
Limbajul Pascal
x:=7928;
for j:=1 to 4 do
begin
    y:=x;
    for i:=1 to 4 do
        begin
        if j mod 2=0 then
            a[i,j]:=10-y mod 10
            else
        a[i,j]:=y mod 10;
        y:=y div 10; end;
    x:=x+1;end;
\end{verbatim}","N/A","7","9","2","8","3","1","N/A","N/A","N/A","N/A","N/A","N/A","N/A","N/A","N/A","N/A","N/A","N/A"
"Varianta 15","15.9.","Single","Precizati numărul maxim de componente conexe pe care le poate avea un graf neorientat cu 30 de noduri și 20 muchii.","N/A","25","15","10","24","5","30","N/A","N/A","N/A","N/A","N/A","N/A","N/A","N/A","N/A","N/A","N/A","N/A"
"Varianta 15","15.10.","Single","Se consideră un graf neorientat cu 9 noduri, al cărui vector de muchii este $\mathbf{M}={(\mathbf{1 , 2})$, $(1,9),(2,3),(3,4),(3,7),(3,8),(4,5),(5,6),(5,7),(6,7),(6,8),(8,9)}$. Indicați numărul minim de muchii care trebuie eliminate astfel încât graful să devină eulerian, dar să nu mai fie hamiltonian.","N/A","2","0","4","3","1","5","N/A","N/A","N/A","N/A","N/A","N/A","N/A","N/A","N/A","N/A","N/A","N/A"
"Varianta 15","15.11.","Single","Se utilizează metoda backtracking pentru a genera șiruri de câte 5 caractere din mulțimea ${a, 1, b, 2, c, 3, d, 4}$ cu proprietatea că nu poate sa aibă două cifre sau două litere alăturate. Știind că primul șir generat este a1a1a, iar al doilea este a1a1b, indicați șirul obținut imediat înainte de 2c1a1.","N/A","2b1a1","2b4d3","2b4d4","2c4d4","1c4d4","3c4d4","N/A","N/A","N/A","N/A","N/A","N/A","N/A","N/A","N/A","N/A","N/A","N/A"
"Varianta 15","15.12.","Single","Precizați valoarea variabilei a la finalul executării secvenței următoare de program.
\begin{verbatim}
Limbajul C/C++
char a[50]=""dicarapetacul"";
int i=0,j=strlen(a)-1;
    while(i<=j)
    {
        if(a[i]==a[j])
        { a[i]=a[i+1];
            a[j]=a[j]+1;
        }
        i++; j--;
    }
\end{verbatim}
\begin{verbatim}
Limbajul Pascal
var a:string[50];
    i,j:integer;
.....
a:='dicarapetacul';i:=1;
j:=length(a);
while i<=j do
begin
    if a[i]=a[j] then
        begin
                a[i]:=a[i+1];
a[j]:=CHR(ORD(a[j])+1);
            end;
        i:=i+1; j:=j-1;
end;
\end{verbatim}","N/A","diarraeetbdul","diarrafetbdul","diarraeetuuul","diarraeetuuul","diaraeetuuul","diarrraeetuuul","N/A","N/A","N/A","N/A","N/A","N/A","N/A","N/A","N/A","N/A","N/A","N/A"
"Varianta 15","15.13.","Single","În secvenţa de mai jos, variabilele i, şi j sunt de tip întreg, iar variabila a memorează un tablou unidimensional în care primul element este numerotat cu 1. Toate elementele tabloului primesc valori în urma executării secvenței. Precizați care este valoarea elementului a[4] în urma executării secvenţei de mai jos.
\begin{verbatim}
Limbajul C++/ Limbajul C
for(i=1;i<=5;i++)
    a[i]=10-i;
for(i=1;i<=5;i++)
        if(i<3)
    a[i]=a[i]+a[6-i];
        else a[i]=a[i]-a[6-i];
\end{verbatim}
\begin{verbatim}
Limbajul Pascal
for i:=1 to 5 do
    a[i]:=10-i;
for i:=1 to 5 do
    if i<3 then
            a[i]:=a[i]+a[6-i]
        else a[i]:=a[i]-a[6-i];
\end{verbatim}","N/A","2","4","0","8","-9","-8","N/A","N/A","N/A","N/A","N/A","N/A","N/A","N/A","N/A","N/A","N/A","N/A"
"Varianta 15","15.14.","Single","Indicați  valorile  variabilelor  a  și  b,    în  urma  apelului  f(a,b)  (pentru  Limbajul 
C++/Pascal),  respectiv  f(\&a,b)  (pentru  Limbajul  C),  al  subprogramului  f  definit 
mai jos.
\begin{verbatim}
Limbajul C++ 
int a,b; 
void f(int&x,int y) 
{ int b,c;  
a++; b++; x=x*2; y=y*3;   
b=x; c=y; c++; }
Limbajul C 
int a,b; 
void f(int*x,int y) 
{ int b,c;   
  a++; b++; *x=*x*2;  
y=y*3; b=*x; c=y; c++; }
Limbajul Pascal 
var a,b:integer; 
procedure f(var x:integer; 
y:integer); 
var b,c:integer; 
begin 
 inc(a); inc(b); 
 x:=x*2; y:=y*3; 
  b:=x; c:=y; inc(c); 
end;
\end{verbatim}","N/A","Eroare de compilare","20","22","23","11","10","N/A","N/A","N/A","N/A","N/A","N/A","N/A","N/A","N/A","N/A","N/A","N/A"
"Varianta 15","15.15.","Single","Se consideră subprogramul $f$ definit mai jos. Precizați ce valoare va avea $f(20,2)$.
\begin{verbatim}
Limbajul C++/C
int f(int x,int y)
{int p=1;
    if(x>1)
    { while(x%y==0)
            { p=p*y; x=x/y; }
if(p!=1)
return p+f(x,y+1);
    else return f(x,y+1);
            }
        else return 0;
}
Limbajul Pascal 
function  
f(x,y:integer):integer; 
var p:integer; 
begin 
 p:=1; 
if x>1 then 
begin 
  while x mod y=0 do 
  begin  
    p:=p*y; x:=x div y; end; 
   if p<>1 then f:=p+f(x,y+1) 
      else f:=f(x,y+1); 
    end 
  else f:=0; end;
\end{verbatim}","N/A","9","4","10","7","11","5","N/A","N/A","N/A","N/A","N/A","N/A","N/A","N/A","N/A","N/A","N/A","N/A"
"Varianta 16","16.1.","Single","Se consideră variabilele de tip întreg $a=15, b=30, c=5, d=10$ și $R$, indicați valoarea variabilei $R$ în urma executării instrucțiunii:
Limbajul C++/ Limbajul C R=a+b/c+d; Limbajul Pascal R:=a + b div c + d;","N/A","19","17","3","31","20","15","N/A","N/A","N/A","N/A","N/A","N/A","N/A","N/A","N/A","N/A","N/A","N/A"
"Varianta 16","16.2.","Dual","Fie următoarele două secvențe de cod:
\begin{verbatim}
Limbajul C/C++ 
Secvența 1: 
s=0; 
for(i=1;i<=n;i++)  
  s=s+i*i; 
 
Secvența 2: 
s=0; i=<initial>; 
do 
{s=s+i*i; 
<instrucțiune> 
} while(i>=1); 
Limbajul Pascal 
Secvența 1: 
s:=0; 
for i:=1 to n do  
  s:=s+i*i; 
 
Secvența 2: 
s:=0; i:=<initial>; 
repeat 
s:=s+i*i; 
<instrucțiune> 
until i=0; 
\end{verbatim}
Indicați cu ce trebuie înlocuite <initial> și <instrucțiune> astfel încât cele două secvențe de cod să fie echivalente (în final variabila s să aibă aceeași valoare).","N/A","n și i=i-1;","1 și i=i+1;","n și i=i+1;","0 și i=i+1;","n+1 și i=i+1;","0 și i=i-1;","n și i=i-1;","1 și i=i+1;","n și i=i+1;","0 și i=i+1;","n+1 și i=i+1;","0 și i=i-1;","n și i:=i-1;","1 și i:=i+1;","n și i:=i+1;","0 și i:=i+1;","n+1 și i:=i+1;","0 și i:=i-1;"
"Varianta 16","16.3.","Dual","Precizați secvența de instrucțiuni echivalentă cu următoarea secvență de cod.
\begin{verbatim}
Limbajul C++/ Limbajul C
if (a>b)
    if(a%2==0)
        if(b%2==0) c=a;
    else c=b;
Limbajul Pascal 
if a>b then 
 if a mod 2=0 then   
  if  b mod 2=0 then c:=a 
  else c:=b;
\end{verbatim}","N/A","\begin{verbatim}
if(a>b && a%2==0 && 
b%2==0) c=a; 
if(a>b && a%2==0 && 
b%2!=0) c=b;
\end{verbatim}","\begin{verbatim}
if(a>b && a%2==0 && 
b%2==0) c=a;
  else c=b;
\end{verbatim}","\begin{verbatim}
if(a>b && a%2==0 && 
b%2==0) c=a; 
if(a<b && a%2!=0 && 
b%2!=0) c=b;
\end{verbatim}","\begin{verbatim}
if(a>b && a%2==0 && 
b%2==0) c=a; 
if(a<=b && a%2!=0 && 
b%2!=0) c=b; 
\end{verbatim}","\begin{verbatim}
if(a>b && a%2==0 && 
b%2==0) c=a;
\end{verbatim}","\begin{verbatim}
if(a<=b && a%2!=0 && 
b%2!=0) c=b;
\end{verbatim}","\begin{verbatim}
if(a>b && a%2==0 && 
b%2==0) c=a; 
if(a>b && a%2==0 && 
b%2!=0) c=b;
\end{verbatim}","\begin{verbatim}
if(a>b && a%2==0 && 
b%2==0) c=a;
  else c=b;
\end{verbatim}","\begin{verbatim}
if(a>b && a%2==0 && 
b%2==0) c=a; 
if(a<b && a%2!=0 && 
b%2!=0) c=b;
\end{verbatim}","\begin{verbatim}
if(a>b && a%2==0 && 
b%2==0) c=a; 
if(a<=b && a%2!=0 && 
b%2!=0) c=b; 
\end{verbatim}","\begin{verbatim}
if(a>b && a%2==0 && 
b%2==0) c=a;
\end{verbatim}","\begin{verbatim}
if(a<=b && a%2!=0 && 
b%2!=0) c=b;
\end{verbatim}","\begin{verbatim}
if (a>b) and (a mod 2=0) 
and (b mod 2=0) then c:=a; 
if (a>b) and (a mod 2=0) 
and (b mod 2<>0) then c:=b;
\end{verbatim}","\begin{verbatim}
if (a>b) and (a mod 2=0) 
and (b mod 2=0) then   c:=a  
else c:=b; 
\end{verbatim}","\begin{verbatim}
if (a>b) and (a mod 2=0) 
and (b mod 2=0) then c:=a; 
if (a<b) and (a mod 2<>0) 
and (b mod 2<>0) then c:=b;
\end{verbatim}","\begin{verbatim}
if (a>b) and (a mod 2=0) 
and (b mod 2=0) then c:=a; 
if (a<=b) and (a mod 2<>0) 
and (b mod 2<>0) then c:=b;
\end{verbatim}","\begin{verbatim}
if (a>b) and (a mod 2=0) 
and (b mod 2=0) then c:=a;
\end{verbatim}","\begin{verbatim}
if (a<=b) and (a mod 2<>0) 
and (b mod 2<>0) then c:=b;
\end{verbatim}"
"Varianta 16","16.4.","Single","Indicați numărul minim de muchii ce trebuie eliminate dintr-un graf neorientat complet care are 88 noduri astfel încât acesta să devină eulerian.","N/A","0","84","88","176","10","44","N/A","N/A","N/A","N/A","N/A","N/A","N/A","N/A","N/A","N/A","N/A","N/A"
"Varianta 16","16.5.","Single","Precizați descendenții nodului 5 din arborele dat de următorul vector tați $(5,8,4,0,4,5,3,6,7,8)$.","N/A","1, 2, 6, 8, 10","1 și 6","4","1, 6, 7","1 și 7","6 și 7","N/A","N/A","N/A","N/A","N/A","N/A","N/A","N/A","N/A","N/A","N/A","N/A"
"Varianta 16","16.6.","Single","Se consideră un tablou bidimensional A, cu n linii şi $\mathbf{n}$ coloane, notăm cu Aij elementul aflat pe linia $i$ și coloana $j(1 \leq i \leq n, 1 \leq j \leq n)$. Precizați condiția necesară ca elementul Aij să fie situat pe prima diagonală de sub diagonala secundară, care este paralelă cu aceasta.","N/A","\begin{verbatim}
i+j==n-1 (C/C++) 
i+j=n-1  (Pascal)
\end{verbatim}","\begin{verbatim}
i+j==n+1  (C/C++) 
i+j=n+1  (Pascal)
\end{verbatim}","\begin{verbatim}
i+j==n+2  (C/C++) 
i+j=n+2  (Pascal)
\end{verbatim}","\begin{verbatim}
i==j+1 (C/C++) 
i=j+1  (Pascal)
\end{verbatim}","\begin{verbatim}
i==j (C/C++) 
i=j  (Pascal)
\end{verbatim}","\begin{verbatim}
i+j==n-2  (C/C++) 
i+j=n-2  (Pascal)
\end{verbatim}","N/A","N/A","N/A","N/A","N/A","N/A","N/A","N/A","N/A","N/A","N/A","N/A"
"Varianta 16","16.7.","Single","Precizați intervalul căruia îi aparţine valoarea memorată de variabila reală $\mathbf{x}$, astfel încât expresia următoare să aibă valoarea 1 (pentru Limbajul C++/ Limbajul C), true (pentru Limbajul Pascal)
\begin{verbatim}
Limbajul C/C++ x<-10 || !(!(x>=10) || 
x>=100)
Limbajul Pascal (x<-10) or not(not(x>=10) or 
(x>=100))
\end{verbatim}","N/A","$x \in(-\infty,-10) \cup[10,100)$","$x \in(-\infty,-10] \cup[10,100)$","$\mathbf{x} \in(-\infty,-\mathbf{1 0}) \cup(\mathbf{1 0}, \mathbf{1 0 0})$","$x \in(-\infty,-10) \cup[10,100]$","$x \in(-10,10) \cup(100,+\infty)$","$x \in(-10,100)$","N/A","N/A","N/A","N/A","N/A","N/A","N/A","N/A","N/A","N/A","N/A","N/A"
"Varianta 16","16.8.","Single","În secvenţa de mai jos, variabilele $\mathbf{i}, \mathbf{j}, \mathbf{x}$ şi $\mathbf{y}$ sunt de tip întreg, iar variabila a memorează un tablou bidimensional în care prima linie şi prima coloană sunt numerotate cu 1. Toate elementele tabloului primesc valori în urma executării secvenței. Precizați care este valoarea elementului a [4] [4] (pentru Limbajul C++/ Limbajul C), respectiv a [4,4] (pentru limbajul Pascal) în urma executării secvenței de mai jos.
\begin{verbatim}
Limbajul C++/ Limbajul C
x =3478;
for(j=4;j>=1;j--)
{ y=x;
    for(i=4;i>=1;i--)
    {
if(j%2==0)a[i][j]=10-y%10;
else a[i][j]=y%10;
y=y/10;
    }
x++;}
Limbajul Pascal 
x:=3478; 
for j:=4 downto 1 do 
begin 
 y:=x; 
 for i:=4 downto 1 do 
 begin 
  if j mod 2=0 then   
     a[i,j]:=10-y mod 10 
  else a[i,j]:=y mod 10; 
  y:=y div 10;end; 
x:=x+1; end;
\end{verbatim}","N/A","7","3","6","4","2","8","N/A","N/A","N/A","N/A","N/A","N/A","N/A","N/A","N/A","N/A","N/A","N/A"
"Varianta 16","16.9.","Single","Precizați numărul maxim de noduri izolate pe care le poate avea un graf neorientat cu 30 de noduri și 20 de muchii","N/A","24","23","15","25","0","10","N/A","N/A","N/A","N/A","N/A","N/A","N/A","N/A","N/A","N/A","N/A","N/A"
"Varianta 16","16.10.","Single","Se consideră un graf neorientat cu 9 noduri, al cărui vector de muchii este $\mathbf{M}={(\mathbf{1}, \mathbf{2})$, $(1,9),(2,3),(3,4),(3,7),(3,8),(4,5),(5,6),(5,7),(6,7),(6,8),(8,9)}$. Indicați numărul minim de muchii care trebuie eliminate astfel încât graful să devină eulerian, dar să rămână hamiltonian.","N/A","4","0","Nu se poate","2","7","3","N/A","N/A","N/A","N/A","N/A","N/A","N/A","N/A","N/A","N/A","N/A","N/A"
"Varianta 16","16.11.","Single","Se utilizează metoda backtracking pentru a genera șiruri de câte 5 caractere distincte din mulţimea ${\mathrm{a}, \mathbf{1}, \mathrm{b}, \mathbf{2}, \mathrm{c}, \mathbf{3}, \mathrm{d}, \mathbf{4}}$ cu proprietatea că nu poate să aibă două cifre sau două litere alăturate. Ştiind că primul șir generat este a1b2c, iar al doilea este a1b2d, precizați șirul obţinut imediat înainte de 2c4a1.","N/A","2c3d4","2c1b4","2b4d3","2c3a4","1c3a4","2c1a4","N/A","N/A","N/A","N/A","N/A","N/A","N/A","N/A","N/A","N/A","N/A","N/A"
"Varianta 16","16.12.","Single","Indicați valoarea variabilei a la finalul executării secvenței următoare de program.
\begin{verbatim}
Limbajul C++/ Limbajul C
char a[]=""15iunie1970"";
char v[]=""aeiouAEIOUn"";
int i;
for(i=0;i<strlen(a);i++) a:='15iunie1970';
if(a[i]>='0' && a[i]<='9') 
   a[i]=v[a[i]-'0'];
Limbajul Pascal 
var a,v:string; 
    i:integer; 
... 
a:='15iunie1970';
v:='aeiouAEIOUn'; 
for i:=1 to length(a) do 
if (a[i]>='0') and (a[i]<='9') 
then 
a[i]:=v[ORD(a[i])-ORD('0')+1];
\end{verbatim}","N/A","Eroare de compilare","iEiunieinOe","eAiunieeUIa","152410211970","EiunieinO","AiunieeUI","N/A","N/A","N/A","N/A","N/A","N/A","N/A","N/A","N/A","N/A","N/A","N/A"
"Varianta 16","16.13.","Single","Se consideră un tablou unidimensional a cu n numere naturale. Dacă pentru n se citește valoarea 7, iar a primește valorile: 7,4,8,2,9,6 și 2, precizați ce se va afișa la sfârșitul executării secvenței următoare de program.
\begin{verbatim}
Limbajul C++
int a[15],i,n,j;
cin>>n;
for(i=0;i<n;i++)
        cin>>a[i];
for(i=0;i<n;i++)
        if(a[i]%2==0)
{
    for(j=i;j<n-1;j++)
            a[j]=a[j+1];
    n--;
}
for(i=0;i<n;i++)
cout<<a[i]<<"" "";
\end{verbatim}
\begin{verbatim}
Limbajul C 
int a[15],i,n,j; 
scanf(""%d"",&n); 
for(i=0;i<n;i++) 
 scanf(""%d"",&a[i]); 
for(i=0;i<n;i++) 
 if(a[i]%2==0) 
{ 
 for(j=i;j<n-1;j++) 
   a[j]=a[j+1]; 
 n--;  
} 
for(i=0;i<n;i++)    
printf(""%d "",a[i]);
\end{verbatim}
\begin{verbatim}
Limbajul Pascal
var a:array[1..20] of
integer;
        i,j,n,k:integer;
read(n);
for i:=1 to n do read(a[i]);
i:=1;
while i<=n do
    begin
        if a[i] mod 2=0 then
            begin
                k:=n-1;
                for j:=i to k do
a[j]:=a[j+1];
            n:=n-1; end;
        i:=i+1; end;
for i:=1 to n do
write(a[i],' ');
\end{verbatim}","N/A","7 2 9 2","7 9","7 8 9 2","7 4 2 9 6","4 2 6","4 8 2 6","N/A","N/A","N/A","N/A","N/A","N/A","N/A","N/A","N/A","N/A","N/A","N/A"
"Varianta 16","16.14.","Single","Indicați valorile variabilelor $\mathbf{a}$ și $b$, în urma apelului $f(a, b, b)$ (pentru Limbajul C++/Pascal), respectiv $f(\& a, b, b)$ (pentru Limbajul C), al subprogramului $f$ definit mai jos.
\begin{verbatim}
Limbajul C++
int a,b;
void f(int&x,int y,int b)
{ a++; b++;
    x=x*2; y=y*3;
}
Limbajul C
int a,b;
void f(int*x,int y,int b)
{ a++; b++;
    *x=*x*2; y=y*3;
}
Limbajul Pascal 
var a,b:integer; 
procedure f(var x:integer; 
y,b:integer); 
begin 
  inc(a); inc(b);  
  x:=x*2; y:=y*3; 
end; 
\end{verbatim}","N/A","Eroare de compilare","23","11","20","22","10","N/A","N/A","N/A","N/A","N/A","N/A","N/A","N/A","N/A","N/A","N/A","N/A"
"Varianta 16","16.15.","Single","Se consideră subprogramul $\mathbf{f}$ definit mai jos. Precizații ce valoare va avea $\mathrm{f}(1234,6789,1)$.
\begin{verbatim}
Limbajul C++/C 
int f(int x,int y, int p) 
{ 
if(y!=0) 
 if(y%2==0) 
   return 
y%10*p+f(x/10,y/10,p*10); 
 else 
   return 
x%10*p+f(x/10,y/10,p*10); 
    else  return 0; 
}
Limbajul Pascal 
function 
f(x,y,p:integer):integer; 
begin 
 if y<>0 then 
  if y mod 2=0 then   
    f:= y mod 10 * p +       
f(x div 10,y div 10,p*10) 
  else  f:=x mod 10 * p + 
 f(x div 10,y div 10,p*10) 
 else  f:=0; 
end;
\end{verbatim}","N/A","1739","4862","6789","200","6284","1234","N/A","N/A","N/A","N/A","N/A","N/A","N/A","N/A","N/A","N/A","N/A","N/A"
"Varianta 17","17.1.","Single","Alegeți secvențele de instrucțiuni prin care variabilei întregi pc i se atribuie valoarea primei cifre a unui număr natural dat prin variabila a.
\begin{verbatim}
Limbajul C++
1. pc=a/10; 
2. pc=a;while(pc>9)pc=pc/10; 
3. pc=a%10; 
4. pc=a;while(pc>9)pc=pc%10; 
5. pc=a;while(pc>0)pc=pc/10; 
6. pc=a;while(pc>0)pc=pc%10;
\end{verbatim}
\begin{verbatim}
Limbajul C 
1. pc=a/10; 
2. pc=a;while(pc>9)pc=pc/10; 
3. pc=a%10; 
4. pc=a;while(pc>9)pc=pc%10; 
5. pc=a;while(pc>0)pc=pc%10; 
6. pc=a;while(pc>0)pc=pc/10;
Limbajul Pascal 
1. pc:=a div 10; 
2. pc:=a; while (pc>9) 
do pc:=pc div 10; 
3. pc:=a mod 10; 
4. pc:=a; while (pc>9) 
do pc:=pc mod 10; 
5. pc:=a; while (pc>0) 
do pc:=pc div 10; 
6. pc:=a; while (pc>0) 
do pc:=pc mod 10;
\end{verbatim}","N/A","1","2","3","4","5","6","N/A","N/A","N/A","N/A","N/A","N/A","N/A","N/A","N/A","N/A","N/A","N/A"
"Varianta 17","17.2.","Single","Precizați care dintre următoarele secvențe de instrucțiuni atribuie variabilei întregi $p$, valoarea $3^{\text {n }}$, unde variabila $n$ reprezintă un număr natural dat.
\begin{verbatim}
Limbajul C++ 
1. p=1;for(i=1;i<=n;i++)p*=n; 
2. p=3;for(i=1;i<=n;i++)p*=i; 
3. p=1;i=0;while(i<n)p*=3;i++; 
4. p=1;for(i=1;i<=n;i++)p*=3; 
5. p=3;for(i=n;i>=0;i--)p*=3; 
6. p=1;for(i=n;i>=0;i--)p*=3;
Limbajul C 
1. p=1;for(i=1;i<=n;i++) p*=n; 
2. p=3;for(i=1;i<=n;i++) p*=i; 
3. p=1;i=0;while (i<n) p*=3;i++; 
4. p=1;for(i=1;i<=n;i++) p*=3; 
5. p=3;for(i=n;i>=0;i--) p*=3; 
6. p=1;for(i=n;i>=0;i--) p*=3;
Limbajul Pascal 
1. p:=1;for i:=1 to n 
do p:=p*n; 
2. p:=3;for i:=1 to n 
do p:=p*i; 
3. p:=1; i:=0;  
while (i<n) do 
p:=p*3; inc(i); 
4. p:=1;for i:=1 to n 
do p:=p*3; 
5. p:=3; 
for i:=n downto 0 do 
p:=p*3; 
6. p:=1;  
for i:=n downto 0 do 
p:=p*3;
\end{verbatim}","N/A","1","2","3","4","5","6","N/A","N/A","N/A","N/A","N/A","N/A","N/A","N/A","N/A","N/A","N/A","N/A"
"Varianta 17","17.3.","Single","Indicați valoarea returnată de funcția definită mai jos, la apelul sp (3).
\begin{verbatim}
Limbajul C 
int sp(int n) 
{ 
if(n>1)  
 return  
sp(n-1)+n*(n+1)*(n+2); 
 else return 6;}
Limbajul C++ 
int sp(int n) 
{if(n>1) return  
sp(n-1)+n*(n+1)*(n+2); 
   else return 6;}
Limbajul Pascal 
function 
sp(n:integer):integer; 
Begin 
if(n>1) then  
 sp:=sp(n-1)+n*(n+1)*(n+2) 
    else  
     sp:=6; 
End;
\end{verbatim}","N/A","30","60","90","120","150","180","N/A","N/A","N/A","N/A","N/A","N/A","N/A","N/A","N/A","N/A","N/A","N/A"
"Varianta 17","17.4.","Single","Indicați expresia corectă din punct de vedere sintactic și care are ca valoare $\mathbf{3}^{2020}$.
\begin{verbatim}
Limbajul C++ 
1. exp(2020*log(3)) 
2. exp(log(2020))*exp(3) 
3. log(3)*exp(2020) 
4. log(3*exp(2020)) 
5. exp(log(2020)*log(3)) 
6. log(exp(2020*log(3)))
Limbajul C 
1. exp(2020*log(3)) 
2. exp(log(2020))*exp(3) 
3. log(3)*exp(2020)  
4. log(3*exp(2020)) 
5. exp(log(2020)*log(3)) 
6. log(exp(2020*log(3)))
Limbajul Pascal 
1. exp(2020*ln(3)) 
2. exp(ln(2020))*exp(3) 
3. ln(3)*exp(2020) 
4. ln(3*exp(2020)) 
5. exp(log(2020)*ln(3)) 
6. log(exp(2020*ln(3))) 
\end{verbatim}","N/A","1","2","3","4","5","6","N/A","N/A","N/A","N/A","N/A","N/A","N/A","N/A","N/A","N/A","N/A","N/A"
"Varianta 17","17.5.","Single","Fie graful neorientat $\mathbf{G}=(\mathrm{V}, \mathbf{M})$, unde V este mulțimea nodurilor grafului, $\operatorname{card}(\mathrm{V})=\mathrm{n}$, respectiv, M este mulțimea muchiilor grafului, iar $\operatorname{card}(\mathrm{M})=\mathrm{m}$. Graful dat are $p$ componente conexe. Dacă $\mathrm{n}=1010, \mathrm{~m}=2020$ iar $\mathrm{p}=100$, precizați care este numărul maximal de cicluri independente care pot fi construite concomitent pe graf. Prin cicluri independente se înțelege, cicluri care conțin cel puţin câte o muchie care aparține doar unuia din ele.","N/A","1001","1010","1011","1100","1101","1110
\","N/A","N/A","N/A","N/A","N/A","N/A","N/A","N/A","N/A","N/A","N/A","N/A"
"Varianta 17","17.6.","Single","Indicați valoarea variabilei text după executarea instrucţiunilor de mai jos.
\begin{verbatim}
Limbajul C++ 
char text[250]; 
strncpy(text, 
strstr(""Admitere Poli 2020"", 
""oli""),9); 
text[9]='\0';
Limbajul C 
char text[250]; 
strncpy(text, 
strstr(""Admitere Poli 2020"", 
""oli""),9); 
text[9]='\0';
Limbajul Pascal 
var 
text:string[250];p:integer; 
Begin 
text:='Admitere Poli 2020'; 
p:=pos('oli',text); 
text:=copy(text,p,9); 
End. 
\end{verbatim}","N/A","Admitere","Admitere 2020","Admitere Poli","Poli 2020","oli 2020","2020","N/A","N/A","N/A","N/A","N/A","N/A","N/A","N/A","N/A","N/A","N/A","N/A"
"Varianta 17","17.7.","Single","Indicați valoarea variabilei text după executarea secvenței de instrucţiuni de mai jos.
\begin{verbatim}
Limbajul C++ 
char text[250]; 
strcpy(text,strstr(""Admitere Politehnica Bucuresti 
2020"", ""Poli"")+strlen(""240820201731"")); 
cout<<strcat(text,"" ADMIS""); 
 
Limbajul C 
char text[250]; 
strcpy(text,strstr(""Admitere Politehnica Bucuresti 
2020"", ""Poli"")+strlen(""240820201731"")); 
printf("" %s \n"", strcat(text,"" ADMIS"")); 
 
Limbajul Pascal 
var text:string[250];p:integer; 
Begin 
text:='Admitere Politehnica Bucuresti 2020'; 
p:=pos('Poli',text); 
text:=copy(text,p+length('240820201731'),length(text)); 
text:=concat(text,' ADMIS'); writeln(text); End.
\end{verbatim}","N/A","Admitere 2020 ADMIS","Admitere 2020","Bucuresti ADMIS","Bucuresti 2020 ADMIS","Politehnica ADMIS","Politehnica 2020 ADMIS","N/A","N/A","N/A","N/A","N/A","N/A","N/A","N/A","N/A","N/A","N/A","N/A"
"Varianta 17","17.8.","Single","Utilizând metoda backtracking, se generează toate modalitățile de a se îmbrăca un inginer. Ș̦tiind că el are la dispoziție 12 cămăși, 8 pantaloni și 9 cravate, indicați numărul de modalități de a se îmbrăca, folosind toate cele trei elemente vestimentare, pe care le are inginerul.","N/A","864","204","168","108","96","29","N/A","N/A","N/A","N/A","N/A","N/A","N/A","N/A","N/A","N/A","N/A","N/A"
"Varianta 17","17.9.","Single","Precizați care este cea mai mare valoare pe care o poate lua variabila întreagă $\mathbf{n}$ astfel încât să se afișeze mesajul Corect.
\begin{verbatim}
Limbajul C
if(n<17-3*n)
    printf(""Corect"");
else
printf(""Incorect"");
\end{verbatim}
\begin{verbatim}
Limbajul C++
if (n<17-3*n)
cout<<""Corect"";
else
cout<<""Incorect"";
\end{verbatim}
\begin{verbatim}
Limbajul Pascal
if n<17-3*n then
write(""Corect"")
else
write(""Incorect"");
\end{verbatim}","N/A","17","15","12","10","7","4","N/A","N/A","N/A","N/A","N/A","N/A","N/A","N/A","N/A","N/A","N/A","N/A"
"Varianta 17","17.10.","Single","Precizați care este valoarea inițială a variabilei întregi $n$ pentru ca secvența de program de mai jos să afișeze $\mathbf{\$} \mathbf{\$} \mathbf{\$} \mathbf{\$}  \mathbf{\$}$.
\begin{verbatim}
Limbajul C
while(n!=3)
    { n--;
        printf(""$$"");}
\end{verbatim}
\begin{verbatim}
Limbajul C++
while(n!=3)
    { n--;
    cout<<""$$"";}
\end{verbatim}
\begin{verbatim}
Limbajul Pascal
while n<>3 do
begin
dec(n);
write('$$');end;
\end{verbatim}","N/A","1","2","3","3","5","nici o valoare","N/A","N/A","N/A","N/A","N/A","N/A","N/A","N/A","N/A","N/A","N/A","N/A"
"Varianta 17","17.11.","Single","Se construiește un tablou bidimensional cu $n$ linii și n coloane, în variabila $\mathbf{A}$ prin secvența de mai jos, unde variabila $n$ este un număr natural nenul dat.
\begin{verbatim}
Limbajul C
for(i=1;i<=n;i++)
for(j=1;j<=n;j++)
A[i][j]=(2*i+j)/2;
\end{verbatim}
\begin{verbatim}
Limbajul C++ 
for(i=1;i<=n;i++) 
for(j=1;j<=n;j++) 
A[i][j]=(2*i+j)/2;
Limbajul Pascal for i:=1 to n do 
for i:=1 to n do 
A[i,j]:=(2*i+j)/2;
\end{verbatim}
Precizați suma elementelor alfate pe diagonala principală a tabloului bidimensional A, în urma execuției secvenței de mai sus.","N/A","$\frac{3}{4} \cdot(n+1) \cdot n$","$\frac{3}{4} \cdot n^{2}$","$\frac{4}{3} \cdot n^{2}$","$\frac{1}{4} \cdot(n+1) \cdot n$","$\frac{1}{4} \cdot n^{2}$","$\frac{1}{3} \cdot n^{2}$","N/A","N/A","N/A","N/A","N/A","N/A","N/A","N/A","N/A","N/A","N/A","N/A"
"Varianta 17","17.12.","Single","Se consideră declarările de mai jos. Indicați tipul expresiei aa.a.a
\begin{verbatim}
Limbajul C 
struct S1 
{int a; 
char b;}; 
struct S2 
{float a; double 
b;}; 
struct S3 
{struct S1 a; 
struct S2 b; 
} aa, bb;
Limbajul C++ 
struct S1 
{int a; 
char b;}; 
struct S2 
{float a; double 
b;}; 
struct S3 
{struct S1 a; 
struct S2 b; 
} aa, bb;
Limbajul Pascal Type S1=Record           
a: 
integer;         
b: char; 
       End; 
      S2=Record 
       a: real; 
       b: real; 
         End;        
S3=Record 
          a: S1; 
          b: S2; 
          End; 
var aa,bb:S3;
\end{verbatim}","N/A","long/ long/ longint","float/ float/ real","int/ int/ integer","double/ double/ real","char/ char/char","nu putem avea în înregistrări diferite, câmpuri cu același nume","N/A","N/A","N/A","N/A","N/A","N/A","N/A","N/A","N/A","N/A","N/A","N/A"
"Varianta 17","17.13.","Single","Stabiliți care este valoarea inițială a variabilei naturale i pentru ca secvența de program de mai jos să afișeze valorile $1 \begin{array}{llllll}1 & 2 & 4 & 5 & 6 & 7\end{array}$.
\begin{verbatim}
Limbajul C
k=1;
for(i=...i<=2020;i++)
{
    printf(""%d "",k);
    k++;
}
\end{verbatim}
\begin{verbatim}
Limbajul C++
k=1;
for(i=...i<=2020;i++)
{
    cout<<k<<"" "";
    k++;
}
\end{verbatim}
\begin{verbatim}
Limbajul Pascal
$\mathrm{k}:=1$;
for $i=$... to 2020 do
Begin
    Write(k,' ');
    inc (k);
end;
\end{verbatim}","N/A","7","17","283","314","2013","2014","N/A","N/A","N/A","N/A","N/A","N/A","N/A","N/A","N/A","N/A","N/A","N/A"
"Varianta 17","17.14.","Single","Se consideră o mulțime A cu n numere naturale. Precizați care este complexitatea temporală pentru a genera toate submulțimile care au proprietatea că suma elementelor fiecărei submulțimi generate este divizibilă cu n.","N/A","$\mathbf{O}(\mathbf{n} \cdot \log (\mathrm{n}))$","$\mathbf{O}(\mathbf{n}+\log (\mathrm{n}))$","$\mathbf{O}\left(2^{\text {n }}\right)$","$\mathbf{O}\left(\mathbf{n}^{3}\right)$","$\mathbf{O}\left(\mathbf{n}^{2}\right)$","$\mathbf{O}(\mathbf{n})$","N/A","N/A","N/A","N/A","N/A","N/A","N/A","N/A","N/A","N/A","N/A","N/A"
"Varianta 17","17.15.","Single","Precizați complexitatea timp pentru secvența de program de mai jos.
\begin{verbatim}
Limbajul C
k=0;
for(int a=n;a>=1;a/=2)
    for(int b=a;b>=1;b--)
        k++;
printf(""%i \n"",k);
Limbajul C++
k=0;
for(int a=n;a>=1;a/=2)
    for(int b=a;b>=1;b--)
        k++;
cout<<k;
Limbajul Pascal 
k:=0;a:=n; 
while(a>=1) do  
begin 
  b:=a; 
    while(b>=1) do 
       begin 
        k++; 
        dec(b); 
      end; 
  a:=a div 2; 
end; 
write(k);
\end{verbatim}","N/A","$\mathbf{O}(\mathbf{n} \cdot \log (\mathrm{n}))$","$\mathbf{O}(\mathrm{n}+\log (\mathrm{n}))$","$\mathbf{O}\left(\mathbf{2}^{\text {n }}\right)$","$\mathbf{O}\left(\mathbf{n}^{2}\right)$","$\mathbf{O}(\mathbf{n})$","$\mathbf{O}(1)$","N/A","N/A","N/A","N/A","N/A","N/A","N/A","N/A","N/A","N/A","N/A","N/A"
"Varianta 18","18.1.","Single","Precizați care dintre următoarele secvențe de instrucțiuni atribuie variabilei întregi pc valoarea 100, unde $\mathbf{a}=559020$.
\begin{verbatim}
Limbajul C
1. pc=a/100*a%10;
2. pc=a;while(pc>9) pc=pc/10;
    pc*=a%100;
3. pc=a%100;
4. pc=a;while(pc>9) pc:=pc%10;
    pc*=a%100;
5. pc=a/10;
    while(pc>0) pc=pc/10;
    pc*=a%100;
6. pc=a;while (pc>0) pc=pc/10;
    pc*=a%100;
Limbajul C++
    pc=a/100*a%10;
    pc=a;while (pc>9) pc=pc/10;
    pc*=a%100;
3. pc=a%100;
    pc=a;while(pc>9) pc=pc%10;
    pc*=a%100;
5. pc=a/10;
    while(pc>9) pc=pc/10;
    pc*=a%100;
6. pc=a;while(pc>0) pc=pc/10;
    pc*=a%100;
Limbajul Pascal 
1. pc:=a div 10 * a mod 10; 
2. pc:=a;  
while (pc>9) do 
     pc:=pc div 10;  
pc:=pc*(a mod 100); 
3. pc:=a mod 100; 
4. pc:=a;  
while (pc>9) do 
 pc:=pc mod 10; 
pc:=pc*(a mod 100); 
5. pc:=a/10;  
while (pc>0) do 
      pc:=pc div 10;  
pc:=pc*(a mod 100); 
6. pc:=a;  
while (pc>0) do 
      pc:=pc div 10;  
pc:=pc*(a mod 100);
\end{verbatim}","N/A","1","2","3","4","5","6","N/A","N/A","N/A","N/A","N/A","N/A","N/A","N/A","N/A","N/A","N/A","N/A"
"Varianta 18","18.2.","Single","Precizați care dintre următoarele secvențe de instrucțiuni de mai jos, atribuie variabilei întregi $\mathbf{p}$ valoarea împărțirii întregi a numărului $\mathbf{a}$ la numărul $\mathbf{b}$, unde variabilele $\mathbf{a}$ și $\mathbf{b}$ reprezintă două numere întregi date.
\begin{verbatim}
Limbajul C
1. p=1;s=0; 
for(i=1;i<=b;i++) 
p-=b;s++; 
2. p=a; 
for(i=1;i<=b;i++)p-=i; 
3. p=1;i=0; 
while(i<b) p-=a;i++;  
4. p=0;s=a; 
for(i=1;i<=b&&s>0;i++) 
{p++;s-=b;} 
5. p=a; 
for(i=0;i<=b;i++)p-=b; 
6. p=1; 
for(i=0;i<=b;i++)p-=b;
Limbajul C++ 
1. p=1;s=0; 
for(i=1;i<=b;i++) 
p-=b;s++; 
2. p=a; 
for(i=1;i<=b;i++)p-=i; 
3. p=1;i=0;while(i<b)p-=a; 
i++;  
4. p=0;s=a; 
for(i=1;i<=b&&s>0;i++) 
{p++;s-=b;} 
5. p=a; 
for(i=0;i<=b;i++)p-=b; 
6. p=1; 
for(i=0;i<=b;i++)p-=b;
Limbajul Pascal 
1. p:=1;s:=0;for i:=1 to b 
do p:=p-n;inc(s); 
2. p:=a;for i:=1 to b do 
p:=p-i; 
3. p:=1;i:=0; 
while i<b do 
p:=p*a;inc(i); 
4. p:=0;s:=a;while(s>0)
begin inc(p);s:=s-b; 
end; 
5. p:=a;for i:=0 to b do 
p:=p-b; 
6. p:=1;for i:=0 to b do 
p:=p-b;
\end{verbatim}","N/A","1","2","3","4","5","6","N/A","N/A","N/A","N/A","N/A","N/A","N/A","N/A","N/A","N/A","N/A","N/A"
"Varianta 18","18.3.","Single","Precizați care este valoarea returnată de funcția definită mai jos, la apelul sp (5).
\begin{verbatim}
Limbajul C++
float sp(int n)
{if(n>1)
return sp (n-1)+1./(n* (n+1));
    else return 0.5;}
Limbajul C
float sp(int n)
{if(n>1)
return sp (n-1)+1./(n* (n+1));
    else return 0.5;}
Limbajul Pascal 
function 
sp(n:integer):real; 
Begin 
if(n>1) then 
sp:=sp(n-1)+1/(n*(n+1)) 
   else  
     sp:=0.5; 
end;
\end{verbatim}","N/A","0.83","0.82","0.81","0.38","0.28","0.18","N/A","N/A","N/A","N/A","N/A","N/A","N/A","N/A","N/A","N/A","N/A","N/A"
"Varianta 18","18.4.","Single","Precizați care dintre următoarele expresii de mai jos reprezintă valoare polinomului $p=\sum_{k=0}^{n}(n-k) \cdot X^{k}$, pentru un număr $\mathbf{x}$ real pozitiv, iar $\mathbf{n}$ este un număr natural, $\mathbf{x}$ și $\mathbf{n}$ sunt introduse de la tastatură.
\begin{verbatim}
Limbajul C 
1. p=0;for(k=0;k<=n;k++) 
     p=p+(n-k)*pow(x,k); 
2. p=1;for(k=0;k<=n;k++)
     p=p+(n-k)*pow(x,k); 
3. 3. p=1;for(k=0;k<n;k++) 
    p=p+(n-k)*pow(x,k); 
4. 4. p=0;for(k=0;k<=n+1;k++) 
     p=p+(n-k)*pow(x,k); 
5. p=1;for(k=0;k<=n+1;k++) 
    p=p+(n-k)*pow(x,k); 
6. p=0;for(k=0;k<n;k++) 
    p=p+(n-k)*pow(x,k);
Limbajul C++ 
1. p=0;for(k=0;k<=n;k++)p=p+(n-k)*pow(x,k); 
2. p=1;for(k=0;k<=n;k++)p=p+(n-k)*pow(x,k); 
3. p=1;for(k=0;k<n;k++)p=p+(n-k)*pow(x,k); 
4. p=0;for(k=0;k<=n+1;k++)p=p+(n-k)*pow(x,k); 
5. p=1;for(k=0;k<=n+1;k++)p=p+(n-k)*pow(x,k); 
6. p=0;for(k=0;k<n;k++)p=p+(n-k)*pow(x,k);
Limbajul Pascal 
1. p:=0;for k:=0 to n do  
 p:=p+(n-k)*exp(k*ln(x)); 
2. p:=1;for k:=0 to n do
 p:=p+(n-k)*exp(k*ln(x)); 
3. p:=1;for k:=0 to n-1 do 
 p:=p+(n-k)*exp(k*ln(x)); 
4. p:=0;for k:=0 to n+1 do 
 p:=p+(n-k)*exp(k*ln(x)); 
5. p:=1;for k:=0 to n+1 do 
 p:=p+(n-k)*exp(k*ln(x)); 
6. p:=0;for k:=0 to n-1 do 
 p:=p+(n-k)*exp(k*ln(x)); 
\end{verbatim}","N/A","1","2","3","4","5","6","N/A","N/A","N/A","N/A","N/A","N/A","N/A","N/A","N/A","N/A","N/A","N/A"
"Varianta 18","18.5.","Single","Fie graful neorientat $\mathrm{G}=(\mathrm{V}, \mathrm{M})$, unde V este mulțimea nodurilor grafului, $\operatorname{card}(\mathrm{V})=\mathrm{n}$, respectiv, $\mathbf{M}$ este mulțimea muchiilor grafului, $\operatorname{iar} \operatorname{card}(\mathbf{M})=\mathrm{m}$. Având la dispoziție cele n noduri se pot construi 32768 de grafuri neorintate distincte, precizați valoarea variabilei $n$.","N/A","15","14","13","8","7","6","N/A","N/A","N/A","N/A","N/A","N/A","N/A","N/A","N/A","N/A","N/A","N/A"
"Varianta 18","18.6.","Single","Precizați care este valoare variabilei text după executarea instrucțiunilor de mai jos.
\begin{verbatim}
Limbajul C 
char text[250]=""""; 
strncpy(text,strstr(""Admitere Poli 2020"",""Poli""),9); 
text[9]='\0'; 
for(int k=strlen(text)-1;k>=0;k--) printf(""%c"",text[k]); 
 
Limbajul C++ 
char text[250]; 
strncpy(text,strstr(""Admitere Poli 2020"",""Poli""),9); 
text[9]='\0'; 
for(int k=strlen(text)-1;k>=0;k--) cout<<text[k]; 
cout<<text; 
 
Limbajul Pascal  
var text:string[250]; 
c:char; 
p,k:integer; 
Begin 
text:='Admitere Poli 2020'; p:=pos('Poli',text);
text:=copy(text,p,length(text)); 
for k:=1 to length(text) div 2 do 
 begin 
   c:=text[k];text[k]:=text[length(text)-k+1]; 
   text[length(text)-k+1]:=c; 
 end; 
writeln(text); 
End.
\end{verbatim}","N/A","Poli 2020","oli 2020","Admitere Poli","0202 iloP eretimdA","0202 eretimdA","0202 iloP","N/A","N/A","N/A","N/A","N/A","N/A","N/A","N/A","N/A","N/A","N/A","N/A"
"Varianta 18","18.7.","Single","Precizați ce valoare are variabila text după executarea instrucţiunii de mai jos.
\begin{verbatim}
Limbajul C 
char text[250],nou[250]; 
strcpy(text,strstr(""Admitere Politehnica Bucuresti 2020"", 
""ere"")+strlen(""2408"")); 
strcpy(nou,text); strnset(nou,'X',12); 
strncat(text,nou,12); printf(""%s \n"", text); 
 
Limbajul C++ 
char text[250],nou[250]; 
strcpy(text,strstr(""Admitere Politehnica Bucuresti 2020"", 
""ere"")+strlen(""2408"")); 
strcpy(nou,text); strnset(nou,'X',12); 
strncat(text,nou,12); cout<<text; 
 
Limbajul Pascal 
var text:string[250]; 
c:char; 
p,i:integer; 
Begin 
text:='Admitere Poli 2020'; p:=pos('Poli',text); 
text:=copy(text,p,length(text)); 
for i:=1 to length(text) div 2 do 
begin 
c:=text[i]; text[i]:=text[length(text)-i+1]; 
text[length(text)-i+1]:=c; 
end; 
writeln(text); 
End. 
\end{verbatim}","N/A","Bucuresti 2020XXXXXX","Politehnica Bucuresti 2020XXXXXX","Politehnica 2020XXXXXXXXXX","Politehnica Bucuresti 2020XXXXXXXXXXXX","Bucuresti 2020XXXXXXXXXXXX","Bucuresti 2020XXXXXX","N/A","N/A","N/A","N/A","N/A","N/A","N/A","N/A","N/A","N/A","N/A","N/A"
"Varianta 18","18.8.","Single","Utilizând metoda backtracking, se generează toate modalitățile de a se forma o echipă de ingineri cu 5 membrii. Echipa trebuie să fie mixtă, formată din exact 2 ingineri și restul inginere. Știind că instituția are 24 ingineri, iar inginere de 3 ori mai multe, care este numărul de echipe de ingineri care se pot forma?","N/A","283946040","283948060","283946080","16832340","16832380","16460640","N/A","N/A","N/A","N/A","N/A","N/A","N/A","N/A","N/A","N/A","N/A","N/A"
"Varianta 18","18.9.","Single","Fiind date două tablouri unidimensionale ordonate, fiecare cu n valori, se dorește obținerea unui al treilea tablou unidimensional ordonat, care va conține, toate elementele celor două tablouri în ordine descrescătoare. Algoritmul descris, efectuează în medie, nr comparații pentru a ordona elementele celor doi vectori. Numărul nr reprezintă complexitatea algoritmului de sortare și este:","N/A","$\mathbf{O}\left(\mathbf{n}^{2}\right)$","$\mathbf{O}\left(\mathbf{n}^{3}\right)$","$\mathbf{O}(\mathbf{n})$","$\mathbf{O}\left(\mathbf{n}^{2}+\mathbf{n}\right)$","$\mathbf{O}(\log (3) \cdot n)$","$\mathbf{O}(\log (2))$","N/A","N/A","N/A","N/A","N/A","N/A","N/A","N/A","N/A","N/A","N/A","N/A"
"Varianta 18","18.10.","Single","Fie trei tije numerotate cu 1, $\mathbf{2}$ și $\mathbf{3}$. Problema constă în mutarea celor $\mathbf{n}$ discuri de pe tija 1, pe tija 2, prin intermediul tijei 3, cu următoarele restricții: la fiecare mutare se deplasează un singur disc; discurile se mută numai de pe o tijă pe alta; un disc cu diametru mai mare nu poate fi așezat peste un disc cu diametru mai mic. Pentru $n=1$, mutăm discul pe ultima tije. Pentru n=2, se fac mutările $1 \rightarrow 3,1 \rightarrow 2,3 \rightarrow 2$. În cazul în care n>3 problema se complică. Respectând restricțiile date se realizează un algoritm de rezolvare a problemei. Precizați complexitatea algoritmului de rezolvare al problemei prezentate.","N/A","$\theta\left(n \cdot \log 3\left(n^{3}\right)\right)$","$\theta\left(3^{n} \cdot \log 3(n)\right)$","$\theta\left(3^{n}\right)$","$\theta\left(2^{n}\right)$","$\theta\left(n^{2} \cdot \log \left(n^{2}\right)\right)$","$\theta\left(2^{n} \cdot \log \left(2^{n}\right)\right)$","N/A","N/A","N/A","N/A","N/A","N/A","N/A","N/A","N/A","N/A","N/A","N/A"
"Varianta 18","18.11.","Single","Se construiește un tablou bidimensional cu $\mathbf{n} \times \mathbf{n}$ elemente, în variabila $\mathbf{A}$ prin secvența de mai jos, unde variabila $\mathbf{n}$ este un număr natural nenul dat de la tastatură.
\begin{verbatim}
Limbajul C for(i=1;i<=n;i++) 
for(j=1;j<=n;j++) 
A[i][j]=(3*i+2*j)/2;
\end{verbatim}
\begin{verbatim}
Limbajul C++ for(i=1;i<=n;i++) 
for(j=1;j<=n;j++) 
A[i][j]=(3*i+2*j)/2;
\end{verbatim}
\begin{verbatim}
Limbajul Pascal for i:=1 to n do 
for i:=1 to n do 
A[i,j]:=(3*i+2*j)/2
;
\end{verbatim}
Precizați care este suma elementelor de pe diagonala secundară a tabloului bidimensional A, în urma execuției secvenței de mai sus.","N/A","$\frac{5}{4} \cdot(n+1) \cdot n$","$\frac{3}{4} \cdot(n+1) \cdot n$","$\frac{5}{4} \cdot n^{2}$","$\frac{3}{4} \cdot n^{2}$","$\frac{3}{4} \cdot(n-1) \cdot n$","$\frac{5}{4} \cdot(n-1) \cdot n$","N/A","N/A","N/A","N/A","N/A","N/A","N/A","N/A","N/A","N/A","N/A","N/A"
"Varianta 18","18.12.","Single","Se consideră declarările de mai jos. Precizați care este tipul expresiei bb.b.b.
\begin{verbatim}
Limbajul C 
struct S1{ int a;char b;}; 
struct S2{ float a;double b;}; 
struct S3{struct S1 a; 
         struct S2 b;} aa, bb;
Limbajul C++ 
struct S1{ int a;char b;}; 
struct S2{ float a;double b;}; 
struct S3{struct S1 a; 
     struct S2 b;} aa, bb;
Limbajul Pascal Type S1=Record 
       a: integer; 
       b: char; End; 
     S2=Record 
       a: real; 
       b: real;  
   End; 
     S3=Record 
       a: S1; 
       b: S2; 
   End; 
var  aa,bb:S3; 
\end{verbatim}","N/A","long/ long/ longint","float/ float/ real","double/double/ real","int/ int/ integer","char/ char/ char","nu putem avea în înregistrări diferite, 
câmpuri cu același nume","N/A","N/A","N/A","N/A","N/A","N/A","N/A","N/A","N/A","N/A","N/A","N/A"
"Varianta 18","18.13.","Single","Precizați care vor fi valorile afișate în urma rulării programului de mai jos pentru variabilele $\mathrm{a}=2020$, iar $\mathrm{b}=17$.
\begin{verbatim}
Limbajul C
#include<stdio.h> 
 int a,b; 
void f(int n,int m) 
{ 
if(n!=m) 
  if(n>m) 
    f(n-m,m); 
   else 
   f(n,m-n); 
else 
 {printf(""%i"",a*b/n); 
 printf(""%i "",m); 
 } 
} 
int main() 
{scanf(""%i "",&a); 
 scanf(""%i "",&b); 
 f(a,b); 
 return 0;
}
Limbajul C++
#include<iostream> 
using namespace 
std; 
 int a,b; 
void f(int n,int m) 
{ 
if(n!=m) 
  if(n>m) 
     f(n-m,m); 
    else 
     f(n,m-n); 
  else 
cout<<a*b/n<<"" 
""<<m; 
} 
int main() 
{ cin>>a>>b; 
  f(a,b); 
return 0; 
}
Limbajul Pascal var a,b:integer; 
procedure 
f(n,m:integer); 
Begin 
if n<>m then 
 if n>m then 
  f(n-m,m) 
 else 
  f(n,m-n) 
else 
 write(a*b div n,' 
',m); 
end; 
begin 
 readln(a,b); 
 f(a,b); 
end. 
\end{verbatim}","N/A","8080 4","6060 5","4040 6","2020 2020","34340 1","16144 2","N/A","N/A","N/A","N/A","N/A","N/A","N/A","N/A","N/A","N/A","N/A","N/A"
"Varianta 18","18.14.","Single","Se consideră un graf neorientat conex cu noduri și m muchii, iar gradul fiecărui nod este par. Precizați care este complexitatea temporală pentru determinarea unui ciclu eulerian în acest graf pentru algoritmii care pornesc de la o parcurgere. Graful este reprezentat folosind liste de adiaceță.","N/A","$\mathbf{O}(\mathbf{n}+\mathbf{m})$","$\mathbf{O}(\mathrm{n})$","$\mathbf{O}(\mathbf{n} \cdot \mathbf{m})$","$\mathbf{O}(\mathrm{m})$","$\mathbf{O}(\mathrm{m} \cdot \log (2))$","$\mathbf{O}(\mathrm{n} \cdot \log (2))$","N/A","N/A","N/A","N/A","N/A","N/A","N/A","N/A","N/A","N/A","N/A","N/A"
"Varianta 18","18.15.","Single","Precizați complexitatea timp pentru secvența de program de mai jos.
\begin{verbatim}
Limbajul C 
k=0; 
for(int a=n;a>=1;a--) 
  for(int b=n;b>=1;b--) 
      k++; 
printf(""%i \n"",k);
Limbajul C++ 
k=0; 
for(int a=n;a>=1;a--) 
  for(int b=n;b>=1;b--) 
      k++; 
cout<<k;
Limbajul Pascal 
k:=0; 
a:=n; 
while(a>=1) do  
begin 
    while(b>=1) do 
       begin 
        k++;  
        dec(b); 
      end; 
  dec(a); 
end; 
write(k); 
\end{verbatim}","N/A","$O(n \cdot \log n)$","$0\left(2^{n}\right)$","$O\left(n^{3}\right)$","$O\left(n^{2}\right)$","$\mathrm{O}(\mathrm{n})$","O (1)","N/A","N/A","N/A","N/A","N/A","N/A","N/A","N/A","N/A","N/A","N/A","N/A"
"Varianta 19","19.1.","Single","Ce se va afișa în urma rulării secvenței de cod de mai jos:
\begin{verbatim}
Limbajul C++
int main() {
    int p, *q; p = 45; q = &p;
cout << q[0];
}
Limbajul C 
int main() {  
int p,*q; p = 45; q = &p;  
printf(""%d"", q[0]);
Limbajul Pascal 
var  p:integer; q:^integer; 
begin 
      p := 45; q := @p;    
      write(q^); 
end.
\end{verbatim}","N/A","100","45","Eroare","0","43","1","N/A","N/A","N/A","N/A","N/A","N/A","N/A","N/A","N/A","N/A","N/A","N/A"
"Varianta 19","19.2.","Single","Fie secvența de cod următoare, în care se consideră că variabilele $\mathbf{a}, \mathrm{i}, \mathrm{n}$ rețin numere întregi:
\begin{verbatim}
Limbajul C++
cin>>n; a = 1; i = 2;
while(i<n && a>0){
        if(n%i == 0) a=0;
            else
            i++; cout<<i;}
Limbajul C
scanf(""%d"",&n); a = 1; i = 2;
while (i<n && a>0) {
    if(n%i == 0) a = 0;
    else i++; printf(""%d"",i);}
\end{verbatim}
\begin{verbatim}
Limbajul Pascal
read(n);
a := 1; i := 2;
while ((i<n) and (a>O)) do
begin
    if(n mod i = 0) then
            a:=0
    else
        inc(i);
        write(i);
end;
\end{verbatim}
Definim, în acest context, operație drept o instrucțiune de atribuire sau o expresie de incrementare. Care este numărul minim de operații ce se pot executa în secvența de mai sus, în funcție de valoarea citită pentru variabila $n$ ?","N/A","$2 \mathrm{n}-1$","$n-1$","5","3","2","4","N/A","N/A","N/A","N/A","N/A","N/A","N/A","N/A","N/A","N/A","N/A","N/A"
"Varianta 19","19.3.","Single","Fie graful orientat $\mathrm{G}=(\mathrm{V}, \mathrm{U})$ unde $\mathrm{V}={\mathbf{1}, \mathbf{2}, \mathbf{3}, \mathbf{4}, \mathbf{5}, \mathbf{6}, \mathbf{7}}$ este mulțimea vârfurilor, iar $\mathrm{U}={(2,1),(2,3),(5,2),(5,6),(3,4),(4,5),(4,7)$, $(6,7)$ } reprezintă mulțimea arcelor. Câte componente tare conexe conține graful?","N/A","6","2","3","1","5","4","N/A","N/A","N/A","N/A","N/A","N/A","N/A","N/A","N/A","N/A","N/A","N/A"
"Varianta 19","19.4.","Single","Fie arborele cu rădăcină cu nodurile numerotate de la 1 la 15 , reprezentat prin vectorul de tați: ${3,8,5,5,0,8,3,5,1,7,7,5,4,3,6}$. Câți descendenți are nodul 3?","N/A","3","4","5","6","2","7","N/A","N/A","N/A","N/A","N/A","N/A","N/A","N/A","N/A","N/A","N/A","N/A"
"Varianta 19","19.5.","Trio","Fie secvența de cod următoare, în care se consideră că variabilele $\mathbf{x}$ și $\mathbf{y}$ rețin numere întregi:
\begin{verbatim}
Limbajul C++
void q (..... , .....)
{ x = 10; y = 20;}
int main() { x = 1; y = 2;
        q(x,y); cout<<<x<<y;
        q(y,x); cout<<x<<<y;
}
Limbajul C
void q (..... , .....)
    {*x = 10; y = 20;}
int main() { x = 1; y = 2;
q(&x,y);printf(""%d%d"",x,y);
q(&y,x);printf(""%d%d"",x,y);
}
\end{verbatim}
\begin{verbatim}
Limbajul Pascal
procedure q( ... , ...) ;
    begin
            x := 10; y := 20;
    end;
begin
    x := 1; y := 2;
    q(x,y); write(x,y);
    q(y,x); write(x,y);
end.
\end{verbatim}
Care este varianta corectă a parametrilor formali din antetul subprogramului q pentru care se va afișa secvența 1021010?","N/A","int x, int y","int &x, int &y","int &x, int y","int x, int &y","int y, int &x","int y, int x","int x, int y","int *x, int *y","int *x, int y","int x, int *y","int y, int *x","int y, int x","x:integer; 
   y:integer;","var x:integer; 
   var y:integer;","var x:integer; 
       y: integer;","x:integer;  
var y:integer;","y:integer;  
var x:integer;","y:integer;  
   x:integer;"
"Varianta 19","19.6.","Single","Numărul grafurilor complete orientate cu 24 de noduri este:","N/A","$\mathbf{2}^{276}$","$9^{138}$","$3^{138}$","$4^{256}$","$9^{276}$","$\mathbf{2}^{256}$","N/A","N/A","N/A","N/A","N/A","N/A","N/A","N/A","N/A","N/A","N/A","N/A"
"Varianta 19","19.7.","Single","Fie secvența de cod următoare în care se consideră că variabilele u și v rețin numere întregi:
\begin{verbatim}
Limbajul C++
int main() { u = 4; v = 4;
cout << u++*++v;
u>v ? cout<<""u"" : cout <<""v"";}
Limbajul C 
int main() {u = 4; v = 4; 
printf(""%d"",u++*++v); 
u>v ? printf(""u"") : 
printf(""v"");} 
\end{verbatim}
\begin{verbatim}
Limbajul Pascal
begin
    u:=4; v:=4; inc(v);
    write (u*v);
    if(u>v) then
        write('u')
    else  
        write('v');  
end.
\end{verbatim}
Ce se va afișa în urma rulării secvenței:","N/A","20v","25v","20u","25u","16u","16v","N/A","N/A","N/A","N/A","N/A","N/A","N/A","N/A","N/A","N/A","N/A","N/A"
"Varianta 19","19.8.","Single","Se consideră graful orientat $\mathbf{G}=(\mathbf{V}, \mathbf{U})$ unde $\operatorname{card}(\mathbf{V})=\mathbf{6}$ și $\mathbf{U}={(\mathbf{3}, \mathbf{1}),(\mathbf{1}, \mathbf{2}),(\mathbf{2}, \mathbf{3})$, $(4,1),(2,5),(5,3),(3,4)}$. Indicați numărul minim de muchii ce trebuie eliminate pentru a deveni aciclic?","N/A","5","2","3","4","0","1","N/A","N/A","N/A","N/A","N/A","N/A","N/A","N/A","N/A","N/A","N/A","N/A"
"Varianta 19","19.9.","Single","Câte grafuri neorientate distincte cu 4 noduri care au adiacente nodurile 1 și 2, respectiv nodurile 3 și $\mathbf{4}$ sunt? Două grafuri se consideră distincte dacă matricile lor de adiacență sunt diferite.","N/A","18","15","20","12","16","10","N/A","N/A","N/A","N/A","N/A","N/A","N/A","N/A","N/A","N/A","N/A","N/A"
"Varianta 19","19.10.","Single","Fie secvența de cod următoare, unde toate variabilele rețin numere întregi și $\mathrm{n}<\mathrm{m}$ :
\begin{verbatim}
Limbajul C++ 
int main() 
{k=0; 
 cin>>n>>m; 
for(i=1;i<=n;i++)cin>>v[i]; 
 for(i=1;i<=m;i++) 
 {cin>>x; li=1;ls=n; 
  while(li<=ls) 
  { m1=(li+ls)/2; 
 if(x==v[m1]){li=ls+1;k++;} 
  else 
  if(x>v[m1]) li=m1+1; 
  else  ls=m1-1;}  
 }cout<<k; }
Limbajul C 
int main( ){ 
 k=0;scanf(""%d%d"",&n,&m); 
for(i=1;i<=n;i++) 
 scanf(""%d"",&v[i]); 
for(i=1;i<=m;i++) 
{scanf(""%d"",&x);li=1;ls=n;  
while(li<=ls){m1=(li+ls)/2; 
 if(x==v[m1]){li=ls+1;k++;} 
  else 
  if(x>v[m1])li=m1+1; 
   else  ls = m1-1;} 
}   printf(""%d"",k); 
}
Limbajul Pascal 
begin 
 k:=0;  
 read(n,m); 
 for i:=1 to n do     
  read(v[i]); 
  for i:=1 to m do 
   begin 
    read(x); 
    li := 1;  ls := n; 
    while(li <= ls) do     
     begin 
      m1 := (li+ls) div 2; 
      if(x = v[m1]) then   
       begin   
        li:=ls+1; inc(k);        
       end 
        else 
      if(x>v[m1]) then  
        li := m1+1                                       
       else ls := m1-1;    
      end; 
     end;write(k); 
end.
\end{verbatim}
Care este complexitatea acestei secvențe de cod?","N/A","$\mathrm{O}(\mathrm{m} \cdot \log (\mathrm{n}))$","$O(n \cdot \log m)$","$O(n \cdot m)$","$O(n \cdot m \cdot \log n)$","$O(n \cdot n)$","$\mathrm{O}(\mathrm{m} \cdot \mathrm{n})$","N/A","N/A","N/A","N/A","N/A","N/A","N/A","N/A","N/A","N/A","N/A","N/A"
"Varianta 19","19.11.","Single","Fie secvența de cod următoare:
\begin{verbatim}
Limbajul C++ 
int f(int a[],int li,int ls) 
{ if(li==ls) return a[li]; 
  else 
 return f(a,li,(li+ls)/2) + 
f(a,(li+ls)/2+1, ls);} 
int main() 
{ int n, a[20],i; 
cin>>n; 
for(i=1;i<=n;i++) cin>>a[i]; 
 cout<<f(a,1,n); 
}
Limbajul C 
int f(int a[],int li,int ls) 
{ 
 if(li == ls) return a[li]; 
   else 
 return f(a,li, (li+ls)/2) + 
f(a,(li+ls)/2+1, ls); 
  } 
int main() 
{int n,a[20],i; 
scanf(""%d"", &n); 
 for(i=1; i<=n; i++) 
   scanf(""%d"", &a[i]); 
printf(""%d"",f(a,1,n)); 
}
Limbajul Pascal 
type 
  vector=array[1..20] of 
integer; 
var n,i:integer;a:vector; 
function f(var a:vector; 
li,ls:integer):integer; 
begin 
if(li=ls) then f:=a[li]      
else  
f:=f(a,li,(li+ls) div 2)+ 
f(a,(li+ls) div 2+1, ls ) ; 
 end; 
 begin 
     read(n); 
     for i:=1 to n do   
       read (a[i])   ; 
       write(f(a,1,n)); 
 end.
\end{verbatim}
Care este complexitatea acestei secvențe de cod?","N/A","$\mathbf{O}(\mathbf{n} \cdot \log \mathbf{n})$","$\mathbf{O}(\log n)$","$\mathbf{O}(\mathbf{n})$","$\mathbf{O}\left(\mathbf{n}^{2}\right)$","$\mathbf{O}\left(\mathbf{n}^{2}+1\right)$","$O\left(n^{2}-1\right)$","N/A","N/A","N/A","N/A","N/A","N/A","N/A","N/A","N/A","N/A","N/A","N/A"
"Varianta 19","19.12.","Single","Se consideră un arbore în care fiecare nod intern (nod care nu este pe ultimul nivel) are doi descendenți direcți. Dacă arborele are 38 niveluri (rădăcina se află pe nivelul 0) câte noduri are arborele?","N/A","$\mathbf{2}^{37}$","$4^{19}-1$","$\mathbf{2}^{38}+1$","$2^{37}+1$","$2^{33}+1$","$2^{39}$","N/A","N/A","N/A","N/A","N/A","N/A","N/A","N/A","N/A","N/A","N/A","N/A"
"Varianta 19","19.13.","Single","Ce se va afișa pentru secvența de cod:
\begin{verbatim}
Limbajul C++ 
int x,y; 
void f(int &y, int x)   
     {x++; y=y+x;} 
int main() { 
x = 4; y = 2;cout<<x<<y<<"" ""; 
f(x,y); cout<<x<<y<<"" "";  
f(x,x); cout<<x<<y<<"" ""; 
f(y,x); cout<<x<<y<<"" "";}
Limbajul C 
int x,y; 
void f(int *y,int x) 
{x++;*y=*y+x;} 
int main() { 
x = 4; y = 2;printf(""%d%d "",x,y); 
f(&x,y); printf(""%d%d "", x,y); 
f(&x,x); printf(""%d%d "", x,y);  
f(&y,x); printf(""%d%d "", x,y);  } 
Limbajul Pascal 
var x,y:integer; 
procedure f(var y:integer; 
x:integer); 
 begin 
    inc(x); 
    y:=y+x; 
 end; 
begin 
 x:=4;y:=2;write(x,y,' '); 
  f(x,y); write(x,y,' '); 
  f(x,x); write(x,y,' '); 
  f(y,x); write(x,y,' '); 
  end.
\end{verbatim}","N/A","42 72 152 1518","42 215 42 518","42 27 415 158","42 62 41 58","42 62 45 58","42 72 415 58","N/A","N/A","N/A","N/A","N/A","N/A","N/A","N/A","N/A","N/A","N/A","N/A"
"Varianta 19","19.14.","Single","Folosind algoritmul de sortare prin inserție, pentru ordonarea crescătoare a tabloului unidimensional $v=[6,5,4,3,2,1]$ se efectuează 45 de pași (de exemplu pentru deplasarea elementului cu valoarea 6 pe poziția 2 se execută 5 pași):
\includegraphics[width=0.4\linewidth]{images/2025_04_17_46e04c6acd873ea9558dg-103}
P1: i\leftarrow 2
P2: x\leftarrow v[i]
P3: j\leftarrow i-1;
P4: v[j+1]\leftarrow v[j;
P5: v[j]\leftarrow x.
Precizați câți pași se execută folosind același algoritm pentru ordonarea crescătoare a tabloului $\mathrm{v}=[1000,999, \ldots, 3,2,1]$","images/2025_04_17_46e04c6acd873ea9558dg-103","1001999","1001997","1001998","1002000","1001897","1001887","N/A","N/A","N/A","N/A","N/A","N/A","N/A","N/A","N/A","N/A","N/A","N/A"
"Varianta 19","19.15.","Single","Fie subprogramul de mai jos:
\begin{verbatim}
Limbajul C++ 
void f(int n,int k) {int i; 
for(i = 1; i <= n; i++)  
 {if(i%k == 0)cout<<i<<"" "";  
     f(n-1,k);}}
Limbajul C
void f(int n,int k){int i;  
for(i = 1; i <= n; i++) 
{if(i%k==0)printf(""%d  
"",i);  
    f(n-1,k);}     }
Limbajul Pascal 
procedure f (n,k:integer); 
var i : integer; 
  begin 
    for i := 1 to n do 
     begin 
     if(i mod k = 0) then 
         write(i,' ');
        f(n-1,k); 
     end; 
  end;
\end{verbatim}
De câte ori se execută instrucțiunea de decizie în cadrul subprogramului, dacă apelul este $\mathbf{f}(3,1)$ ?","N/A","15 ori","14 ori","16 ori","8 ori","9 ori","10 ori","N/A","N/A","N/A","N/A","N/A","N/A","N/A","N/A","N/A","N/A","N/A","N/A"
"Varianta 20","20.1.","Single","Fie subprogramul:
\begin{verbatim}
Limbajul C++/ Limbajul C
    int f (int n, int s){
    if (n < s) return 0;
    else
    if(n%s == 0)
            return 1+ f(n/s,s+1);
        else
            return f(n/s,s);
    }
\end{verbatim}
\begin{verbatim}
Limbajul Pascal
function f(n,s:integer):
integer;
begin
    if (n < s) then f:=0
    else if (n mod s =0) then
        f:= 1 + f(n div s,s+1)
        else f:= f(n div s,s);
    end;
\end{verbatim}
Subprogramul se execută pentru următoarele seturi de valori $n=720, s=2$; $\mathrm{n}=120, \mathrm{~s}=3 ; \mathrm{n}=120, \mathrm{~s}=1$; $\mathrm{n}=720, \mathrm{~s}=1$. Pentru câte dintre apeluri subprogramul f va returna valoarea 5 ?","N/A","un apel","2 apeluri","3 apeluri","niciun apel","4 apeluri","5 apeluri","N/A","N/A","N/A","N/A","N/A","N/A","N/A","N/A","N/A","N/A","N/A","N/A"
"Varianta 20","20.2.","Single","Fie subprogramul de mai jos unde $\mathbf{n}$ și $\mathbf{c}$ sunt variabile întregi:
\begin{verbatim}
Limbajul C++
int f(int &n, int c) {
    int a = n%10;
    if(n == 0) return 0;
    else
    if(a == c)
        {n=n/10;
return 1+f(n,c);}
        else
    {n=n/10%10;return f(n,c);
}}
Limbajul C
int f (int *n, int c) {
    int a = *n %10;
    if(*n == 0) return 0;
    else
    if(a==c)
        {*n=*n/10;
return 1+f(n,c);}
            else
    {*n=(*n)/10%10;
            return f(n,c);}
    }
Limbajul Pascal 
function f(var n:integer; 
c:integer) : integer; 
var a : integer; 
begin 
 a := n mod 10;   
 if(n = 0) then f := 0 
   else 
    if(a = c) then 
     begin  
      n:=n div 10;  
      f:=1+f(n , c);  
     end 
    else  
     begin  
      n:=n div 10 mod 10;   
      f:=f(n,c);      
     end;      
end; 
\end{verbatim}
Care sunt variabilele ale căror valori sunt reținute în stiva subprogramului?","N/A","n,c,a","c,a","n,c","a","c","n,a","N/A","N/A","N/A","N/A","N/A","N/A","N/A","N/A","N/A","N/A","N/A","N/A"
"Varianta 20","20.3.","Single","Fie $\mathbf{G}$ un graf neorientat $\mathrm{cu} \mathrm{n}>0$ vârfuri și $\mathrm{m}>0$ muchii, reprezentat prin liste de adiacență. Complexitatea unui algoritm care afișează matricea de adiacență asociată grafului este:","N/A","$\mathbf{O}(m \cdot \log n)$","$\mathbf{O}(\mathbf{m} \cdot \mathbf{n})$","$\mathbf{O}\left(\mathbf{n}^{2}\right)$","$\mathbf{O}\left(\mathrm{m}^{2}\right)$","$\mathbf{O}\left(\mathrm{m}^{2}+\mathbf{1}\right)$","$\mathbf{O}\left(\mathrm{m}^{2}-1\right)$","N/A","N/A","N/A","N/A","N/A","N/A","N/A","N/A","N/A","N/A","N/A","N/A"
"Varianta 20","20.4.","Dual","Variabilele $\mathbf{x}$ și $\mathbf{y}$ rețin numere întregi.Care dintre expresiile de mai jos are valoarea 1 (Limbajul C++/ Limbajul C), True (Limbajul Pascal) știind că $\mathbf{x}>-1$ și $\mathbf{y}<3$ ?","N/A","x*y+y-3*x-3>0","!(x*y+y-3*x-3>=0)","(x-1)*(y-3)<0","(x+1)*(y-3)>0","(x-1)*(y+3)>0","(x+1)*(y+3)>0","x*y+y-3*x-3>0","!(x*y+y-3*x-3>=0)","(x-1)*(y-3)<0","(x+1)*(y-3)>0","(x-1)*(y+3)>0","(x+1)*(y+3)>0","x*y+y-3*x-3>0","NOT(x*y+y-3*x-3>=0)","(x-1)*(y-3)<0","(x+1)*(y-3)>0","(x-1)*(y+3)>0","(x+1)*(y+3)>0"
"Varianta 20","20.5.","Single","Se consideră numărul natural $\mathrm{n}=231045$. Dacă se determină toate submulțimile formate din cifrele lui $\mathbf{n}$ care au suma valorilor componentelor egală cu 10 , câte submulțimi conțin cifra 0 ?","N/A","3","5","2","1","4","6","N/A","N/A","N/A","N/A","N/A","N/A","N/A","N/A","N/A","N/A","N/A","N/A"
"Varianta 20","20.6.","Single","Se consideră șirul ${\mathbf{a}, \mathbf{b}, \mathbf{c}, \mathbf{u}, \mathbf{i}, \mathbf{e}}$. Se generează folosind metoda backtracking, în ordine lexicografică, toate cuvintele de trei litere distincte, care conțin două vocale. Dacă primele trei soluții sunt abe , abi , abu care este a 9 -a soluție?","N/A","aic","aib","aec","aub","ace","aei","N/A","N/A","N/A","N/A","N/A","N/A","N/A","N/A","N/A","N/A","N/A","N/A"
"Varianta 20","20.7.","Single","În câte moduri se poate scrie numărul 12 ca sumă de numere prime?","N/A","5","3","7","6","5","4","N/A","N/A","N/A","N/A","N/A","N/A","N/A","N/A","N/A","N/A","N/A","N/A"
"Varianta 20","20.8.","Single","Se consideră mulțimea de cuvinte {info, mate, fizica, chimie, biologie}. Se generează folosind metoda backtracking, lexicografic, în ordinea inversă citirii cuvântului, submultimi de câte trei cuvinte distincte. Dacă primele trei soluții sunt: {fizica, biologie, chimie};{fizica, biologie, mate};{fizica, biologie, info}; înaintea soluției {chimie, mate, info} este soluția:","N/A","{biologie, mate,info}","{biologie, chimie,mate}","{chimie, biologie,  info}","{chimie,mate,biologie}","{fizica, mate,biologie}","{chimie,fizica, biologie}","N/A","N/A","N/A","N/A","N/A","N/A","N/A","N/A","N/A","N/A","N/A","N/A"
"Varianta 20","20.9.","Single","Se consideră un arbore cu rădăcină în care fiecare nod intern (nod care nu este pe ultimul nivel) are doi descendenți direcți. Dacă arborele are $\mathbf{k}$ niveluri (rădăcina se află pe nivelul 0) câte noduri sunt pe nivelul $\mathbf{k}$ ?","N/A","$2^{\mathrm{k}+1}$","$2^{\mathrm{k}-1}+1$","$\mathbf{2}^{k}$","$2^{\mathrm{k}-1}$","$\mathbf{2}^{\mathrm{k}-2}+\mathbf{1}$","$2^{k+1}+1$","N/A","N/A","N/A","N/A","N/A","N/A","N/A","N/A","N/A","N/A","N/A","N/A"
"Varianta 20","20.10.","Single","Se consideră șirul primelor $n \times m$ numere naturale unde $n \geq 1$ și $m \geq 1$. Dacă se afișează câte $\mathbf{m}$ numere pe o linie, numărul 123 se află pe linia 4 și coloana 3 , atunci pe ce linie și coloană se află numărul 167?","N/A","linia 5, coloana 7","linia 4, coloana 7","linia 6, coloana 4","linia 6, coloana 2","linia 5, coloana 2","linia 5, coloana 3","N/A","N/A","N/A","N/A","N/A","N/A","N/A","N/A","N/A","N/A","N/A","N/A"
"Varianta 20","20.11.","Single","Fie secvența de cod următoare în care se consideră că variabilele $\mathbf{a}, \mathbf{i}, \mathrm{n}$ rețin numere întregi.
\begin{verbatim}
Limbajul C++ 
int main(){ 
 cin>>n; a = 1; i = 2; 
while (i<n && a>0) {      
 if(n%i ==  0)  a = 0; 
       else   i++; cout<<i;  
}}
Limbajul C 
int main(){ scanf(""%d"",&n);  
a = 1; i = 2; 
 while (i<n &&a>0){ 
    if(n%i ==  0) a = 0; 
       else i++; 
printf(""%d"",i);  
}}
Limbajul Pascal 
read(n); a := 1; i := 2; 
while (i<n) and (a>0) do 
    begin 
    if(n mod i = 0) then 
            a:=0 
         else 
            inc(i); 
         write(i); 
   end;
\end{verbatim}
Definim, în acest context, operație drept o instrucțiune de atribuire sau o expresie de incrementare. Care este numărul maxim de operații ce se pot executa în secvența de mai sus, în funcție de valoarea citită pentru variabila $n$ ?","N/A","$2 n+2$","2 n","$\mathrm{n}-1$","$2 n+3$","$n$","$n+1$","N/A","N/A","N/A","N/A","N/A","N/A","N/A","N/A","N/A","N/A","N/A","N/A"
"Varianta 20","20.12.","Single","Fie secvența de program unde variabila i reține un număr întreg:
\begin{verbatim}
Limbajul C++ 
 i = 4;  
while (i <= 25) 
{cout<<i/10+i%10<<"" ""; 
i+=2; 
}
Limbajul C 
i = 4; 
while (i <= 25)  
{printf(""%d "",i/10+i%10); 
i+=2; 
}
Limbajul Pascal 
i := 4;   
while i<=25 do 
  begin 
write(i div 10+i mod 10,' 
');  
       i:=i+2;     
  end;
\end{verbatim}
Ultimele trei numere afișate sunt:","N/A","2 4 7","2 4 9","6 2 4","9 2 4","2 4 6","9 2 1","N/A","N/A","N/A","N/A","N/A","N/A","N/A","N/A","N/A","N/A","N/A","N/A"
"Varianta 20","20.13.","Single","Fie secvența de cod de mai jos:
\begin{verbatim}
Limbajul C++/ Limbajul C
float s,p;
float s1(int n) {
if(n==0) return 2;else
if(n==1) return s;else
return s*s1(n-1)-
    p*s1(n-2);
}
\end{verbatim}
\begin{verbatim}
Limbajul Pascal
var s,p : float;
function s1(n : integer) :
real;
begin
if (n = 0) then s1:=2
else
if (n = 1) then s1:=s
else s1:=s*s1(n-1)-p*s1(n-2);
end;
\end{verbatim}
Dacă la apelul subprogramului s1 se returnează valoarea 82, ce valori inițiale au variabilele $\mathbf{n}, \mathbf{s}$ și $\mathbf{p}$ în această ordine?","N/A","4 3 4","4 4 3","4 2 3","3 3 2","3 1 2","3 4 2","N/A","N/A","N/A","N/A","N/A","N/A","N/A","N/A","N/A","N/A","N/A","N/A"
"Varianta 20","20.14.","Single","Fie secvența de cod unde toate variabilele sunt întregi:
\begin{verbatim}
Limbajul C++ s=0; cin>>n>>k; 
for(i=1;i<=n;i++) 
 for(j=1;j<=n;j++)  
{ if (i > j) t = i - j; 
  else t = j - i; 
  if(i==j || t<=k || j==n-i+1 || (i+j>=n-k+1 && i+j<=n+k+1)) 
     a[i][j] = 1; 
  else a[i][j] = 2; 
 if(a[i][j] == 2) s++;} 
 
Limbajul C s=0; scanf(""%d%d"",&n,&k); 
for(i=1;i<=n;i++) 
 for(j=1;j<=n;j++) 
 {if (i > j) t = i - j; 
  else t = j - i; 
  if(i==j || t<=k || j==n-i+1 || (i+j>=n-k+1 && i+j<=n+k+1)) 
       a[i][j] = 1; 
   else a[i][j] = 2; 
    if(a[i][j] == 2) s++;} 
 
Limbajul Pascal s:=0; read(n,k); 
for i:=1 to n do 
 for j:=1 to n do 
  begin 
   if(i>j) then  t:=i-j 
   else  t:=j-i; 
   if((i=j) or (t<=k) or (j=n-i+1) or ((i+j>=n-k+1) and (i+j<= 
n+k+1))) then  a[i,j]:=1
 else  a[i,j]:=2; 
   if(a[i,j] = 2) then inc(s); 
    end;
\end{verbatim}
Pentru ce valori ale lui $\mathbf{n}$ și $\mathbf{k}$ variabila $\mathbf{s}$ va avea valoarea $\mathbf{8}$ ?","N/A","n=6; k=2","n=6; k=1","n=5; k=2","n=7; k=1","n=4;  k=2","n=6;  k=3","N/A","N/A","N/A","N/A","N/A","N/A","N/A","N/A","N/A","N/A","N/A","N/A"
"Varianta 20","20.15.","Single","Se consideră un tablou bidimensional în care $\mathbf{a}$ [i] [j]=j+3(i-1), $(1 \leq i, j \leq 3)$ Fie secvența de cod de mai jos:
\begin{verbatim}
Limbajul C++
k = 0;
for(i=1; i<=3; i++)
{for(j =1; j<=3-k; j++)
        cout<<a[\alpha][\beta]<<"" "";
            k++; }
Limbajul C 
k=0; 
for(i=1; i<=3; i++)  
{for(j =1;j<=3-k; j++)  
  printf(""%d "",a[\alpha][\beta]); 
   k++;}
Limbajul Pascal 
k := 0; 
for i:=1 to 3 do 
 begin 
   for j:=1 to 3-k do 
     write(a[\alpha,\beta],' '); 
   inc(k); end;
\end{verbatim}
Ce valori au \alpha și \beta dacă la execuția secvenței se afișează șirul  3 5 7 2 4 1?","N/A","\alpha=3-j-k;   
\beta= j","\alpha=j; 
 \beta= 3-j-k","\alpha=j; 
    \beta= 4-j-k","\alpha=4-j-k;  
    \beta= j","\alpha=4+j-k;  
    \beta= j-1","\alpha=4+j+k;  
    \beta= j+1","N/A","N/A","N/A","N/A","N/A","N/A","N/A","N/A","N/A","N/A","N/A","N/A"
"Varianta 21","21.1.","Trio","Precizați care dintre următoarele expresii are valoarea true în Pascal sau 1 în C/C++ dacă și numai dacă numărul întreg $\mathbf{x}$ are exact trei cifre?","N/A","(x%1000==0) || (x%100!=0)","(x/10==0) && (x/100==0)","(x%10==0) && (x/10==0)","(x/1000==0) && (x/100!=0)","(x/1000==0) || (x/100==0)","!((x/1000==0) && (x/100!=0))","(x%1000==0)|| (x%100!=0)","(x/10==0) && (x/100==0)","(x%10==0) && (x/10==0)","(x/1000==0) && (x/100!=0)","(x/1000==0) || (x/100==0)","!((x/1000==0) && (x/100!=0))","(x mod 1000=0) or  
(x mod 100<>0)","(x div 10=0) and  
(x div 100=0)","(x mod 10=0) and  
(x div 10=0)","(x div 1000=0) and  
(x div 100<>0)","(x div 1000=0) or  
(x div 100=0)","not((x div 1000=0) and  
(x div 100<>0))"
"Varianta 21","21.2.","Trio","Roboțelul Bob se mișcă într-un plan cartezian. Pentru a reține poziția robotului definim următoarea structură:
\begin{verbatim}
Limbajul C
typedef struct
{
    float x,y;
} robot;
robot bob;
\end{verbatim}
\begin{verbatim}
Limbajul C++
struct robot
{
    float x,y;
};
robot bob;
\end{verbatim}
\begin{verbatim}
Limbajul Pascal
type robot=record
    x,y:real;
    end;
var bob:robot;
\end{verbatim}
Precizați care dintre expresiile de mai jos este adevărată dacă și numai dacă roboțelul se află în interiorul sau pe laturile pătratului de coordonate $(-2,-2),(-2,2)$, $(2,2),(2,-2)$ ?","N/A","(robot.x>=-2)&&(robot.x<=2)&&(robot.y>=-2)&&(robot.y<=2)","(robot.x<=-2)||(robot.x>=2)||(robot.y<=-2)||(robot.y>=2)","(bob.x<=-2)||(bob.x>=2)||(bob.y>=-2)||(bob.y<=2)","(bob.x>=-2)&&(bob.x<=2)&&(bob.y>=-2)&&(bob.y<=2)","(bob.x>=-2)&&(bob.x<=2)||(bob.x>=-2)&&(bob.x<=2)","(robot.x>=-2)&&(robot.x<=2)||(robot.x>=-2)&&(robot.x<=2)","(robot.x>=-2)&&(robot.x<=2)&&(robot.y>=-2)&&(robot.y<=2)","(robot.x<=-2)||(robot.x>=2)||(robot.y<=-2)||(robot.y>=2)","(bob.x<=-2)||(bob.x>=2)||(bob.y>=-2)||(bob.y<=2)","(bob.x>=-2)&&(bob.x<=2)&&(bob.y>=-2)&&(bob.y<=2)","(bob.x>=-2)&&(bob.x<=2)||(bob.x>=-2)&&(bob.x<=2)","(robot.x>=-2)&&(robot.x<=2)||(robot.x>=-2)&&(robot.x<=2)","(robot.x>=-2) and (robot.x<=2) and (robot.y>=-2) and 
(robot.y<=2)","(robot.x<=-2) or (robot.x>=2) or (robot.y<=-2) or  
(robot.y>=2)","(bob.x<=-2) or (bob.x>=2) or (bob.y>=-2) or (bob.y<=2)","(bob.x>=-2) and (bob.x<=2) and (bob.y>=-2) and (bob.y<=2)","(bob.x>=-2) and (bob.x<=2) or (bob.x>=-2) and (bob.x<=2)","(robot.x>=-2) and (robot.x<=2) or (robot.x>=-2) and 
(robot.x<=2)"
"Varianta 21","21.3.","Single","Precizați ce se va afișa în urma execuției următorului program?
\begin{verbatim}
Limbajul C++
#include <iostream>
using namespace std;
int main()
{ int i,s=0;
    for(i=1;i<=5;i++);
        s=s+i;
    cout<<s; return 0;}
Limbajul C 
#include <stdio.h> 
int main() 
{ int i,s=0; 
   for(i=1;i<=5;i++); 
         s=s+i; 
    printf(""%d"",s);  return 0; }
\end{verbatim}
\begin{verbatim}
Limbajul Pascal
var i,s:integer;
begin
s:=0;
for i:=1 to 5 do;
    i:=i+1;
s:=s+i; write(s);
end.
\end{verbatim}","N/A","Programul nu va afișa nimic, va genera eroare de compilare.","15","6","5","0","10","N/A","N/A","N/A","N/A","N/A","N/A","N/A","N/A","N/A","N/A","N/A","N/A"
"Varianta 21","21.4.","Single","Precizați ce se va afișa pe ecran în urma execuției următorului program?
\begin{verbatim}
Limbajul C++ 
#include <iostream> 
using namespace std; 
int main() 
{  
  char sir[]=""ANA""; 
    int i=0; 
    while(sir[i]) 
        sir[i++]++; 
    cout<<sir; 
    return 0; 
}
Limbajul C 
#include <stdio.h> 
int main() 
{   char sir[]=""ANA""; 
    int i=0; 
    while(sir[i]) 
        sir[i++]++; 
    printf(""%s"",sir); 
    return 0; 
}
Limbajul Pascal 
var sir:string; 
    i:integer; 
begin 
  sir:='ANA'; 
  for i:=1 to length(sir) do 
      sir[i]:=succ(sir[i]); 
  write(sir); 
end. 
\end{verbatim}","N/A","ANA","A","AN","BOB","BAB","COC","N/A","N/A","N/A","N/A","N/A","N/A","N/A","N/A","N/A","N/A","N/A","N/A"
"Varianta 21","21.5.","Single","Precizați ce se va afișa pe ecran în urma execuției următorului program?
\begin{verbatim}
Limbajul C++ 
#include <iostream> 
using namespace std; 
struct coordonate{ 
   int abscisa,ordonata; 
}; 
int main() 
{ coordonate abscisa; 
  abscisa.abscisa=100; 
  abscisa.ordonata=200; 
cout<<abscisa.abscisa<<"" ""; 
  cout<<abscisa.ordonata; 
  return 0;}
Limbajul C 
#include <stdio.h> 
typedef struct { 
     int abscisa,ordonata; 
}coordonate; 
int main() 
{ 
  coordonate abscisa; 
  abscisa.abscisa=100; 
  abscisa.ordonata=200; 
  printf(""%d "",abscisa.abscisa);     
  printf(""%d"", abscisa.ordonata); 
  return 0; 
}
Limbajul Pascal 
type coordonate=record 
abscisa,ordonata:integer; 
end; 
 
var abscisa:coordonate; 
 
begin 
abscisa.abscisa:=100; 
abscisa.ordonata:=200; 
write(abscisa.abscisa,' '); 
write(abscisa.ordonata); 
end. 
\end{verbatim}","N/A","Programul nu va afișa 
nimic, va genera eroare 
de compilare deoarece 
numele variabilei de tip 
struct nu poate coincide 
cu numele câmpului.","0 0","100 200","200 100","100 100","200 200","N/A","N/A","N/A","N/A","N/A","N/A","N/A","N/A","N/A","N/A","N/A","N/A"
"Varianta 21","21.6.","Single","Care va fi valoarea returnată de funcția f prezentată mai jos?
\begin{verbatim}
Limbajul C/C++ 
char f() 
{ int i,j,mat[5][5]; 
 char v='a'; 
 for(i=0;i<5;i++) 
  for(j=0;j<5;j++) 
   { mat[i][j]=v; 
       v++; } 
    return mat[2][3]; }
Limbajul Pascal 
type matrice=array[0..4,0..4] of 
             char;    
function  f:char; 
  var i,j:integer; 
   mat:matrice; 
   v:char; 
begin 
  v:='a'; 
  for i:=0 to 4 do 
   for j:=0 to 4 do 
    begin 
     mat[i,j]:=v;v:=succ(v); 
    end; 
  f:=mat[2,3]; 
end; 
\end{verbatim}","N/A","e","i","n","m","o","p","N/A","N/A","N/A","N/A","N/A","N/A","N/A","N/A","N/A","N/A","N/A","N/A"
"Varianta 21","21.7.","Single","Se consideră graful neorientat $G$ reprezentat prin următoarea matrice de adiacență:
$$
A=\left(\begin{array}{lllllll}
0 & 1 & 1 & 0 & 0 & 0 & 0","N/A","1","2","3","4","5","6","N/A","N/A","N/A","N/A","N/A","N/A","N/A","N/A","N/A","N/A","N/A","N/A"
"Varianta 21","21.8.","Dual","Corectați secvența de program de mai jos astfel încât să realizeze corect căutarea unui număr întreg $\mathbf{x}$ într-un vector $\mathbf{v}$ cu $n$ elemente numere intregi ordonate crescător.
\begin{verbatim}
Limbajul C/C++ 
p=0; 
u=n-1; 
q=0; 
while(p<=u && q==0) 
{ 
 m=(p+u)/2; 
 if(x==v[m]) q=1; 
 else if(x<v[m]) u=m-1; 
      else p=m-1; 
 } 
if(q==1) 
  printf(""Elementul a fost 
gasit""); 
 else 
  printf(""Elementul nu a 
fost gasit"");
Limbajul Pascal 
p:=0; 
u:=n-1; 
q:=0; 
while (p<=u) and (q=0) do 
begin 
 m:=(p+u) div 2; 
 if(x=v[m]) then  q:=1 
 else if x<v[m] then u:=m-1 
      else p:=m-1; 
 end; 
 if q=1 then 
write('Elementul a fost 
gasit') 
  else
write('Elementul nu a 
fost gasit');
\end{verbatim}","N/A","Instrucțiunea  
while(p<=u && q==0) 
trebuie înlocuită cu 
while(p>=u && q==0)","Instrucțiunea   m=(p+u)/2;  
trebuie înlocuită cu m=(p+u)%2;","Instrucțiunea p=m-1; trebuie 
înlocuită cu p=m+1;","Instrucțiunea  u=m-1; trebuie 
înlocuită cu u=m+1;","Instrucțiunea if(x<v[m]) trebuie 
înlocuită cu if(x>v[m])","Instrucțiunea q=1; trebuie înlocuită 
cu q=0;","Instrucțiunea  
while(p<=u && q==0) 
trebuie înlocuită cu 
while(p>=u && q==0)","Instrucțiunea   m=(p+u)/2;  
trebuie înlocuită cu m=(p+u)%2;","Instrucțiunea p=m-1; trebuie 
înlocuită cu p=m+1;","Instrucțiunea  u=m-1; trebuie 
înlocuită cu u=m+1;","Instrucțiunea if(x<v[m]) trebuie 
înlocuită cu if(x>v[m])","Instrucțiunea q=1; trebuie înlocuită 
cu q=0;","Instrucțiunea 
while (p<=u) and (q=0) do 
trebuie înlocuită cu 
while (p>=u) and (q=0) do","Instrucțiunea  
m:=(p+u) div 2; trebuie 
înlocuită cu  m:=(p+u) mod 2;","Instrucțiunea p:=m-1; trebuie 
înlocuită cu p:=m+1;","Instrucțiunea u:=m-1; trebuie 
înlocuită cu u:=m+1;","Instrucțiunea if x<v[m] trebuie 
înlocuită cu if x>v[m]","Instrucțiunea q:=1; trebuie înlocuită 
cu q:=0;"
"Varianta 21","21.9.","Single","Precizați ce se va afișa pe ecran în urma execuției programului următor?
\begin{verbatim}
Limbajul C++ 
#include <iostream> 
using namespace std; 
int main() 
{ const int m=4,n=5; 
    int i,j,aux; 
    char a[m][n]=  
     {{'a','b','c','d','e'},  
     {'f','g','h','i','j'},    
     {'k','l','m','n','o'},   
     {'p','q','r','s','t'}};                                                                              
for(i=0;i<2;i++) 
  { aux=a[2][n-1]; 
    for(j=n-1;j>0;j--) 
        a[2][j]=a[2][j-1]; 
    a[2][0]=aux;  } 
for(i=0;i<2;i++) 
    { aux=a[m-1][2]; 
      for(j=m-1;j>0;j--) 
          a[j][2]=a[j-1][2]; 
      a[0][2]=aux;    } 
for(i=0;i<m;i++){ 
   for(j=0;j<n;j++) 
       cout<<a[i][j]<<"" "";
  cout<<endl;  } 
return 0; }
Limbajul C 
#include <stdio.h> 
int main() 
{ const int m=4,n=5; 
  int i,j,aux; 
  char a[4][5]={{'a','b','c','d','e'},   
                {'f','g','h','i','j'},  
                {'k','l','m','n','o'},   
                {'p','q','r','s','t'}};                                                                                      
for(i=0;i<2;i++) 
  { aux=a[2][n-1]; 
    for(j=n-1;j>0;j--) 
        a[2][j]=a[2][j-1]; 
    a[2][0]=aux; 
   } 
for(i=0;i<2;i++) 
  { 
    aux=a[m-1][2]; 
    for(j=m-1;j>0;j--) 
        a[j][2]=a[j-1][2]; 
    a[0][2]=aux; 
    } 
for(i=0;i<m;i++){ 
   for(j=0;j<n;j++) 
 printf(""%c %c"",a[i][j],' ');            
    printf(""\n""); 
  } 
return 0; 
}
Limbajul Pascal 
const m=4; n=5; 
var i,j:integer; 
    aux:char; 
  a:array[0..m-1,0..n-1]   
    of  char=       
(('a','b','c','d','e'),                 
('f','g','h','i','j'),               
('k','l','m','n','o'),                
('p','q','r','s','t')); 
begin 
for i:=0 to 1 do 
 begin 
   aux:=a[2,n-1]; 
  for j:=n-1 downto 1 do 
      a[2,j]:=a[2,j-1]; 
   a[2,0]:=aux; end; 
for i:=0 to 1 do 
 begin 
   aux:=a[m-1,2]; 
  for j:=m-1 downto 1 do 
     a[j,2]:=a[j-1,2]; 
   a[0,2]:=aux; end; 
for i:=0 to m-1 do
begin 
   for j:=0 to n-1 do 
      write(a[i,j],' '); 
   writeln; end; 
end. 
\end{verbatim}","N/A","\begin{verbatim}
a b c d e 
f g h i j 
n o k l m 
p q r s t 
\end{verbatim}","\begin{verbatim}
a b m d e 
f g r i j 
k l c n o 
p q h s t
\end{verbatim}","\begin{verbatim}
d e a b c 
i j f g h 
l m n o k 
s t p q r
\end{verbatim}","\begin{verbatim}
a b k d e  
f g r i j  
n o c l m  
p q h s t 
\end{verbatim}","\begin{verbatim}
e d c b a 
f g h i j 
k l m n o 
p q r s t
\end{verbatim}","\begin{verbatim}
a b c d e 
f g h i j 
k l m n o 
t s r q p 
\end{verbatim}","N/A","N/A","N/A","N/A","N/A","N/A","N/A","N/A","N/A","N/A","N/A","N/A"
"Varianta 21","21.10.","Single","Precizați ce se va afișa pe ecran în urma execuției următorului program?
\begin{verbatim}
Limbajul C++ 
#include <iostream> 
using namespace std; 
int a=5, b=10, c=15; 
void f(int a,int &b,int &c) 
{ a=a+5; b=b+10; c=c+15;
} 
int main() 
{ f(a,b,c);f(a,a,b); 
  cout<<""a=""<<a; 
  cout<<""b=""<<b; 
  cout<<""c=""<<c; 
  return 0; 
} 
Limbajul C 
#include <stdio.h> 
int a=5, b=10, c=15; 
void f(int a, int *b, int *c) 
{  a=a+5; *b=*b+10; *c=*c+15; } 
int main() 
{ f(a,&b,&c); f(a,&a,&b); 
  printf(""a=%d"",a ); printf(""b=%d"",b); printf(""c=%d"",c); 
    return 0; }
Limbajul Pascal 
var a,b,c:integer; 
procedure f(a:integer;var 
b:integer; var 
c:integer); 
begin
  a:=a+5;b:=b+10;c:=c+15; 
end; 
begin 
 a:=5; b:=10; c:=15; 
 f(a,b,c);f(a,a,b); 
 write('a=',a); 
 write('b=',b); 
 write('c=',c); 
end.
\end{verbatim}","N/A","\begin{verbatim}
a=5  
b=5      
c=20
\end{verbatim}","\begin{verbatim}
a=15  
b=35      
c=30
\end{verbatim}","\begin{verbatim}
a=10  
b=20  
c=30 
\end{verbatim}","\begin{verbatim}
a=5 
b=10 
c=15 
\end{verbatim}","\begin{verbatim}
a=15 
b=5 
c=30
\end{verbatim}","\begin{verbatim}
a=10 
b=5 
c=30
\end{verbatim}","N/A","N/A","N/A","N/A","N/A","N/A","N/A","N/A","N/A","N/A","N/A","N/A"
"Varianta 21","21.11.","Single","Un echipaj va pleca spre Marte în misiunea POLI. El este alcătuit din căpitan 1 - Andrei, căpitan 2 - Marian și cercetătorii Alina, Dana și Marius. Săptămânal membrii echipajului trebuie să transmită un raport respectând o anumită ordine: întotdeauna raportul căpitanului 1 trebuie să fie înaintea raportului căpitanului 2. Știind că primele trei soluții posibile de raportare sunt:
\begin{verbatim}
Andrei Marian Alina Dana Marius
Andrei Marian Alina Marius Dana
Andrei Marian Dana Alina Marius
afișați a zecea soluție.
\end{verbatim}","N/A","\begin{verbatim}
Marius 
Dana  
Alina 
Andrei 
Marian
\end{verbatim}","\begin{verbatim}
Dana 
Marius  
Alina 
Andrei 
Marian
\end{verbatim}","\begin{verbatim}
Marius 
Andrei 
Marian  
Alina 
Dana
\end{verbatim}","\begin{verbatim}
Andrei  
Alina  
Dana  
Marius 
Marian
\end{verbatim}","\begin{verbatim}
Andrei 
Alina 
Dana 
Marian 
Marius
\end{verbatim}","\begin{verbatim}
Andrei 
Alina 
Marius 
Marian 
Dana 
\end{verbatim}","N/A","N/A","N/A","N/A","N/A","N/A","N/A","N/A","N/A","N/A","N/A","N/A"
"Varianta 21","21.12.","Single","Înlocuiți valoarea lui v[3] cu una dintre următoarele valori astfel încât funcția să returneze 0 în C/C++ sau false în Pascal pentru apelul $f(5)$.
\begin{verbatim}
Limbajul C++ 
int v[]={15,12,7,20,-1,-5}; 
int f(int n) 
{if(n==0)  return 0; 
 else  
return  
v[n-1]<v[n] || f(n-1);}
Limbajul C 
int v[]={15,12,7,20,-1,-5}; 
int f(int n) 
{ if(n==0) return 0; 
   else  
return  
v[n-1]<v[n] || f(n-1); }
Limbajul Pascal 
var v:array[0..5] of 
integer=(15,12,7,20,-1,-5); 
function 
f(n:integer):boolean; 
begin 
  if n=0 then f:=false 
 else  
f:=(v[n-1]<v[n]) or f(n-1); 
end;
\end{verbatim}","N/A","-2","-3","16","4","24","30","N/A","N/A","N/A","N/A","N/A","N/A","N/A","N/A","N/A","N/A","N/A","N/A"
"Varianta 21","21.13.","Single","Se consideră graful neorientat $\mathbf{G}=({\mathbf{1 , 2 , 3 , 4 , 5 , 6 }},{(\mathbf{1 , 2}),(\mathbf{1}, \mathbf{3}),(\mathbf{1}, 4),(2,3)})$.
Precizați care este numărul grafurilor parțiale ale grafului $\mathbf{G}$ ?","N/A","10","12","8","16","2","4","N/A","N/A","N/A","N/A","N/A","N/A","N/A","N/A","N/A","N/A","N/A","N/A"
"Varianta 21","21.14.","Single","Precizați de câte ori se va executa instrucțiunea de afișare (cout, printf sau write) în secvența de cod de mai jos?
\begin{verbatim}
Limbajul C++
for(i=1;i<=10;i++)
    for(j=1;j<=i;j++)
            for(k=1;k<=j;k++)
                cout<<i+j+k;
Limbajul C 
for(i=1;i<=10;i++) 
   for(j=1;j<=i;j++) 
      for(k=1;k<=j;k++)    
          printf(""%d"",i+j+k);
Limbajul Pascal 
for i:=1 to 10 do 
  for j:=1 to i do 
    for k:=1 to j do 
        write(i+j+k);
\end{verbatim}","N/A","220","110","100","55","150","200","N/A","N/A","N/A","N/A","N/A","N/A","N/A","N/A","N/A","N/A","N/A","N/A"
"Varianta 21","21.15.","Dual","Dorim să criptăm un cuvânt scris cu litere mari astfel: fiecare literă este codificată prin codul ei la care se adaugă un număr $\mathbf{k}(k>=0)$. Numărul $\mathbf{k}$ se numește cheie de criptare. De exemplu, dacă avem litera C și $\mathbf{k}$ este 6, vom obține după criptare litera I. Vom considera literele așezate pe un cerc, după $\mathbf{Z}$ vine $\mathbf{A}$. Presupunem că șirul inițial este reținut în variabila sir iar rezultatul obținut în urma criptării tot în variabila sir.
Considerând prima parte a programului cea de mai jos, precizați care dintre următoarele secvențe realizează criptarea corectă a unui șir de caractere citit de la tastatură cu o cheie $\mathbf{k}$ citită de la tastatură?
\begin{verbatim}
Limbajul C++
char sir[255];
unsigned int k,i;
cin>>sir;
cin>>k;
\end{verbatim}
\begin{verbatim}
Limbajul C
char sir[255];
unsigned int k,i;
scanf(""%s"",sir);
scanf(""%u"",&k);
Limbajul Pascal 
var sir:string; 
      i,k:word; 
begin 
    read(sir); 
    read(k);
\end{verbatim}","N/A","for(i=0;i<strlen(sir);i++) sir[i]=sir[i]+k;","for(i=0;i<strlen(sir);i++) sir[i]=sir[i+k-'A'];","for(i=0;i<strlen(sir);i++) sir[i]=sir['Z'-'A'+k];","for(i=0;i<strlen(sir);i++) 
      sir[i]='A'+(sir[i]-'A'+k)%('Z'-'A'+1);","for(i=0;i<strlen(sir);i++) 
    sir[i]='A'+(sir[i]-'A'+'Z'-'A')%('Z'-'A'+1);","for(i=0;i<strlen(sir);i++) 
     sir[i]='A'+(sir[i]-'A'+k)%('Z'-'A'+k);","for(i=0;i<strlen(sir);i++) sir[i]=sir[i]+k;","for(i=0;i<strlen(sir);i++) sir[i]=sir[i+k-'A'];","for(i=0;i<strlen(sir);i++) sir[i]=sir['Z'-'A'+k];","for(i=0;i<strlen(sir);i++) 
      sir[i]='A'+(sir[i]-'A'+k)%('Z'-'A'+1);","for(i=0;i<strlen(sir);i++) 
    sir[i]='A'+(sir[i]-'A'+'Z'-'A')%('Z'-'A'+1);","for(i=0;i<strlen(sir);i++) 
     sir[i]='A'+(sir[i]-'A'+k)%('Z'-'A'+k);","for i:=1 to length(sir) do 
   sir[i]:=chr(ord(sir[i])+k);","for i:=1 to length(sir) do 
   sir[i]:=chr(ord(sir[i+k-ord('A')]));","for i:=1 to length(sir) do   
      sir[i]:=chr(ord(sir[ord('Z')-ord('A')+k]));","for i:=1 to length(sir) do                     
      sir[i]:=chr(ord('A')+(ord(sir[i])-ord('A')+k) mod       
        (ord('Z')-ord('A')+1));","for i:=1 to length(sir) do    
   sir[i]:=chr(ord('A')+(ord(sir[i])- ord('A')+   
ord('Z')-ord('A')) mod (ord('Z')- ord('A')+1));","for i:=1 to length(sir) do                     
     sir[i]:=chr(ord('A')+(ord(sir[i])- ord('A')+k)    
     mod (ord('Z')-ord('A')+k));"
"Varianta 22","22.1.","Single","Considerăm descompunerea în factori primi a unui număr reprezentată prin intermediul unui arbore, ca în exemplul de mai jos.
\includegraphics[width=0.4\linewidth]{images/2025_04_17_46e04c6acd873ea9558dg-119}
Folosind aceeași reprezentare, precizați câte frunze are arborele obținut pentru numărul 4800.","images/2025_04_17_46e04c6acd873ea9558dg-119","10","12","9","15","6","16","N/A","N/A","N/A","N/A","N/A","N/A","N/A","N/A","N/A","N/A","N/A","N/A"
"Varianta 22","22.2.","Single","Precizați ce se va afișa în urma execuției următorului program?
\begin{verbatim}
Limbajul C++
#include <iostream>
using namespace std;
int
v[]={5,2,9,11,22,17},n=6;
int calcul(int n)
{int i,poz,max;
    max=v[0]; poz=0;
    for(i=1;i<n;i++)
        if(v[i]>max)
            {max=v[i]; poz=i;}
            return poz;}
int main()
{ cout<<v[calcul(n)];
    return 0; }
Limbajul C
#include <stdio.h>
int
v[]={5,2,9,11,22,17},n=6;
int calcul(int n)
{ int i,poz,max;
        max=v[0];poz=0;
            for(i=1;i<n;i++)
                if(v[i]>max)
            { max=v[i]; poz=i;}
            return poz; }
int main() 
{printf(""%d"",v[calcul(n)]);  
  return 0; }
Limbajul Pascal 
var n:integer; 
    v:array[0..5] of    
    integer=(5,2,9,11,22,17); 
                 
function 
calcul(n:integer):integer; 
var i,poz,max:integer; 
begin 
  max:=v[0]; poz:=0; 
  for i:=1 to n-1 do 
    if v[i]>max then 
     begin 
        max:=v[i]; 
        poz:=i; 
      end; 
    calcul:=poz; 
end; 
 
begin 
n:=6; 
write(v[calcul(n)]); 
end. 
\end{verbatim}","N/A","Programul nu va afișa nimic, va genera eroare de compilare deoarece apelul de funcții nu este permis ca indice într-un tablou unidimensional.","22","17","2","11","9","N/A","N/A","N/A","N/A","N/A","N/A","N/A","N/A","N/A","N/A","N/A","N/A"
"Varianta 22","22.3.","Single","Pentru care dintre următoarele apeluri funcția f va returna valoarea 1 ?
\begin{verbatim}
Limbajul C++/ Limbajul C
int f(int n)
{
    int m=0,n1=n;
    while(n!=0)
    { m=m*10+n%10;
        n=n/10;
    }
    if(m==n1) return 1;
    else return 0;
}
\end{verbatim}
\begin{verbatim}
Limbajul Pascal
function f(n:integer):integer;
var m,n1:integer;
begin
    m:=0; n1:=n;
    while n<>0 do
    begin
        m:=m*10+n mod 10; n:=n div 10;
    end;
    if m=n1 then f:=1
        else f:=0; end;
\end{verbatim}","N/A","$f(123)$","$f(24)$","$f(2112)$","$f(17)$","$f(75)$","$f(1592)$","N/A","N/A","N/A","N/A","N/A","N/A","N/A","N/A","N/A","N/A","N/A","N/A"
"Varianta 22","22.4.","Single","Într-un plan cartezian se găsesc 8 roboți dați prin coordonatele lor. Coordonatele celor 8 roboți sunt: $(2,2),(2,4),(2,6),(2,8),(4,2),(6,2),(6,-2)$, $(-2,-2)$. Doi roboți A și B se numesc vecini dacă se găsesc pe o paralelă la axele de coordonate și nu există un robot C situat între A și B pe aceeași paralelă. Ținând cont de regulile de mai sus, construiți un graf neorientat cu 8 noduri. Nodurile grafului sunt numerotate în ordinea coordonatelor (nodul 1 are coordonatele $(2,2)$, nodul 2 coordonatele $(2,4)$ ș.a.m.d.). Dacă robotul 1 este vecin cu robotul 2 atunci va exista muchie de la 1 la 2 în graf.
Precizați care dintre următoarele afirmații despre graful astfel obținut este adevărată?","N/A","Graful  
este  
eulerian.","Graful 
este 
hamiltonian.","Graful  
este  
complet.","Graful 
este 
aciclic.","Graful 
conține două 
componente 
conexe.","Graful 
conține trei 
componente 
conexe.","N/A","N/A","N/A","N/A","N/A","N/A","N/A","N/A","N/A","N/A","N/A","N/A"
"Varianta 22","22.5.","Dual","Corectați secvența de program de mai jos astfel încât ea să reprezinte calculul corect al valorii polinomului $P(x)=a_{0}+a_{1} x+a_{2} x^{2}+\ldots+a_{n} x^{n}$ într-un punct $c$ dat.
\begin{verbatim}
Limbajul C++/ Limbajul C
p=0;
for(i=0;i<=n;i++)
    p=p*c+a[i];
Limbajul Pascal 
p:=0; 
for i:=0 to n do 
   p:=p*c+a[i];
\end{verbatim}","N/A","Instrucțiunea p=p*c+a[i]; trebuie
înlocuită cu p=p*a[i]+c;","Instrucțiunea  for(i=0;i<=n;i++) 
trebuie înlocuită cu  
for(i=n;i>=0;i--)","Instrucțiunea p=p*c+a[i];  
trebuie înlocuită cu p=c*a[i]+p;","Variabila p trebuie inițializată cu -1.","Variabila p trebuie inițializată cu 1.","Instrucțiunea  for(i=0;i<=n;i++) 
trebuie înlocuită cu 
for(i=1;i<=n;i++)","Instrucțiunea p=p*c+a[i]; trebuie
înlocuită cu p=p*a[i]+c;","Instrucțiunea  for(i=0;i<=n;i++) 
trebuie înlocuită cu  
for(i=n;i>=0;i--)","Instrucțiunea p=p*c+a[i];  
trebuie înlocuită cu p=c*a[i]+p;","Variabila p trebuie inițializată cu -1.","Variabila p trebuie inițializată cu 1.","Instrucțiunea  for(i=0;i<=n;i++) 
trebuie înlocuită cu 
for(i=1;i<=n;i++)","Instrucțiunea p:=p*c+a[i]; trebuie 
înlocuită cu p:=p*a[i]+c;","Instrucțiunea for i:=0 to n do 
trebuie înlocuită cu  
for i:=n downto 0 do","Instrucțiunea p:=p*c+a[i];  
trebuie înlocuită cu  
p:=c*a[i]+p;","Variabila p trebuie inițializată cu -1.","Variabila p trebuie inițializată cu 1.","Instrucțiunea for i:=0 to n do  
trebuie înlocuită cu 
for i:=1 to n do"
"Varianta 22","22.6.","Single","Precizați ce se va afișa pe ecran în urma execuției următorului program?
\begin{verbatim}
Limbajul C++ 
#include <iostream> 
using namespace std; 
int i; 
int g(int i) 
{    return i+3; } 
int f(int i) 
{    return i+g(i); } 
int main() 
{   i=3; 
    cout<<i+f(g(i)); 
    return 0; }
Limbajul C 
#include <stdio.h> 
int i; 
int g(int i) 
{   return i+3; } 
int f(int i) 
{    return i+g(i); } 
int main() 
{    i=3; printf(""%d"",i+f(g(i))); return 0; }
Limbajul Pascal 
var i:integer; 
function g(i:integer):integer; 
begin 
  g:=i+3;  
end; 
function f(i:integer):integer; 
begin 
  f:=i+g(i);  
end; 
begin 
  i:=3; write(i+f(g(i))); end.
\end{verbatim}","N/A","18","6","15","0","9","12","N/A","N/A","N/A","N/A","N/A","N/A","N/A","N/A","N/A","N/A","N/A","N/A"
"Varianta 22","22.7.","Single","Precizați care dintre următoarele șiruri de numere poate reprezenta șirul gradelor nodurilor unui graf neorientat cu 7 noduri?","N/A","$(1,1,0,1,2,1,6)$","$(1,1,1,2,2,5,6)$","$(1,1,1,1,2,1,6)$","$(3,3,3,3,3,3,6)$","$(1,2,0,0,2,1,5)$","$(0,0,0,1,1,2,3)$","N/A","N/A","N/A","N/A","N/A","N/A","N/A","N/A","N/A","N/A","N/A","N/A"
"Varianta 22","22.8.","Trio","Robotul Robi se află într-un plan cartezian și are în jurul lui un grup de n roboți. El ""mănâncă"" robotul cel mai apropiat din grupul de roboți. Atât robotul Robi cât și ceilalți
roboți sunt identificați prin coordonatele lor. Datele de intrare se citesc de la tastatură astfel: n, numărul roboților din grup, apoi coordonatele robotului Robi și în continuare coordonatele celor n roboți. Corectați programul de mai jos astfel încât să afișeze corect coordonatele robotului care va fi ""mâncat"". În cazul în care există mai mulți roboți la aceeași distanță față de Robi, este mâncat primul robot întâlnit la distanța respectivă.
\begin{verbatim}
Limbajul C++
#include <iostream> 
#include <cmath> 
using namespace std; 
struct robot{ 
   float x,y; 
   }; 
float distanta (robot r1,  
                robot r2) 
{ 
    return sqrt((r1.x-r2.x)* 
      (r1.x-r2.x)+ 
      (r1.y-r2.y)*(r1.y-
r2.y)); 
} 
int gaseste(robot robi,  
robot a[], int n) 
{ 
    float min,d; 
    int i,poz; 
    min=distanta(robi,a[0]); 
    poz=1; 
    for(i=1;i<n;i++) 
    { 
        
d=distanta(robi,a[i]); 
        if(d<min){ 
            min=d; 
            poz=i; 
        } 
    } 
  return poz; 
} 
int main() 
{   int n,i,k; 
    robot robi,a[21]; 
    cin>>n; 
    cin>>robi.x>>robi.y; 
    for(i=0;i<n;i++) 
        cin>>a[i].x>>a[i].y; 
    k=gaseste(robi,a,n);
    cout<<a[k].x<<"" 
""<<a[k].y; 
    return 0; 
}
Limbajul C 
#include <stdio.h> 
#include <math.h> 
typedef struct { 
   float x,y; 
   }robot; 
 
float distanta (robot r1, robot r2) 
{ 
  return sqrt((r1.x-r2.x)* 
   (r1.x-r2.x)+ 
   (r1.y-r2.y)*(r1.y-r2.y)); 
} 
 
int gaseste(robot robi,  
   robot a[],int n) 
{ 
    float min,d; 
    int i,poz; 
    min=distanta(robi,a[0]); 
    poz=1; 
    for(i=1;i<n;i++) 
    { 
        d=distanta(robi,a[i]); 
        if(d<min){ 
            min=d; 
            poz=i; 
        } 
    } 
  return poz; 
} 
int main() 
{ 
 int n,i,k; 
 robot robi,a[21]; 
 scanf(""%d"",&n); 
 scanf(""%f %f"",&robi.x,&robi.y); 
 for(i=0;i<n;i++) 
   scanf(""%f %f"", &a[i].x, &a[i].y); 
 k=gaseste(robi,a,n); 
 printf(""%f %f"",a[k].x,a[k].y); 
 return 0;}
Limbajul Pascal 
type robot=record 
        x,y:real; 
     end; 
     vector=array[0..20] of 
robot; 
var a:vector; 
    robi:robot; 
    n,i,k:integer; 
 
function 
distanta(r1,r2:robot):real; 
begin 
   distanta:= 
 sqrt((r1.x-r2.x)*(r1.x-
r2.x)+  
      (r1.y-r2.y)*(r1.y-
r2.y)); 
end; 
function gaseste(robi:robot;                              
a:vector;n:integer):integer; 
var min,d:real; 
    i,poz:integer; 
begin 
  min:=distanta(robi,a[0]); 
  poz:=1; 
  for i:=1 to n-1 do 
  begin 
     d:=distanta(robi,a[i]);
    if d<min then 
       begin 
          min:=d; 
          poz:=i; 
        end; 
   end; 
 gaseste:=poz; 
end; 
begin 
  read(n); 
  read(robi.x,robi.y); 
  for i:=0 to n-1 do 
     readln(a[i].x,a[i].y);
    k:=gaseste(robi,a,n); 
  write(a[k].x,' ',a[k].y); 
end. 
\end{verbatim}","N/A","Instrucțiunea if(d<min) trebuie înlocuită cu if(d>min)","Instrucțiunea min=d; trebuie înlocuită cu  d=min;","Instrucțiunea min=distanta(robi,a[0]);  trebuie înlocuită cu 
min=distanta(robi,a[1]);","Instrucțiunea   poz=1;  trebuie înlocuită cu  poz=0;","Secvența de instrucțiuni 
for(i=0;i<n;i++)scanf(""%f%f"",&a[i].x,&a[i].y);  
trebuie înlocuită cu 
  for(i=0;i<n;i++) scanf(""%f%f"",&a.x[i],&a.y[i]);","Instrucțiunea poz=i;  trebuie înlocuită cu i=poz;","Instrucțiunea if(d<min)trebuie înlocuită cu if(d>min)","Instrucțiunea min=d; trebuie înlocuită cu d=min;","Instrucțiunea min=distanta(robi,a[0]); trebuie înlocuită cu 
min=distanta(robi,a[1]);","Instrucțiunea   poz=1;  trebuie înlocuită cu poz=0;","Secvența de instrucțiuni  
for(i=0;i<n;i++) cin>>a[i].x>>a[i].y;  
trebuie înlocuită cu  
for(i=0;i<n;i++) cin>>a.x[i]>>a.y[i];","Instrucțiunea poz=i; trebuie înlocuită cu i=poz;","Instrucțiunea if d<min then  trebuie înlocuită cu  if d>min then","Instrucțiunea   min:=d; trebuie înlocuită cu d:=min;","Instrucțiunea min:=distanta(robi,a[0]); trebuie înlocuită cu 
 min:=distanta(robi,a[1]);","Instrucțiunea   poz:=1;  trebuie înlocuită cu poz:=0;","Secvența de instrucțiuni  
for i:=0 to n-1 do readln(a[i].x, a[i].y);  
trebuie înlocuită cu 
 for i:=0 to n-1 do readln(a.x[i], a.y[i]);","Instrucțiunea  poz:=i; trebuie înlocuită cu i:=poz;"
"Varianta 22","22.9.","Trio","Precizați ce se va afișa pe ecran în urma execuției următorului program?
\begin{verbatim}
Limbajul C++ #include <iostream> 
using namespace std; 
int f() 
{cout<<1<<"" "";  
    return 3; } 
int main() 
{ int s=0,i; 
for(i=1;i<=f();i++)
  s=s+i; 
cout<<s; return 0;}
Limbajul C #include <stdio.h> 
int f() 
{ printf(""1 ""); 
  return 3; } 
int main() 
{ int s=0,i;  
for(i=1;i<=f();i++) 
   s=s+i;
printf(""%d"",s); 
return 0;}
Limbajul Pascal var s,i:integer; 
function f:integer; 
begin 
 write('1 ');f:=3; 
end; 
begin 
s:=0; 
for i:=1 to f do 
  s:=s+i; 
writeln(s);end.
\end{verbatim}","N/A","Programul nu va afișa 
nimic, va genera 
eroare de compilare 
deoarece nu este 
permis apelul unei 
funcții ca valoare 
finală a contorului.","1 1 1 1 6","1 1 1 6","1 1 6","1 10","1 0","Programul nu va afișa 
nimic, va genera 
eroare de compilare 
deoarece nu este 
permis apelul unei 
funcții ca valoare 
finală a contorului.","1 1 1 1 6","1 1 1 6","1 1 6","1 10","1 0","Programul nu va 
afișa nimic, va genera 
eroare de compilare 
deoarece nu este 
permis apelul unei 
funcții ca valoare 
finală a contorului.","1 6","1 1 1 6","1 1 6","1 10","1 0"
"Varianta 22","22.10.","Single","Ce se va afișa pe ecran în urma execuției următorului program dacă de la tastatură se citește cuvântul caiet?
\begin{verbatim}
Limbajul C++ 
#include <iostream> 
#include <string.h> 
using namespace std; 
int main() 
{char a[255]; 
int i,j,l,n; 
cin.get(a,255);i=0; 
n=strlen(a); 
while(i<n) 
if(strchr(""aeiou"",a[i])) 
 { for(l=1;l<=2;l++) 
   { n++; 
     for(j=n;j>i;j--) 
       a[j]=a[j-1]; 
         } 
      a[i+1]='p';  
      a[i+2]=a[i]; i=i+3; 
      } 
      else i++; 
   cout<<a; return 0; }
Limbajul C 
#include <stdio.h> 
#include <string.h> 
int main() 
{   char a[255]; 
    int i,j,l,n; 
    scanf(""%s"",a); i=0; n=strlen(a); 
    while(i<n) 
      if(strchr(""aeiou"",a[i])) 
      { 
         for(l=1;l<=2;l++) 
         { 
           n++; 
           for(j=n;j>i;j--) 
              a[j]=a[j-1]; 
         } 
         a[i+1]='p'; a[i+2]=a[i]; i=i+3; 
      } 
      else i++; 
   printf(""%s"",a); return 0; 
}
Limbajul Pascal 
var a:string[255]; 
    i,j,l,n:integer; 
begin 
 readln(a); i:=1; 
 n:=length(a); 
 while i<=n do 
if pos(a[i],'aeiou')<>0 then 
   begin 
    for l:=1 to 2 do 
      begin 
       n:=n+1; 
     for j:=n downto i+1 do 
           a[j]:=a[j-1]; 
       end; 
  a[i+1]:='p';a[i+2]:=a[i]; 
  i:=i+3; end 
 else i:=i+1; 
for i:=1 to n do 
   write(a[i]); 
end.
\end{verbatim}","N/A","cpapipet","ct","cpcapaipiepetpt","capaipiepet","tepeipiapaC","pcpaieptp","N/A","N/A","N/A","N/A","N/A","N/A","N/A","N/A","N/A","N/A","N/A","N/A"
"Varianta 22","22.11.","Single","Ce va afișa următoarea funcție la apelul $f(30)$ ?
\begin{verbatim}
Limbajul C++/ Limbajul C
int f(int n)
{
    if(n>50) return n-5;
    else
        return f(f(n+7));
}
\end{verbatim}
\begin{verbatim}
Limbajul Pascal
function f(n:integer):integer;
begin
        if n>50 then
            f:=n-5
        else
            f:=f(f(n+7));
end;
\end{verbatim}","N/A","47","50","150","42","44","60","N/A","N/A","N/A","N/A","N/A","N/A","N/A","N/A","N/A","N/A","N/A","N/A"
"Varianta 22","22.12.","Single","Fie $\mathbf{f}: \mathbf{A} \rightarrow \mathbf{B}$. Funcția $\mathbf{f}$ este injectivă dacă $\forall \mathbf{x}, \mathbf{y} \in \mathbf{A}, \mathbf{x} \neq \mathbf{y} \mathbf{f}(\mathbf{x}) \neq \boldsymbol{f}(\mathbf{y})$
Pentru funcția $f:{1,2,3} \rightarrow{1,2,3,4,5}$, folosind metoda backtracking, primele trei funcții injective generate sunt:
\begin{verbatim}
x:     1 2 3 
f(x): 1 2 3 
-------------- 
x:     1 2 3 
f(x): 1 2 4 
-------------- 
x:     1 2 3 
f(x): 1 2 5 

\end{verbatim}
Precizați care este a zecea funcție generată.","N/A","5 4 3","4 3 2","2 1 3","1 5 2","1 4 5","1 5 3","N/A","N/A","N/A","N/A","N/A","N/A","N/A","N/A","N/A","N/A","N/A","N/A"
"Varianta 22","22.13.","Single","Numărul ciclurilor hamiltoniene distincte ale unui graf neorientat complet $\mathrm{G} \mathrm{cu} \mathrm{n} \geq 3$ noduri este egal cu","N/A","$n$","$\frac{(n-1)!}{2}$","n !","$\frac{n *(n-1)}{2}$","$\mathrm{n}^{*}(\mathrm{n}-1)$","$\frac{n}{2}$","N/A","N/A","N/A","N/A","N/A","N/A","N/A","N/A","N/A","N/A","N/A","N/A"
"Varianta 22","22.14.","Trio","Precizați ce se va afișa pe ecran în urma execuției următorului program?
\begin{verbatim}
Limbajul C++ 
#include <iostream> 
using namespace std; 
int v[]={15,12,7,20,-1,-5}; 
int f(int n) 
{ cout<<n<<"" ""; 
  if(n==0) return 0; 
 else  
 return  
  v[n-1]<v[n] || f(n-1); 
} 
int main() 
{ cout<<f(5); return 0; }
Limbajul C 
#include <stdio.h> 
int v[]={15,12,7,20,-1,-5}; 
int f(int n) 
{ 
  printf(""%d "",n); 
  if(n==0)return 0; 
  else return v[n-1]<v[n] || f(n-1); 
} 
int main() 
{  printf(""%d"",f(5)); return 0; }
Limbajul Pascal 
var v:array[0..5] of 
integer=(15,12,7,20,-1,-5); 
 
function 
f(n:integer):boolean; 
begin 
  write(n,' '); 
  if n=0 then f:=false 
  else f:=(v[n-1]<v[n]) or 
f(n-1); 
end; 
begin 
   write(f(5)); 
end.
\end{verbatim}","N/A","5 4 3 2 1 0","5 4 3 2 1 0 1","5 4 3","5 4 3 1","4 3 1","5 4 3 0 0","5 4 3 2 1 0","5 4 3 2 1 0 1","5 4 3","5 4 3 1","4 3 1","5 4 3 0 0","5 4 3 2 1 false","5 4 3 2 1 0 true","5 4 3","5 4 3 true","4 3 true","5 4 3 0 false"
"Varianta 22","22.15.","Dual","Dorim să decriptăm un cuvânt scris cu litere mari astfel: fiecare literă este codificată prin codul ei din care se scade un număr $\mathbf{k}(\mathbf{k}>=0)$. Numărul $\mathbf{k}$ se numește cheie de decriptare. De exemplu, dacă avem litera $\mathbf{I}$ și $\mathbf{k}$ este $\mathbf{6}$, vom obține după decriptare litera C. Vom considera literele așezate pe un cerc, după $\mathbf{Z}$ vine $\mathbf{A}$. Presupunem că șirul inițial este
reținut în variabila sir iar rezultatul obținut în urma decriptării tot în variabila sir. Considerând prima parte a programului cea de mai jos, care dintre următoarele secvențe realizează decriptarea corectă a unui șir de caractere citit de la tastatură cu o cheie k citită de la tastatură?
\begin{verbatim}
Limbajul C++ 
char sir[255]; 
int d; 
unsigned int k,i; 
cin>>sir; 
cin>>k;
Limbajul C    
char sir[255]; 
int d; 
unsigned int k,i; 
scanf(""%s"",sir); 
scanf(""%u"",&k);
Limbajul Pascal 
var sir:string; 
    d:integer; 
    i,k:word; 
begin 
    read(sir); 
    read(k); 
\end{verbatim}","N/A","d = 'Z'-'A'; 
  for(i=0;i<strlen(sir);i++) 
       sir[i]='A'+(sir[i]-'A'+d)%('Z'-'A'+1);","d = k; 
  for(i=0;i<strlen(sir);i++) 
    sir[i]='A'+(sir[i]-'A'+d)%('Z'-'A'+1);","d = 'Z'-'A'+1-k; 
  for(i=0;i<strlen(sir);i++) 
    sir[i]='A'+(sir[i]-'A'-d)%('Z'-'A'+1);","d = 'Z'-'A'+1-k; 
  for(i=0;i<strlen(sir);i++) 
    sir[i]='A'+(sir[i]-'A'+d)%('Z'-'A'+1);","d = k; 
  for(i=0;i<strlen(sir);i++) 
    sir[i]='A'+(sir[i]-'A'+d)%('Z'-'A'+26);","d = 'Z'-'A'; 
  for(i=0;i<strlen(sir);i++) 
    sir[i]='A'+(sir[i]-'A'+d)%('Z'-'A'-25);","d = 'Z'-'A'; 
  for(i=0;i<strlen(sir);i++) 
       sir[i]='A'+(sir[i]-'A'+d)%('Z'-'A'+1);","d = k; 
  for(i=0;i<strlen(sir);i++) 
    sir[i]='A'+(sir[i]-'A'+d)%('Z'-'A'+1);","d = 'Z'-'A'+1-k; 
  for(i=0;i<strlen(sir);i++) 
    sir[i]='A'+(sir[i]-'A'-d)%('Z'-'A'+1);","d = 'Z'-'A'+1-k; 
  for(i=0;i<strlen(sir);i++) 
    sir[i]='A'+(sir[i]-'A'+d)%('Z'-'A'+1);","d = k; 
  for(i=0;i<strlen(sir);i++) 
    sir[i]='A'+(sir[i]-'A'+d)%('Z'-'A'+26);","d = 'Z'-'A'; 
  for(i=0;i<strlen(sir);i++) 
    sir[i]='A'+(sir[i]-'A'+d)%('Z'-'A'-25);","d:=ord('Z')-ord('A'); 
  for i:=1 to length(sir) do 
  sir[i]:=chr(ord('A')+(ord(sir[i])- ord('A')+d ) mod     
(ord('Z')-ord('A')+1));","d:=k; 
  for i:=1 to length(sir) do 
  sir[i]:=chr(ord('A')+(ord(sir[i])-ord('A')-d) mod  
(ord('Z')-ord('A')+1));","d:=ord('Z')-ord('A')+1-k; 
  for i:=1 to length(sir) do 
  sir[i]:=chr(ord('A')+(ord(sir[i])-ord('A')-d) mod 
(ord('Z')-ord('A')+1));","d:=ord('Z')-ord('A')+1-k; 
  for i:=1 to length(sir) do 
  sir[i]:=chr(ord('A')+(ord(sir[i])-ord('A')+d) mod 
(ord('Z')-ord('A')+1));","d:=k; 
  for i:=1 to length(sir) do 
  sir[i]:=chr(ord('A')+(ord(sir[i])-ord('A')-d) mod 
(ord('Z')-ord('A')+26));","d:=ord('Z')-ord('A'); 
  for i:=1 to length(sir) do 
  sir[i]:=chr(ord('A')+(ord(sir[i])-ord('A')+d)mod 
(ord('Z')-ord('A')-25));"
"Varianta 23","23.1.","Trio","Trei variabile de tip întreg au valorile $a=13, b=5, c=3$. Dintre expresiile următoare, cea care are valoarea 1 ( $\mathrm{C}++/ \mathrm{C}$ ) respectiv true (Pascal) este:","N/A","a/c*2<5+c*4%5","c%b==a%c","b+a/10!=b%c*a/c","(b>c) && !(b*c%7==2*a-b*b)","c%b*10<a*2","c/b*b/c==1","a/c*2<5+c*4%5","c%b==a%c","b+a/10!=b%c*a/c","(b>c) && !(b*c%7==2*a-b*b)","c%b*10<a*2","c/b*b/c==1","a div c *2 < (5+c*4 mod 5)","c mod b =a mod c","b+a div 10 <>b mod c *a div c","(b>c) and not((b*c mod 7)=(2*a-b*b))","c mod b*10 < a*2","c div b * b div c = 1"
"Varianta 23","23.2.","Single","Într-un graf neorientat cu 13 noduri, fiecare nod are gradul d. Valoarea lui d nu poate fi:","N/A","2","4","6","8","10","11","N/A","N/A","N/A","N/A","N/A","N/A","N/A","N/A","N/A","N/A","N/A","N/A"
"Varianta 23","23.3.","Single","Variabila i este de tip întreg. Numărul total al atribuirilor care se execută în urma rulării secvenței următoare este:
\begin{verbatim}
Limbajul C++/C
i=1;
while(i*i<2020)
    i=i*2;
Limbajul Pascal 
i:=1; 
while i*i<2020 do 
   i:=i*2;
\end{verbatim}","N/A","5","6","7","9","11","12","N/A","N/A","N/A","N/A","N/A","N/A","N/A","N/A","N/A","N/A","N/A","N/A"
"Varianta 23","23.4.","Single","Considerând că variabila spoate reține un șir cu cel mult 100 de caractere și variabila i este de tip întreg, în urma executării următoarei secvențe de instrucțiuni, lungimea efectivă a șirului s este:
\begin{verbatim}
Limbajul C++/C
strcpy(s,""2020+2020=4040""); 
for(i=0;i<strlen(s);i++) 
if(strchr(""0123456789"",s[i])) 
  strcpy(s+i,s+i+1); 
Limbajul Pascal s:='2020+2020=4040'; 
for i:=1 to length(s) do 
 if pos(s[i],'0123456789')<>0 
then delete(s,i,1); 
\end{verbatim}","N/A","0","2","5","6","8","11","N/A","N/A","N/A","N/A","N/A","N/A","N/A","N/A","N/A","N/A","N/A","N/A"
"Varianta 23","23.5.","Single","Pentru a verifica dacă elementele unui tablou unidimensional cu $\mathbf{n}$ elemente numere întregi sunt distincte două câte două, numărul de comparații executate este:","N/A","$2 n$","$n(n-1) / 2$","$n(n-1)$","$(n-1)^{2}$","$n^{2}$","$n$ !","N/A","N/A","N/A","N/A","N/A","N/A","N/A","N/A","N/A","N/A","N/A","N/A"
"Varianta 23","23.6.","Single","În urma executării următoarei secvențe de program, variabila $\mathbf{x}$, de tip întreg, va avea valoarea:
\begin{verbatim}
Limbajul C++/C 
x=15; 
x=x*3/4*4/3; 
do {if(x%2==0) x=x/2; 
    else x=x-5; 
   }while(x>0);
\end{verbatim}
\begin{verbatim}
Limbajul Pascal 
x:=15; 
x:=x*3 div 4*4 div 3; 
repeat  
if x mod 2=0 then x:=x div 2 
else x:=x-5; 
until x<=0; 
\end{verbatim}","N/A","-6","-5","-4","0","2","5","N/A","N/A","N/A","N/A","N/A","N/A","N/A","N/A","N/A","N/A","N/A","N/A"
"Varianta 23","23.7.","Single","Utilizând un algoritm backtracking se generează în ordine crescătoare toate numerele naturale cu patru cifre care au suma cifrelor egală cu 4. Primele trei soluții sunt: 1003, 1012, 1021. În șirul generat, numărul 2020 ocupă poziția:","N/A","10","11","12","13","14","15","N/A","N/A","N/A","N/A","N/A","N/A","N/A","N/A","N/A","N/A","N/A","N/A"
"Varianta 23","23.8.","Single","Dacă $\mathbf{s}, \mathbf{i}, \mathbf{j}, \mathbf{n}$ sunt variabile de tip întreg și a este un tablou bidimensional cu $\mathbf{n}$ linii și n coloane numerotate de la 1 la n, următorul algoritm calculează:
\begin{verbatim}
Limbajul C++/C
s=0;
for(i=1;i<=n;i++)
    for(j=1;j<i;j++)
        s=s+a[i][j];
\end{verbatim}
\begin{verbatim}
Limbajul Pascal
s:=0;
for i:=1 to n do
    for j:=1 to i-1 do
        s:=s+a[i,j];
\end{verbatim}","N/A","suma elementelor de sub diagonala principală exclusiv elementele diagonalei principale","suma elementelor de sub diagonala secundară exclusiv elementele diagonalei secundare","numărul elementelor de deasupra diagonalei principale inclusiv elementele diagonalei principale","suma elementelor de pe diagonala principală","suma elementelor de sub diagonala principală inclusiv elementele diagonalei principale","suma elementelor de deasupra diagonalei secundare inclusiv elementele diagonalei secundare","N/A","N/A","N/A","N/A","N/A","N/A","N/A","N/A","N/A","N/A","N/A","N/A"
"Varianta 23","23.9.","Single","Se consideră următoarele declarații de tipuri și variabile:
\begin{verbatim}
Limbajul C++
struct a
    { int b;
        char c[10];
    };
struct d
    { char e[10];
        float f;
        a g;
 } h; 
Limbajul C 
typedef struct   
 { int b;  
   char c[10]; 
 }a; 
typedef struct  
 { char e[10];  
   float f;  
   a g; 
 }d; 
d h;
\end{verbatim}
\begin{verbatim}
Limbajul Pascal 
type a=record  
   b:integer; 
   c:string[10]  
end; 
 d=record  
   e: string[10];  
   f: real;  
   g:a   
end; 
var h:d;
\end{verbatim}
Dintre următoarele expresii, de tip caracter este:","N/A","g.e[2]","h.a.c","h.a.c[0]","h.c[2]","h.g.c[2]","d.e[2]","N/A","N/A","N/A","N/A","N/A","N/A","N/A","N/A","N/A","N/A","N/A","N/A"
"Varianta 23","23.10.","Single","Se consideră un arbore cu 8 noduri și muchiile $[1,2]$, $[2,3]$, $[3,6],[4,3]$, $[5,7],[7,2],[8,2]$. Pentru ca arborele să conțină un număr maxim de lanțuri elementare de lungime 3 care nu conțin rădăcina, se poate alege ca rădăcină oricare dintre nodurile:","N/A","$1,2,4,5$","$1,2,5,6$","$1,3,6,7$","$2,3,4,5,6$","$1,4,5,6,8$","$2,3,4,7,8$","N/A","N/A","N/A","N/A","N/A","N/A","N/A","N/A","N/A","N/A","N/A","N/A"
"Varianta 23","23.11.","Single","În urma executării următoarei secvențe de program tabloul unidimensional a, cu 6 elemente numerotate de la 1 la 6, va conține valorile:
\begin{verbatim}
Limbajul C++/C 
for (i=1;i<=6;i++) 
 if (i%2!=0) a[i]=i/2; 
 else a[i]=7-i; 
for(i=6;i>=3;i--) 
  a[a[i]]=2*i%7;
\end{verbatim}
\begin{verbatim}
Limbajul Pascal 
for i:=1 to 6 do 
if i mod 2<>0 then a[i]:=i div 2 
else a[i]:=7-i; 
for i:=6 downto 3 do  
a[a[i]]:=2*i mod 7;
\end{verbatim}","N/A","0 5 6 1 3 5","5 3 1 3 2 1","6 3 6 2 2 3","6 1 5 2 6 3","6 3 1 2 2 1","6 3 1 3 2 1","N/A","N/A","N/A","N/A","N/A","N/A","N/A","N/A","N/A","N/A","N/A","N/A"
"Varianta 23","23.12.","Single","Pentru apelul $s(2020,2)$ al subprogramului de mai jos, enunțul adevărat este:
\begin{verbatim}
Limbajul C++/C 
int s(int n, int d) 
{ 
    if(n==1) return 0; 
    if (n%d==0) 
       return 1+s(n/d,d); 
    else  
       return s(n,d+1); 
}
\end{verbatim}
\begin{verbatim}
Limbajul Pascal
function s(n,d:integer): integer;
begin
if n=1 then
        s:=0
else if n mod d=0 then
            s:=1+s(n div d,d)
    else s:=s(n,d+1)
end;
\end{verbatim}","N/A","$s(2020,2)=3$ și reprezintă numărul divizorilor primi ai numărului 2020","$s(2020,2)=4$ și reprezintă numărul divizorilor primi ai numărului 2020","$\mathbf{s}(\mathbf{2 0 2 0}, \mathbf{2})=\mathbf{4}$ și reprezintă suma exponenților divizorilor primi din descompunerea în factori primi a numărului 2020","$\mathbf{s}(\mathbf{2 0 2 0}, \mathbf{2})=6$ și reprezintă suma exponenților divizorilor primi din descompunerea în factori primi a numărului 2020","$s(2020,2)=10$ și reprezintă numărul divizorilor proprii ai numărului 2020","$s(2020,2)=12$ și reprezintă numărul divizorilor numărului 2020","N/A","N/A","N/A","N/A","N/A","N/A","N/A","N/A","N/A","N/A","N/A","N/A"
"Varianta 23","23.13.","Single","Numărul de grafuri neorientate cu șase noduri, în care nodul $\mathbf{1}$ are gradul 1 și nodul 2 are gradul 2 este:","N/A","92","1280","1536","1792","1920","2560","N/A","N/A","N/A","N/A","N/A","N/A","N/A","N/A","N/A","N/A","N/A","N/A"
"Varianta 23","23.14.","Single","În urma rulării programului următor vor fi afișate valorile:
\begin{verbatim}
Limbajul C++ 
#include <iostream> 
using namespace std; 
void f (int &a, int b) 
{ int x=3; 
  a--;  
  b++; 
  x--; 
 cout<<a<<' '<<b<<' '<<x<<' '; 
} 
int main() 
{ int i, x=4, y=6; 
  for(i=1;i<=3;i++) 
     f(x,x+y); 
  cout<<x<<' '<<y; 
   return 0; 
}
Limbajul Pascal 
program main; 
var x, y, i: integer; 
procedure f (var a: integer; b:integer); 
var x:integer; 
begin 
  x:=3; 
  dec(a); inc(b); dec(x); 
  write(a,' ',b,' ',x,' '); 
end; 
begin 
  x:=4; 
  y:=6; 
  for i:=1 to 3 do  
      f(x,x+y); 
  write(x,' ',y) 
end.
Limbajul C 
#include <stdio.h> 
#include <stdlib.h> 
void f (int *a, int b) 
{ int x=3; 
  (*a)--;  
   b++; 
   x--; 
   printf(""%d %d %d "",*a,b,x); 
} 
int main() 
{ int i, x=4, y=6; 
  for(i=1; i<=3; i++) 
      f(&x,x+y); 
  printf(""%d %d"",x,y); 
  return 0; 
}
\end{verbatim}","N/A","3 11 2 3 6","3 11 2 4 6","3 11 3 2 10 2 1 9 1 1 6","2 11 2 0 9 0 -2 7 -2 -2 6","3 11 2 3 11 2 3 11 2 4 6","3 11 2 2 10 2 1 9 2 1 6","N/A","N/A","N/A","N/A","N/A","N/A","N/A","N/A","N/A","N/A","N/A","N/A"
"Varianta 23","23.15.","Single","Se sortează crescător tabloul v=(3, 4, 2, 5, 1, 7, 6). O propoziție falsă este:","N/A","Sortând prin metoda Bubble Sort se fac 7 interschimbări.","Aplicând metoda de sortare prin interclasare numerele 1 și 4 nu se compară.","Aplicând metoda de sortare prin selecție se execută cel mult 6 interschimbări.","Sortând prin selecția minimului, numerele 2 și 3 se compară de două ori.","Aplicând metoda de sortare Bubble Sort se poate obține ca etapă intermediară tabloul $\mathrm{v}=(3,2,4,1,5,6,7)$.","Aplicând metoda de sortare prin inserție se poate obține ca etapă intermediară tabloul $\mathrm{v}=(1,3,4,2,5,7,6)$.","N/A","N/A","N/A","N/A","N/A","N/A","N/A","N/A","N/A","N/A","N/A","N/A"
"Varianta 24","24.1.","Single","Expresia de mai jos are valoarea 1 (C++/C) respectiv true (Pascal) dacă și numai dacă $n$ este: Limbajul C++/C $n \% 2==1 \&\& n * n<100$; Limbajul Pascal $(n mod 2=1) and (n * n<100)$.","N/A","număr întreg impar mai mic decât 10","număr întreg impar, din intervalul $(-10,10)$","număr natural mai mic decât 100","număr natural impar de o singură cifră","număr întreg par mai mic decât 10","număr natural impar cu cel mult două cifre","N/A","N/A","N/A","N/A","N/A","N/A","N/A","N/A","N/A","N/A","N/A","N/A"
"Varianta 24","24.2.","Single","Dacă $a$ este un tablou bidimensional cu $n$ linii și $n$ coloane, numerotate de la $1$ la $n$, elementul de pe linia $i$ și coloana $j$ se află pe diagonala secundară dacă între indici există relația:","N/A","$i<j$","$i>j$","$i=j$","$i+j=n-1$","$i+j=n$","$i+j=n+1$","N/A","N/A","N/A","N/A","N/A","N/A","N/A","N/A","N/A","N/A","N/A","N/A"
"Varianta 24","24.3.","Single","Graful neorientat complet $G$ are 10 noduri. Un enunț adevărat este:","N/A","$G$ este arbore","$G$ are 50 de muchii","$G$ nu este graf hamiltonian și nici eulerian","$G$ este graf hamiltonian dar nu eulerian","$G$ nu este graf hamiltonian dar este graf eulerian","$G$ este graf hamiltonian și eulerian","N/A","N/A","N/A","N/A","N/A","N/A","N/A","N/A","N/A","N/A","N/A","N/A"
"Varianta 24","24.4.","Dual","Se consideră că $d$, $i$, $k$, $n$ sunt variabile de tip întreg și $a$ este un tablou unidimensional cu $n$ numere întregi numerotate de la 1 la $n$. La finalul execuției secvenței următoare, variabila $k$ are valoarea 1 dacă și numai dacă elementele tabloului $a$ formează o progresie aritmetică. Expresia corectă care completează punctele de suspensie este:
\begin{verbatim}
Limbajul C++/C
k=1;
d=a[2]-a[1];
for(i=3;i<=n;i++)
    if ( . . . . )
        k=0;
\end{verbatim}
\begin{verbatim}
Limbajul Pascal
k:=1;
d:=a[2]-a[1];
for i:=3 to n do
    if . . . . then
        k:=0;
\end{verbatim}","N/A","a[i+1]-a[i]!=d","a[i]-a[i+1]!=d","a[i]-a[i-1]!=d","a[i+1]-a[i]==d","a[i]+a[i+1]!=d","a[i]-a[i-1]==d","a[i+1]-a[i]!=d","a[i]-a[i+1]!=d","a[i]-a[i-1]!=d","a[i+1]-a[i]==d","a[i]+a[i+1]!=d","a[i]-a[i-1]==d","a[i+1]-a[i]<>d","a[i]-a[i+1]<>d","a[i]-a[i-1]<>d","a[i+1]-a[i]=d","a[i]+a[i+1]<>d","a[i]-a[i-1]=d"
"Varianta 24","24.5.","Single","Se consideră un arbore cu 8 noduri și muchiile $[1,2],[2,3],[3,6],[4,3],[5,7],[7,2],[8,2]$. Înălțimea arborelui este egală cu lungimea celui mai lung lanț elementar care unește rădăcina de o frunză. Arborele dat are înălțime minimă dacă se va alege ca rădăcină nodul:","N/A","1","2","3","5","7","8","N/A","N/A","N/A","N/A","N/A","N/A","N/A","N/A","N/A","N/A","N/A","N/A"
"Varianta 24","24.6.","Single","În urma execuției secvenței următoare, în care toate variabilele sunt de tip întreg, valoarea variabilei $n$ este:
\begin{verbatim}
Limbajul C++/C
n=0; a=11357; b=1426; p=1;
while(a!=b)
{   x=a%10; y=b%10;
    if(x<y) n=n+p*x;
    else n=n+p*y;
    p=p*10; a=a/10; b=b/10;
}
\end{verbatim}
\begin{verbatim}
Limbajul Pascal
n:=0; a:=11357; b:=1426; p:=1;
while a<>b do begin
    x:=a mod 10; y:=b mod 10;
    if x<y then n:=n+p*x
    else n:=n+p*y;
    p:=p*10; a:=a div 10; b:=b div 10
end;
\end{verbatim}","N/A","1326","1356","6241","11326","11457","62411","N/A","N/A","N/A","N/A","N/A","N/A","N/A","N/A","N/A","N/A","N/A","N/A"
"Varianta 24","24.7.","Single","Fie enunțul: „pentru a sorta descrescător un tablou unidimensional cu 20 de elemente numere reale, utilizând metoda selecției, nu sunt necesare mai mult de $x$ determinări ale valorii maxime"". Enunțul este adevărat dacă $x$ este egal cu:","N/A","0","10","19","20","190","400","N/A","N/A","N/A","N/A","N/A","N/A","N/A","N/A","N/A","N/A","N/A","N/A"
"Varianta 24","24.8.","Single","Matricea alăturată este matricea de adiacență a unui graf:
\begin{verbatim}
0 1 1 0
1 0 1 0
1 0 0 0
0 1 0 0
\end{verbatim}","N/A","orientat cu 6 noduri și 3 arce","neorientat cu 4 noduri și 3 muchii","orientat cu 4 noduri și 6 arce","neorientat cu 6 noduri și 6 muchii","orientat cu 4 noduri și 3 arce","neorientat cu 4 noduri și 6 muchii","N/A","N/A","N/A","N/A","N/A","N/A","N/A","N/A","N/A","N/A","N/A","N/A"
"Varianta 24","24.9.","Single","Utilizând un algoritm backtracking se generează în ordine lexicografică toate anagramele cuvântului roman. Soluția generată imediat înainte de cuvântul norma și soluția generată imediat după cuvântul norma sunt:","N/A","nramo și noram","nramo și nrmao","nomra și noram","nomra și nramo","noram și nramo","nomar și nramo","N/A","N/A","N/A","N/A","N/A","N/A","N/A","N/A","N/A","N/A","N/A","N/A"
"Varianta 24","24.10.","Single","Variabilele $i$, $j$, $k$ sunt de tip întreg iar $s$ reține un șir de caractere format din litere mici și spații (cuvintele sunt despărțite printr-un singur spațiu). În urma executării următoarei secvențe de program, variabila $k$ are valoarea 0 dacă șirul $s$ este inițial:
\begin{verbatim}
Limbajul C++/C
for(i=0;i<strlen(s);i++)
    if(s[i]==' ')
        strcpy(s+i,s+i+1);
i=0;
j=strlen(s)-1;
k=1;
while(i<j)
    {
        if (s[i]!=s[j])
            k=0;
        i++;
        j--;
    }
\end{verbatim}
\begin{verbatim}
Limbajul Pascal
for i:=1 to length(s) do
    if s[i]=' ' then
        delete(s,i,1);
i:=1;
j:=length(s);
k:=1;
while i<j do
    begin
        if s[i]<>s[j] then
            k:=0;
        inc(i);
        dec(j)
end;
\end{verbatim}","N/A","atasata","o rama maro","o rama alba","elisa vasile","nora aron","vasile elisav","N/A","N/A","N/A","N/A","N/A","N/A","N/A","N/A","N/A","N/A","N/A","N/A"
"Varianta 24","24.11.","Single","Dacă din programul principal se apelează $f(f(3))$, numărul de autoapeluri ale funcției $f$, definită mai jos, este:
\begin{verbatim}
Limbajul C++/C
int f (int a)
{
    if (a<2)
        return 1;
    else
        return f(a-1)+2*f(a-3);
}
\end{verbatim}
\begin{verbatim}
Limbajul Pascal
function f(a:integer):integer;
begin
if a<2 then
    f:=1
else
    f:=f(a-1)+2*f(a-3)
end;
\end{verbatim}","N/A","8","9","10","14","15","16","N/A","N/A","N/A","N/A","N/A","N/A","N/A","N/A","N/A","N/A","N/A","N/A"
"Varianta 24","24.12.","Single","Secvența de mai jos construiește tabloul bidimensional $a$ cu $n$ linii și $n$ coloane, numerotate de la 1 la $n$. Pentru $n = 4$, suma elementelor de pe diagonala principală este:
\begin{verbatim}
Limbajul C++/C
x=1;
y=1;
for(i=1;i<=n;i++)
    for(j=1;j<=n+1-i;j++)
        {
            a[i][j]=x;
            x++;
        }
for(j=n;j>=1;j--)
        for(i=n;i>=n+1-j;i--)
            {
                a[i][j]=y;
                y++;
            }
\end{verbatim}
\begin{verbatim}
Limbajul Pascal
x:=1;
y:=1;
for i:=1 to n do
    for j:=1 to n+1-i do
        begin
            a[i,j]:=x;
            inc(x)
        end;
for j:=n downto 1 do
    for i:=n downto n+1-j do
        begin
            a[i,j]:=y;
            inc(y)
        end;
\end{verbatim}","N/A","9","12","14","16","28","30","N/A","N/A","N/A","N/A","N/A","N/A","N/A","N/A","N/A","N/A","N/A","N/A"
"Varianta 24","24.13.","Single","Pentru funcția dată mai jos, $f(95)$ și $f(59)$ au valorile:
\begin{verbatim}
Limbajul C++/C
int f (int x)
{
    if (x>=100)
        return x+2;
    else
        return f (f(x+2)+1);
}
\end{verbatim}
\begin{verbatim}
Limbajul Pascal
function f (x:integer):integer;
begin
    if x>=100 then
        f:=x+2
    else
        f:=f(f(x+2)+1)
end;
\end{verbatim}","N/A","103 și 146","109 și 162","110 și 163","103 și 163","112 și 157","112 și 166","N/A","N/A","N/A","N/A","N/A","N/A","N/A","N/A","N/A","N/A","N/A","N/A"
"Varianta 24","24.14.","Single","Sortând crescător prin metoda selecției, cu număr minim de interschimbări (se interschimbă doar elemente distincte), tablourile unidimensionale $v=(3,8,2,7)$, $x=(4,5,1,7)$, $y=(4,7,9,6)$ și $z=(6,3,2,9)$ se calculează numărul operațiilor (comparări și atribuiri) efectuate. Afirmația adevărată este:","N/A","Pentru $v$ și $y$ s-a realizat un număr egal de operații","Pentru $v$ și $z$ s-a realizat un număr egal de operații","Cel mai mare număr de operații s-a efectuat pentru $x$","Cel mai mare număr de operații s-a efectuat pentru $y$","Cel mai mic număr de operații s-a efectuat pentru $z$","Cel mai mic număr de operații s-a efectuat pentru $y$","N/A","N/A","N/A","N/A","N/A","N/A","N/A","N/A","N/A","N/A","N/A","N/A"
"Varianta 24","24.15.","Single","În urma executării secvenței de program de mai jos se afișează:
\begin{verbatim}
Limbajul C++/C
int f (int a, int b, int e)
{
    int x;
    if(a<2)
        return e+1;
    if(a%b==0)
    {
        if(e==0)
            cout<<b<<' '; | printf(""%d "",b);
        e++;
        return f(a/b,b,e);
    }
    else
    {
        x=e+1;
        e=0;
        b++;
        return x*f(a,b,e);
    }
}
int main()
{   int x,y,e;
    cin>>x; | scanf(""%d"",&x);
    y=2;
    e=0;
    cout<<f(x,y,e); | printf(""%d"",f(x,y,e));
}
\end{verbatim}
\begin{verbatim}
Limbajul Pascal
program p;
var x,y,e: integer;
function f(a,b,e:integer) :integer;
var x:integer;
begin
    if a<2 then
        f:=e+1
    else
        begin
            if a mod b=0 then
                begin
                    if e=0 then
                        write(b,' ');
                    inc(e);
                    f:=f(a div b,b,e)
                end
            else
                begin
                    x:=e+1;e:=0;inc(b) ;
                    f:=x*f(a,b,e)
                end
        end
end;
begin
    read(x);
    y:=2;
    e:=0;
    writeln(f(x,y,e))
end.
\end{verbatim}","N/A","divizorii proprii ai numărului $x$","numărul de divizori proprii ai numărului $x$","divizorii proprii și numărul divizorilor proprii ai numărului $x$","divizorii primi ai lui $x$ și numărul tuturor divizorilor lui $x$","divizorii proprii ai numărului $x$ și produsul exponenților divizorilor primi din descompunerea în factori primi a numărului $x$","divizorii primi ai numărului $x$ și produsul exponenților divizorilor primi din descompunerea în factori primi a numărului $x$","N/A","N/A","N/A","N/A","N/A","N/A","N/A","N/A","N/A","N/A","N/A","N/A"
"Varianta 25","25.1.","Dual","Se dă o variabilă $a$ care reține un număr natural nenul. Care dintre următoarele expresii are valoarea 0 / false?","N/A","a*(a+1)/2<a*a+1","4*a*(a-1)<a*a-2","a>0 \&\& (a \% 10+(a+1) \% 10)","a \% 2+(a+1) \% 2==1","(a-1)*(a+1)>a*a-2","a*(a+1)>=a*a+1","a*(a+1)/2<a*a+1","4*a*(a-1)<a*a-2","a>0 \&\& (a \% 10+(a+1) \% 10)","a \% 2+(a+1) \% 2==1","(a-1)*(a+1)>a*a-2","a*(a+1)>=a*a+1","a*(a+1) DIV 2<a*a+1","4*a*(a-1)<a*a-2","a>0 AND (a MOD 10+(a+1) MOD 10)","a MOD 2+(a+1) MOD 2=1","(a-1)*(a+1)>a*a-2","a*(a+1)>=a*a+1"
"Varianta 25","25.2.","Single","În secvența de program variabilele $\mathbf{i}$ și $\mathbf{j}$ sunt de tip întreg iar $\mathbf{A}$ este un tablou bidimensional cu 5 linii și 5 coloane numerotate de al 0 la 4,
$A=\left(\begin{array}{lllll}1 & 2 & 3 & 4 & 5","N/A","167238945","127834905","549832761","509438721","127850943","509412783","N/A","N/A","N/A","N/A","N/A","N/A","N/A","N/A","N/A","N/A","N/A","N/A"
"Varianta 25","25.3.","Single","Fie o coadă inițial vidă. Cu ajutorul subprogramelor $Ad(x)$ respectiv $El()$ este adăugat elementul $x$ respectiv șters un element din coadă. Care va fi suma elementelor din coadă în urma executării operațiilor următoare? Ad (3) El() Ad (7) Ad (9) El () Ad (5) Ad (2) El()","N/A","12","14","10","15","7","16","N/A","N/A","N/A","N/A","N/A","N/A","N/A","N/A","N/A","N/A","N/A","N/A"
"Varianta 25","25.4.","Single","Fie $M=\left(\begin{array}{llllll}0 & 0 & 0 & 1 & 0 & 1","N/A","0","1","2","3","4","5","N/A","N/A","N/A","N/A","N/A","N/A","N/A","N/A","N/A","N/A","N/A","N/A"
"Varianta 25","25.5.","Single","Numărul de noduri și numărul de frunze ale arborelui cu rădăcină memorat în următorul vector de tați $(0, 1, 1, 2, 2, 3, 6, 7, 7)$ este:","N/A","9 0","9 5","8 4","1 2","8 3","9 4","N/A","N/A","N/A","N/A","N/A","N/A","N/A","N/A","N/A","N/A","N/A","N/A"
"Varianta 25","25.6.","Single","Se dă mulțimea $A={1,2,3,4}$. Un algoritm generează în ordine crescătoare, toate numerele naturale de $n$ cifre, folosind cifre din mulțimea $A$, numere care au suma cifrelor egală cu 6. Dacă pentru $n=3$, primele trei soluții generate sunt, în ordine, 114, 123, 132, numărul de ordine al soluției 312 este:","N/A","4","5","6","7","8","9","N/A","N/A","N/A","N/A","N/A","N/A","N/A","N/A","N/A","N/A","N/A","N/A"
"Varianta 25","25.7.","Single","Variabila $i$ memorează un număr natural, iar variabila $a$ memorează șirul examen. În urma executării următoarelor instrucțiuni se va afișa:
\begin{verbatim}
Limbajul C++/C
for(i=0;i<5;i++)
    if(a[i]<a[i+1])
        a[i]=a[i+1];
cout<<a; | printf(""%s"",a);
\end{verbatim}
\begin{verbatim}
Limbajul Pascal
for i:=0 to 4 do
    if a[i]<a[i+1] then
        a[i]:=a[i+1];
write(a);
\end{verbatim}","N/A","xxmmnn","exmmnn","fxbmfn","exxxxn","xamenn","nemaxe","N/A","N/A","N/A","N/A","N/A","N/A","N/A","N/A","N/A","N/A","N/A","N/A"
"Varianta 25","25.8.","Single","Fie subprogramul recursiv:
\begin{verbatim}
Limbajul C++/C
void numar(int n)
{
    if(n<=100)
        cout<<'\n'; | printf(""\n"");
    else
    {
        if(n%10<5)
            cout<<n%10; | printf(""%d"", n%10);
        numar(n/10);
        if(n%10>5)
            cout<<n%10; | printf(""%d"", n%10);
    }
}
\end{verbatim}
\begin{verbatim}
Limbajul Pascal
procedure numar(n: longint);
begin
    if n<=100 then
        writeln
    else
        begin
            if n mod 10< 5 then
                write (n mod 10);
            numar(n div 10);
            if n mod 10> 5 then
                write(n mod 10)
    end
end;
\end{verbatim}
În urma apelului numar (824972345) se va afișa:","N/A","4324
   79","4324
   97","4234
   79","4234
   97","3244
   97","2443
   97","N/A","N/A","N/A","N/A","N/A","N/A","N/A","N/A","N/A","N/A","N/A","N/A"
"Varianta 25","25.9.","Single","În urma executării următoarelor instrucțiuni se va afișa valoarea:
\begin{verbatim}
Limbajul C++/C
int a=360,b=0,c=2;
while(a!=1)
{
    if(!(a%c))
    {
        while(!(a%c))
            a/=c;
        b++;
    }
    c++;
}
cout<<b; | printf(""%d"", b);
\end{verbatim}
\begin{verbatim}
Limbajul Pascal
var a,b,c:integer;
begin
    a:=360; b:=0; c:=2;
    while a<>1 do
    begin
        if a mod c=0 then
        begin
            while a mod c=0 do
                a:=a div c;
            b:=b+1
        end;
        c:=c+1
    end;
    write(b)
end.
\end{verbatim}","N/A","2","3","4","5","6","7","N/A","N/A","N/A","N/A","N/A","N/A","N/A","N/A","N/A","N/A","N/A","N/A"
"Varianta 25","25.10.","Single","Fie tablou unidimensional $v=(5,8,1,3,6,7,4,9)$, elementele fiind numerotate de la 0 la 7. După executarea următoarelor instrucțiuni, tabloul unidimensional $v$ va conține valorile:
\begin{verbatim}
Limbajul C++/C
i=0;
while(i<=3)
{
    if(v[i]<5)
        v[i]=2*v[i];
    if(v[7-i]>v[i])
        v[7-i]=v[7-i]-v[i];
    i=i+1;
}
\end{verbatim}
\begin{verbatim}
Limbajul Pascal
i:=0;
while i<=3 do
begin
if v[i]<5 then
    v[i]:=2*v[i];
if v[7-i]>v[i] then
    v[7-i]:=v[7-i]-v[i];
i:=i+1
end;
\end{verbatim}","N/A","$v=(5,8,2,6,6,4,4,3)$","$v=(5,8,2,6,6,7,8,9)$","$v=(5,8,2,6,6,5,4,4)$","$v=(5,8,2,6,6,6,4,4)$","$v=(5,8,8,6,6,4,4,4)$","$v=(5,5,2,2,6,6,4,4)$","N/A","N/A","N/A","N/A","N/A","N/A","N/A","N/A","N/A","N/A","N/A","N/A"
"Varianta 25","25.11.","Single","Variabilele $s$, $i$, $c$ sunt de tip întreg. Variabila $c$ memorează un număr natural par. În urma executării secvenței de instrucțiuni, variabila $s$ are valoarea:
\begin{verbatim}
Limbajul C++/C
s=0;
for (i=1;i<=c/2;i++)
    s=s+i;
s=2*s;
cout<<s; | printf(""%d"", s);
\end{verbatim}
\begin{verbatim}
Limbajul Pascal
s:=0;
for i:=1 to (c DIV 2) do
    s:=s+i;
s:=s*2;
write(s);
\end{verbatim}","N/A","$\frac{c \cdot(c+1)}{2}$","$c \cdot(c+1)$","$\frac{c \cdot(c+1)}{4}$","$\frac{c \cdot(c+2)}{4}$","$\frac{c \cdot(c-1)}{2}$","$\frac{c \cdot(c-1)}{4}$","N/A","N/A","N/A","N/A","N/A","N/A","N/A","N/A","N/A","N/A","N/A","N/A"
"Varianta 25","25.12.","Single","Variabilele $i$ și $c$ sunt de tip întreg, iar tabloul unidimensional $a$ are valorile ($1,2,3,4,5,6,7$), primul element se află pe poziția 1 , al doilea element se află pe poziția 2 , ș.a.m.d. În urma executării instrucțiunilor, tabloul $a$ va conține valorile:
\begin{verbatim}
Limbajul C++/C
for(i=1;i<=7;i++)
{   int c;
    c=a[i];
    a[i]=a[7-i+1];
    a[7-i+1]=c;
}
Limbajul Pascal
for i:=1 to 7 do begin
    c:=a[i];
    a[i]:=a[7-i+1];
    a[7-i+1]:=c
end;
\end{verbatim}","N/A","1 2 3 4 5 6 7","7 6 5 4 3 2 1","7 6 5 4 5 6 7","1 2 3 4 3 2 1","4 3 2 1 2 3 4","4 5 6 7 6 5 4","N/A","N/A","N/A","N/A","N/A","N/A","N/A","N/A","N/A","N/A","N/A","N/A"
"Varianta 25","25.13.","Single","În urma executării următorului program se va afișa:
\begin{verbatim}
Limbajul C++/C
int main()
{
    int c,i,nr=0;
    for(i=200; i<=300; i++)
    {
        c=i;
        while(c!=0)
        {
            if(c%2==1)
                nr++;
            c=c/10;
        }
    }
cout<<nr; | printf(""%d"", nr);
return 0;}
\end{verbatim}
\begin{verbatim}
Limbajul Pascal
var nr, i, c:integer;
begin
nr:=0;
for i:=200 to 300 do
    begin
        c:=i;
        while c<>0 do
        begin
            if c mod 2 = 1 then
                nr:=nr+1;
            c:=c div 10
        end
    end;
write(nr)
end.
\end{verbatim}","N/A","50","99","100","101","102","103","N/A","N/A","N/A","N/A","N/A","N/A","N/A","N/A","N/A","N/A","N/A","N/A"
"Varianta 25","25.14.","Single","Subprogramul $mat$ definit mai jos, cu doi parametri: $n$, prin care primește un număr natural nenul ($n \leq 100$), $d$, prin care primește elementele unui tablou bidimensional cu $n$ linii și $n$ coloane, numerotate de la 1 la $n$, determină:
\begin{verbatim}
Limbajul C++/C
int mat(int n, int d[][100])
{int e[100][100],i,j,k,p,matrice=0;
    if(n==1) {matrice=d[1][1];
                    return matrice;}
    else
    {
        for(i=1;i<=n;i++)
        {
            for(k=2;k<=n;k++)
                for(j=1;j<i;j++)
                    e[k-1][j]=d[k][j];
            for(k=2;k<=n;k++)
                for(j=i+1;j<=n;j++)
                    e[k-1][j-1]=d[k][j];
            if((i+1)%2==0) p=1;
            else p=-1;
    matrice=matrice+p*d[1][i]*mat(n-1,e);}
    return matrice;
    } }
\end{verbatim}
\begin{verbatim}
Limbajul Pascal
type matrix = array[1..100,1..100] of integer;
function mat(n:integer; d:matrix):integer;
var e: matrix;
            i,j,k,p,matrice: integer;
begin
matrice:=0;
if n=1 then
begin
    matrice:=d[1][1];
    mat:=matrice;
end
else
begin
    for i:=1 to n do
        begin
        for k:=2 to n do
            for j:=1 to i-1 do
                e[k-1][j]:=d[k][j];
        for k:=2 to n do
            for j:=i+1 to n do
                e[k-1][j-1]:=d[k][j];
        if (i+j) MOD 2 =0 then
            p:=1
        else p:=-1;
        matrice:=matrice+p*d[1][i]*mat(n-1,e);
        end;
    mat:=matrice end end;
\end{verbatim}","N/A","pătratul matricei","transpusa matricei","determinantul matricei","matricea inversă","înmulțirea a două matrice","înmulțirea matricei cu o constantă","N/A","N/A","N/A","N/A","N/A","N/A","N/A","N/A","N/A","N/A","N/A","N/A"
"Varianta 25","25.15.","Single","În urma executării subprogramului, pentru parametrii $v$, $n$, $k$, cu valorile de intrare $v=\left(\begin{array}{llll}0 & 1 & 2 & 3","N/A","5143073692852140","5417032963258410","0148523692307145","0412582963703415","0167093290672145","5498563245014398","N/A","N/A","N/A","N/A","N/A","N/A","N/A","N/A","N/A","N/A","N/A","N/A"
"Varianta 26","26.1.","Dual","Se dă o variabilă $a$ care reține un număr natural nenul. Expresia care are valoarea 0 / false pentru orice număr natural nenul $a$ este:","N/A","(a / 3+a / 7) \% 9","(a \% 10+a \% 100 / 10) / 10","((10-a \% 10)+(10-a \% 100 / 10)) / 10","(a \% 5+a \% 7) / 10","(a \% 3+a \% 7) / 9","(a \% 10+a / 10) / 9","(a / 3+a / 7) \% 9","(a \% 10+a \% 100 / 10) / 10","((10-a \% 10)+(10-a \% 100 / 10)) / 10","(a \% 5+a \% 7) / 10","(a \% 3+a \% 7) / 9","(a \% 10+a / 10) / 9","(a DIV 3+a DIV 7) MOD 9","((a MOD 10)+(a MOD 100) DIV 10) DIV 10","((10-(a MOD 10))+(10-(a MOD 100) DIV 10)) DIV 10","(a MOD 4+a MOD 6) DIV 10","(a MOD 3+a MOD 7) DIV 9","(a MOD 10+a DIV 10) DIV 9"
"Varianta 26","26.2.","Single","Se dă un tablou unidimensional $v=(3,5,8,4,2,6,9,1)$ în care primul element se află pe poziția 0 și $i$ o variabilă de tip întreg. În urma executării secvenței de instrucțiuni, elementele tabloului unidimensional $v$ sunt:
\begin{verbatim}
Limbajul C++/C
i=0;
while(i<=6)
{
    j=i+1;
    v[i]=v[i]+v[j];
    v[j]=v[i]-v[j];
    v[i]=v[i]-v[j];
    i=i+2;
}
\end{verbatim}
\begin{verbatim}
Limbajul Pascal 
i:=0;
while i<=6 do
begin
    j:=i+1;
    v[i]:=v[i]+v[j]; 
    v[j]:=v[i]-v[j];
    v[i]:=v[i]-v[j];
    i:=i+2
end;
\end{verbatim}","N/A","$v=(5,8,4,2,6,9,1,3)$","$v=(5,3,4,8,6,2,1,9)$","$v=(11,3,20,8,10,2,19,9)$","$v=(5,-7,4,0,6,10,1,6)$","$v=(3,1,9,6,2,4,8,5)$","$v=(9,1,2,6,8,4,3,5)$","N/A","N/A","N/A","N/A","N/A","N/A","N/A","N/A","N/A","N/A","N/A","N/A"
"Varianta 26","26.3.","Single","Ș̦tiind că variabila $i$ este de tip întreg și variabila $a$ de tip șir de caractere reține cuvântul politehnica, în urma executării instrucțiunilor se va afișa:
\begin{verbatim}
Limbajul C++/C
for(i=0;i<=7;i++)
    if(a[i]<'n')
        a[i]='A'-'a'+a[i];
cout<<a; | printf(""%s"", a);
\end{verbatim}
\begin{verbatim}
Limbajul Pascal
for i:=1 to 8 do
    begin
        if a[i]<'n' then
            a[i]:=upcase(a[i])
    end;
write(a);
\end{verbatim}","N/A","poLItEHnICA","POliTehnica","POliTehnica","POliTehNICA","poliTEHNICA","polItEHnica","N/A","N/A","N/A","N/A","N/A","N/A","N/A","N/A","N/A","N/A","N/A","N/A"
"Varianta 26","26.4.","Single","Fie un tablou bidimensional $A$, cu 4 linii și 4 coloane numerotate de la 0 la 3 care conține elemente de tip întreg și două variabile $i$ și $j$ de tip întreg. Valorile ce vor fi reținute în tabloul bidimensional $A$ după executarea următoarelor instrucțiuni sunt:
\begin{verbatim}
Limbajul C++/C
i=3;
while(i>=0)
{
    j=3;
    while(j>=0)
    {
        if((i+j)%2==0)
            A[i][j]=i+j;
        else
            if(i>j) A[i][j]=i;
            else A[i][j]=j;
        j--;
    }
    i--;
}
\end{verbatim}
\begin{verbatim}
Limbajul Pascal
i:=3;
while i>=0 do
    begin
    j:=3;
    while j>=0 do
        begin
        if (i+j) MOD 2 =0 then
            A[i,j]:=i+j
        else
            if i>j then
                A[i,j]:=i
            else
                A[i,j]:=j;
        j:=j-1
        end;
    i:=i-1
    end;
\end{verbatim}","N/A","$A=\left(\begin{array}{llll}0 & 0 & 2 & 0","$A=\left(\begin{array}{llll}0 & 1 & 0 & 3","$A=\left(\begin{array}{llll}0 & 1 & 2 & 3","$A=\left(\begin{array}{llll}0 & 1 & 2 & 3","$A=\left(\begin{array}{llll}0 & 2 & 1 & 3","$A=\left(\begin{array}{llll}0 & 2 & 1 & 3","N/A","N/A","N/A","N/A","N/A","N/A","N/A","N/A","N/A","N/A","N/A","N/A"
"Varianta 26","26.5.","Single","Fie o stivă inițial vidă. Cu ajutorul subprogramelor $Ad(x)$, respectiv $El()$ este adăugat elementul $x$, respectiv șters un element din stivă. Suma elementelor din stivă după executarea operațiilor următoare este: Ad (3) Ad (7) Ad (5) El() El() Ad (8)","N/A","3","7","10","11","12","13","N/A","N/A","N/A","N/A","N/A","N/A","N/A","N/A","N/A","N/A","N/A","N/A"
"Varianta 26","26.6.","Single","Se dă mulțimea $A={1,4,5,8,9}$. Un algoritm generează în ordine crescătoare, toate numerele naturale de $n$ cifre, folosind cifre distincte din mulțimea $A$, care nu au alăturate cifre de aceeași paritate. Dacă pentru $n=4$, primele patru soluții generate sunt: 1458, 1498, 1854, 1894, numărul de soluții pe care le va genera algoritmul este:","N/A","12","16","20","24","28","30","N/A","N/A","N/A","N/A","N/A","N/A","N/A","N/A","N/A","N/A","N/A","N/A"
"Varianta 26","26.7.","Single","Șirul care poate reprezenta valorile gradelor nodurilor unui graf neorientat cu 6 noduri este:","N/A","2 5 0 2 1 2","2 2 1 1 1 2","2 2 7 2 2 1","2 2 0 0 4 2","2 3 1 1 2 2","2 2 2 1 1 2","N/A","N/A","N/A","N/A","N/A","N/A","N/A","N/A","N/A","N/A","N/A","N/A"
"Varianta 26","26.8.","Single","Șirul de valori care poate fi vectorul de tați al unui arbore cu 8 noduri este:","N/A","T=(0 1 8 3 2 5 5 4)","T=(0 3 7 2 4 5 8 3)","T=(0 1 1 2 4 5 8 7)","T=(0 5 7 3 1 3 1 2)","T=(0 1 0 2 4 6 3 3)","T=(8 5 7 3 1 3 1 2)","N/A","N/A","N/A","N/A","N/A","N/A","N/A","N/A","N/A","N/A","N/A","N/A"
"Varianta 26","26.9.","Single","Știind că $i$, $j$, $s$ și $a$ sunt patru variabile de tip întreg, pentru orice valoare naturală nenulă a variabilei $a$, după executarea instrucțiunilor, valoarea afișată corespunde formulei matematice:
\begin{verbatim}
Limbajul C++/C
s=0;
for(i=1;i<=a;i++)
{
    j=1;
    while(j<=i)
    {
        s++;
        j++;
    }
    j=i+1;
    do
    {
        s++;
        j++;
    } while(j<=a);
}
cout<<s--; | printf(""%d"", s--);
\end{verbatim}
\begin{verbatim}
Limbajul Pascal
s:=0;
for i:=1 to a do
begin
    j:=1;
    while j<=i do
    begin
        s:=s+1;
        j:=j+1
    end;
    j:=i+1;
    repeat
        s:=s+1;
        j:=j+1;
    until j>a;
end;
write(s);
\end{verbatim}","N/A","$a(a+1)$","$a^{2}+1$","$a^{2}$","$a^{2}-1$","$a(a-1)$","$2 a^{2}-1$","N/A","N/A","N/A","N/A","N/A","N/A","N/A","N/A","N/A","N/A","N/A","N/A"
"Varianta 26","26.10.","Single","Subprogramul $afis$ primește ca parametru un tablou bidimensional $v$ cu $n$ linii și $n$ coloane, numerotate de la 1 la $n$, unde $v=\left(\begin{array}{llll} 0 & 1 & 2 & 3","N/A","08523075","57032580","02587035","53078520","35087250","70358520","N/A","N/A","N/A","N/A","N/A","N/A","N/A","N/A","N/A","N/A","N/A","N/A"
"Varianta 26","26.11.","Single","Știind că subprogramul $functie$ corespunde funcției matematice $f(x)=3 \cdot x-1$, pentru orice $x$ număr întreg, $abc(t, c)$ va calcula:
\begin{verbatim}
Limbajul C++/C
int functie(int x)
{return 3*x-1;}
int abc(int t, int c)
{   if(c==0) return t;
    else
        return abc(functie(t),c-1);}
\end{verbatim}
\begin{verbatim}
Limbajul Pascal
function functie(var x:integer):integer;
begin
    functie:=3*x-1
end;
function abc(t,c:integer):integer;
begin
    if c=0 then
        abc:=t
    else
        abc:=abc(functie(t),c-1)
end;
\end{verbatim}","N/A","$\underbrace{f(t) \circ \ldots \circ f(t)}_{c-1}$","$\underbrace{f(t)+\cdots+f(t)}_{c-1}$","$f(t)^{c}$","$c * f(t)$","$(c-1) * f(t)$","$\underbrace{f(t) \circ \ldots \circ f(t)}_{c}$","N/A","N/A","N/A","N/A","N/A","N/A","N/A","N/A","N/A","N/A","N/A","N/A"
"Varianta 26","26.12.","Single","După executarea următoarelor instrucțiuni se va afișa:
\begin{verbatim}
Limbajul C++/C
char a[20][20];
int i;
strcpy(a[1],""bacalaureat"");
strcpy(a[2],""liceu"");
strcpy(a[3],""examene"");
strcpy(a[4],""politehnica"");
for(i=1;i<=4;i++)
        cout<<a[i][2*i]; | printf(""%d"", a[i][2*i]);
\end{verbatim}
\begin{verbatim}
Limbajul Pascal
var a:array[1..20] of string;
    i:integer;
begin
a[1]:='bacalaureat';
a[2]:='liceu';
a[3]:='examene';
a[4]:='politehnica';
for i:=1 to 4 do
    write(a[i,2*i+1])
end.
\end{verbatim}","N/A","aenn","teen","cunc","cuei","bceh","ceen","N/A","N/A","N/A","N/A","N/A","N/A","N/A","N/A","N/A","N/A","N/A","N/A"
"Varianta 26","26.13.","Single","Următoarele instrucțiuni vor afișa:
\begin{verbatim}
Limbajul C++
int f1(int x, int &y)
{
    x=x+2;
    y=y-1;
    return x+y;
    x=x+1;
}
int main()
{
    int n=3,m=6;
    cout<<<f1 (f1 (m,n) ,m);
    cout<<"" ""<<m;
}
\end{verbatim}
\begin{verbatim}
Limbajul C
int f1(int x, int *y)
{
    x=x+2;
    *y=*y-1;
    return x+*y;
    x=x+1;
}
int main()
{
    int n=3,m=6;
    printf(""%d "", f1(f1 (m,&n) ,&m)) ;
    printf(""%d"", m);
}
\end{verbatim}
\begin{verbatim}
Limbajul Pascal
function f1(x:integer; var y: integer):integer;
begin
    x:=x+2;
    y:=y-1;
    f1:=x+y;
    x:=x+1
end;
var m,n:integer;
begin
    m:=6;
    n:=3;
    write (f1 (f1 (m, n) , m),' ', m)
end.
\end{verbatim}","N/A","17 5","17 6","10 5","10 6","11 6","10 7","N/A","N/A","N/A","N/A","N/A","N/A","N/A","N/A","N/A","N/A","N/A","N/A"
"Varianta 26","26.14.","Single","Valorile care vor fi memorate în tabloul bidimensional $b$, cu liniile și coloanele numerotate de la 1 la $n$, după apelul $matrice(a, b, n, q)$, unde $a=(\begin{array}{lll}{2}&{3}&{4}\{3}&{4}&{5}\{4}&{5}&{6}\end{array})$, $b=O_{3}$, $n=3$, $q=2$, sunt:
\begin{verbatim}
Limbajul C++/C
void matrice(int a[][100], int b[][100], int n, int q)
{   int i,j,k;
    if(q>1)
    {
        for(i=1;i<=n;i++)
            for(j=1;j<=n;j++)
                for(k=1;k<=n;k++)
                    b[i][j]=b[i][j]+a[i][k]*a[k][j];
        matrice(a,b,n,q-1);
    }
}
Limbajul Pascal
type matrix = array [1..100,1..100] of integer;
procedure matrice(a:matrix; b:matrix; n:integer; q:integer);
var i,j,k: integer;
begin
    if q>1 then
    begin
    for i:=1 to n do
        for j:=1 to n do
            for k:=1 to n do
                b[i,j]:=b[i,j]+a[i,k]*a[k,j];
    matrice(a,b,n,q-1)
    end
end;
\end{verbatim}","N/A","$b=\left(\begin{array}{lll}2 & 3 & 4","$b=\left(\begin{array}{lll}47 & 38 & 29","$b=\left(\begin{array}{ccc}4 & 6 & 8","$b=\left(\begin{array}{ccc}4 & 9 & 16","$b=\left(\begin{array}{lll}29 & 38 & 47","$b=\left(\begin{array}{lll}77 & 62 & 47","N/A","N/A","N/A","N/A","N/A","N/A","N/A","N/A","N/A","N/A","N/A","N/A"
"Varianta 26","26.15.","Single","În urma executării programului de mai jos se afișează:
\begin{verbatim}
Limbajul C++
#include <iostream>
using namespace std;
void functie(int &a,int &b)
{   b=3*b;
    a=2*a;}
int main()
{   int n=4;
    functie(n,n);
    cout<<n;}
\end{verbatim}
\begin{verbatim}
Limbajul C
#include <stdio.h>
void functie(int *a, int *b)
{   *b=3*(*b);
    *a=2*(*a);}
int main()
{   int n=4;
    functie(&n,&n);
    printf(""%d"", n);
}
\end{verbatim}
\begin{verbatim}
Limbajul Pascal
procedure functie (var a:integer; var b:integer);
begin
    b:=3*b;
    a:=2*a
end;
var n:integer;
begin
    n:=4;
    functie(n,n);
    write(n)
end.
\end{verbatim}","N/A","eroare","4","6","12","14","24","N/A","N/A","N/A","N/A","N/A","N/A","N/A","N/A","N/A","N/A","N/A","N/A"
"Varianta 27","27.1.","Single","Rezultatul expresiei de mai jos este: Limbajul C++/C: 16 /(-5 \% 3) * 3; Limbajul Pascal: 16 div (-5 mod 3) * 3","N/A","48","-24","-48","-2","2","6","N/A","N/A","N/A","N/A","N/A","N/A","N/A","N/A","N/A","N/A","N/A","N/A"
"Varianta 27","27.2.","Dual","Expresia corespunzătoare penultimei cifre a numărului natural având cel puțin două cifre reținut de variabila întreagă $n$ este:","N/A","n / 10 / 10","n / 10 \% 10","n \% 10 \% 10","n \% 10 / 10","n \% 10 / 100","n / 100 \% 10","n / 10 / 10","n / 10 \% 10","n \% 10 \% 10","n \% 10 / 10","n \% 10 / 100","n / 100 \% 10","n div 10 div 10","n div 10 mod 10","n mod 10 mod 10","n mod 10 div 10","n mod 10 div 100","n div 100 mod 10"
"Varianta 27","27.3.","Single","Afirmația adevărată în privința secvenței de instrucțiuni de mai jos este:
\begin{verbatim}
Limbajul C++/C
d = 1;
while (d * d <= n)
{
    if (n % d == 0)
    {
        d1 = d;
        d2 = n / d;
    }
    d++;
}
\end{verbatim}
\begin{verbatim}
Limbajul Pascal
d := 1;
while d * d <= n do
    begin
        if n mod d = 0 then
            begin
                d1 := d;
                d2 := n div d
            end;
        d := d + 1
    end
\end{verbatim}","N/A","La final $d1$ și $d2$ vor fi egale doar dacă $n$ reține un număr prim.","La final $d1$ și $d2$ vor fi egale doar dacă $n$ reține cubul unui număr prim.","La final $d1$ și $d2$ vor fi egale doar dacă $n$ reține un număr impar.","La final $d1$ ș̦i $d2$ vor fi egale doar dacă $n$ reține un număr par.","La final $d1$ și $d2$ vor fi egale doar dacă $n$ reține 0.","La final $d1$ și $d2$ vor fi egale doar dacă $n$ reține un număr pătrat perfect.","N/A","N/A","N/A","N/A","N/A","N/A","N/A","N/A","N/A","N/A","N/A","N/A"
"Varianta 27","27.4.","Dual","Secvența de instrucțiuni de mai jos ordonează crescător cele $n$ elemente ale tabloului unidimensional $v$, în care primul element este memorat pe poziția 0, dacă punctele de suspensie sunt înlocuite cu:
\begin{verbatim}
Limbajul C++/C
for (i = 0; i < n - 1; i++)
{
    ...
    {
        if (v[j] > v[j+1])
        {
            aux = v[j];
            v[j] = v[j+1];
            v[j+1] = aux;
        }
    }
}
\end{verbatim}
\begin{verbatim}
Limbajul Pascal
for i := 0 to n - 2 do
    begin
        ...
            begin
                if v[j] > v[j+1] then
                begin
                    aux := v[j];
                    v[j] := v[j+1];
                    v[j+1] := aux
                end;
            end
    end
\end{verbatim}","N/A","for (j=n-2; j>=i; j--)","for (j=0; j<=i; j++)","for (j=n-i; j>=i; j--)","for (j=1; j<i; j++)","for (j=n-1; j>i; j--)","for (j=1; j<=i+1; j++)","for (j=n-2; j>=i; j--)","for (j=0; j<=i; j++)","for (j=n-i; j>=i; j--)","for (j=1; j<i; j++)","for (j=n-1; j>i; j--)","for (j=1; j<=i+1; j++)","for j:=n-2 downto i do","for j:=0 to i do","for j:=n-i downto i do","for j:=1 to i-1 do","for j:=n-1 downto i+1 do","for j:=1 to i+1 do"
"Varianta 27","27.5.","Dual","Subprogramul $\mathbf{f}$ este definit mai jos. O condiție necesară și suficientă pentru ca numărul natural mai mare strict ca 1 reținut de variabila $n$ să fie prim este:
\begin{verbatim}
Limbajul C++/C
int f(int d, int n)
{
    do
    {
        d++;
    }
    while (n % d != 0);
    return d;
}
\end{verbatim}
\begin{verbatim}
Limbajul Pascal
function f(d, n: integer):integer;
begin
repeat
    d := d + 1;
until n mod d = 0;
f := d
end;
\end{verbatim}","N/A","f(2, n)==n","f(2, n)==2","f(1, n)==n","f(1, n)==1","f(1, n-1)==n","f(2, n-1)==2","f(2, n)==n","f(2, n)==2","f(1, n)==n","f(1, n)==1","f(1, n-1)==n","f(2, n-1)==2","f(2, n)=n","f(2, n)=2","f(1, n)=n","f(1, n)=1","f(1, n-1)=n","f(2, n-1)=2"
"Varianta 27","27.6.","Single","Numărul de muchii care trebuie adăugate unui arbore cu 10 vârfuri astfel încât acesta să devină graf complet este:","N/A","9","10","11","35","36","37","N/A","N/A","N/A","N/A","N/A","N/A","N/A","N/A","N/A","N/A","N/A","N/A"
"Varianta 27","27.7.","Single","Suma elementelor aflate pe diagonala principală a matricei $a$, cu 5 linii și 5 coloane numerotate de la 0 la 4, ale cărei elemente sunt actualizate în secvența de instrucțiuni de mai jos este:
\begin{verbatim}
Limbajul C++/C
n = 5;
for (i = 0; i < n; i++)
{
    for (j = 0; j < n; j++)
    {
        a[i][j] = (n - i) * n - j;
    }
}
\end{verbatim}
\begin{verbatim}
Limbajul Pascal
n := 5;
for i := 0 to n - 1 do
begin
    for j := 0 to n - 1 do
        begin
            a[i,j] := (n-i)*n - j
        end
end
\end{verbatim}","N/A","15","20","35","55","65","70","N/A","N/A","N/A","N/A","N/A","N/A","N/A","N/A","N/A","N/A","N/A","N/A"
"Varianta 27","27.8.","Single","O variantă care poate corespunde șirului gradelor interne ale vârfurilor grafului orientat alăturat este:
\includegraphics[width=0.4\linewidth]{images/2025_04_17_46e04c6acd873ea9558dg-156(1)}","images/2025_04_17_46e04c6acd873ea9558dg-156(1)","$(2,1,1,1,0)$","$(1,1,1,1,0)$","$(2,1,0,2,0)$","$(2,0,2,2,0)$","$(2,0,0,3,0)$","$(2,0,1,1,0)$","N/A","N/A","N/A","N/A","N/A","N/A","N/A","N/A","N/A","N/A","N/A","N/A"
"Varianta 27","27.9.","Single","Un algoritm Backtracking generează ultimele două soluții pilo și poli, având ca date de intrare cuvântul poli. O variantă care poate reprezenta descrierea algoritmului este:","N/A","Algoritmul generează în ordine invers lexicografică anagramele cuvântului citit.","Algoritmul generează în ordine lexicografică anagramele cuvântului citit.","Algoritmul generează în ordine lexicografică anagramele cuvântului citit care nu au vocale pe poziții alăturate.","Algoritmul generează în ordine lexicografică anagramele cuvântului citit care nu au consoane pe poziții alăturate.","Algoritmul generează în ordine lexicografică anagramele cuvântului citit care nu au vocale pe ultima poziție.","Algoritmul generează în ordine invers lexicografică anagramele cuvântului citit care nu au consoane pe ultima poziție.","N/A","N/A","N/A","N/A","N/A","N/A","N/A","N/A","N/A","N/A","N/A","N/A"
"Varianta 27","27.10.","Dual","Programul de mai jos afișează pe ecran textul Poli 2020 dacă punctele de suspensie sunt înlocuite cu:
\begin{verbatim}
Limbajul C++/C
#include <stdio.h>
#include <string.h>
int main()
{
    char s[256], t[256];
    strcpy(s,""Politehnica 2020"");
    ...
    strcpy(s + 4, t);
    puts(s);
    return 0;
}
\end{verbatim}
\begin{verbatim}
Limbajul Pascal
var s, t: string;
begin
    s:='Politehnica 2020';
    ...
    s:=copy(s, 1, 4) + t;
    writeln(s)
end.
\end{verbatim}","N/A","strcpy(t, strchr (s, ' '));","strcpy(t, strcpy (s, ' '));","strcat(t, strchr (s, '2'));","strcpy(t, strchr (s, "" ""));","strcat(t, strcpy (s, ""2""));","strcpy (t, strchr(s, ""2""));","strcpy(t, strchr (s, ' '));","strcpy(t, strcpy (s, ' '));","strcat(t, strchr (s, '2'));","strcpy(t, strchr (s, "" ""));","strcat(t, strcpy (s, ""2""));","strcpy (t, strchr(s, ""2""));","t:=copy(s, pos(' ', s), 5);","t:=copy(s, copy(' ', s), 4);","t:=s+pos('2', s);","t:=copy(s, pos("" "", s), 5);","t:=copy(s, copy(""2"", s), 4);","t:=copy(s, pos (""2"", s), 5);"
"Varianta 27","27.11.","Single","Subprogramul $f$ este definit mai jos. Valoarea returnată la apelul $f(24,34)$ este:
\begin{verbatim}
Limbajul C++/C
int f(int a, int b)
{
    int r;
    if (a >= b)
    {
        r = a;
    }
    else if (a % 10 == b % 10)
    {
        r = 2 + f(a + 1,b);
    }
    else if (a % 3 == b % 3)
    {
        r = 1 + f(a + 1,b - 1);
    }
    else
    {
        r = f(a, b - 2);
    }
    return r;
}
\end{verbatim}
\begin{verbatim}
Limbajul Pascal
function f(a, b: integer):integer;
var r:integer;
begin
    if a >= b then
        begin
            r := a;
        end
    else
    if a mod 10 = b mod 10 then
        begin
            r := 2 + f(a + 1,b)
        end
    else if a mod 3 = b mod 3
then
        begin
            r := 1 + f(a + 1, b - 1)
        end
    else
        begin
            r := f(a, b - 2)
        end;
    f := r
end;
\end{verbatim}","N/A","30","31","32","33","34","35","N/A","N/A","N/A","N/A","N/A","N/A","N/A","N/A","N/A","N/A","N/A","N/A"
"Varianta 27","27.12.","Single","Numărul maxim de muchii care pot fi eliminate din graful neorientat alăturat astfel încât acesta să conțină cel puțin trei cicluri elementare distincte este: \includegraphics[width=0.4\linewidth]{images/2025_04_17_46e04c6acd873ea9558dg-157}","images/2025_04_17_46e04c6acd873ea9558dg-157","1","6","2","4","5","3","N/A","N/A","N/A","N/A","N/A","N/A","N/A","N/A","N/A","N/A","N/A","N/A"
"Varianta 27","27.13.","Single","Se generează în ordine lexicografică vectorii de tați corespunzători tuturor arborilor cu rădăcină având exact 6 noduri. Prin înălțimea unui arbore cu rădăcină înțelegem numărul de muchii ale celui mai lung lanț elementar care unește rădăcina cu un alt nod. A doua soluție corespunzătoare unui arbore cu înălțimea 3 este:","N/A","0 1 2 3 1 1","0 1 1 1 2 5","0 1 1 1 2 6","0 1 1 1 3 5","0 1 1 1 1 2","0 1 1 1 4 5","N/A","N/A","N/A","N/A","N/A","N/A","N/A","N/A","N/A","N/A","N/A","N/A"
"Varianta 27","27.14.","Dual","Subprogramul $rad$ de mai jos calculează și returnează cel mai mic număr care ridicat la pătrat este mai mare sau egal cu numărul natural reținut de $x$ (partea întreagă superioară a lui radical din $x$) dacă punctele de suspensie sunt înlocuite cu:
\begin{verbatim}
Limbajul C++/C
int rad(int s, int d, int x)
{
    int rez, m;
    if (s == d)
    {
        rez = s;
    }
    else
    {
        m = (s + d) / 2;
        if (...)
        {
            rez = rad(s, m, x);
        }
        else
        {
            rez = rad(m + 1, d, x);
        }
    }
    return rez;
}
\end{verbatim}
\begin{verbatim}
Limbajul Pascal
function rad(s,d,x: integer):integer;
var m, rez:integer;
begin
    if s = d then
        begin
            rez := s
        end
    else
        begin
            m := (s + d) div 2;
            if ... then
                begin
                    rez := rad(s, m, x)
                end
            else
                begin
                    rez := rad(m+1,d, x)
                end
        end;
    rad := rez
end;
\end{verbatim}","N/A","m * m == x","m * m >= x","m * m <= x","m * m > x","m * m < x","m * m != x","m * m == x","m * m >= x","m * m <= x","m * m > x","m * m < x","m * m != x","m * m = x","m * m >= x","m * m <= x","m * m > x","m * m < x","m * m < x"
"Varianta 27","27.15.","Dual","Fie un tablou unidimensional $v$ care reține $n$ numere naturale: $v[0], v[1], \ldots, v[n-1]$ și un număr întreg $t$. Secvența de instrucțiuni de mai jos are ca efect obținerea lungimii maxime $lmax$ a unei subsecvențe $v[k], v[k+1], \ldots, v[k+lmax-1]$ având suma elementelor mai mică sau egală cu $t$ dacă punctele de suspensie sunt înlocuite cu:
\begin{verbatim}
Limbajul C++/C
s = 0;
j = 0;
lmax = 0;
for (i = 0; i < n; i++)
{
    s += v[i];
    while (j <= i && s > t)
    {
        ...
        j++;
    }
    if (i - j + 1 > lmax)
    {
        lmax = i - j + 1;
    }
}
\end{verbatim}
\begin{verbatim}
Limbajul Pascal
s := 0;
j := 0;
lmax := 0;
for i := 0 to n-1 do
begin
    s := s + v[i];
    while (j<=i) and (s>t) do
    begin
        ...
        j := j + 1
    end;
    if i - j + 1 > lmax then
    begin
        lmax := i - j + 1
    end;
end;
\end{verbatim}","N/A","s+=v[j];","i--;","s-=v[i];","s-=v[j];","s+=v[i];","i++;","s+=v[j];","i--;","s-=v[i];","s-=v[j];","s+=v[i];","i++;","s:=s+v[j];","i:=i-1;","s:=s-v[i];","s:=s-v[j];","s:=s+v[i];","i:=i+1;"
"Varianta 28","28.1.","Single","Expresia corespunzătoare mediei aritmetice a patru numere reale memorate în variabilele $a$, $b$, $c$ şi $d$ este:","N/A","$a+b+c+d / 4$","$(a+b+c+d) * 1 / 2$","$(a+b+c+d) * 0.4$","$(a+b+c+d) * 0.25$","$(a+b+c+d) * 4.0$","$(a+b+c+d) * 1.4$","N/A","N/A","N/A","N/A","N/A","N/A","N/A","N/A","N/A","N/A","N/A","N/A"
"Varianta 28","28.2.","Single","În secvențele de instrucțiuni $S1$ și $S2$ variabilele $n$ și $p$ sunt de tip întreg. Obținerea în variabila $p$ a primei cifre a numărului reținut inițial de $n$ este realizată:
\begin{verbatim}
Limbajul C++/ Limbajul C
//S1
p = n;
while (p > 9)
{
    p /= 10;
}
//S2
do
{
    p = n % 10;
    n /= 10;
}
while (n != 0);
\end{verbatim}
\begin{verbatim}
Limbajul Pascal
{S1}
p:= n;
while p > 9 do
    begin
        p:= p div 10
    end
{S2}
repeat
    p = n mod 10;
    n:= n div 10
until n = 0;
\end{verbatim}","N/A","doar de $S1$","doar de $S2$","atât de $S1$, cât și de $S2$","doar folosind o cu totul altă secvență","doar de $S1$, dacă $n$ are o singură cifră","doar de $S2$, dacă $n$ are mai multe cifre","N/A","N/A","N/A","N/A","N/A","N/A","N/A","N/A","N/A","N/A","N/A","N/A"
"Varianta 28","28.3.","Dual","În urma executării secvenței de instrucțiuni de mai jos variabila $nr$ va reține numărul divizorilor primi ai numărului natural nenul reținut inițial de variabila $n$ dacă punctele de suspensie sunt înlocuite cu:
\begin{verbatim}
Limbajul C++/C
d = 2;
nr = 0;
while (n > 1)
{
    p = 0;
    while (...)
    {
        p = 1;
        n /= d;
    }
    nr += p;
    d++;
}
\end{verbatim}
\begin{verbatim}
Limbajul Pascal
d := 2;
nr := 0;
while n > 1 do
    begin
        p := 0;
        while ... do
            begin
                p := 1;
                n := n div d
            end;
        nr := nr + p;
        d := d + 1
    end
\end{verbatim}","N/A","d * d < n","n < d","n > d","d + d < n","n \% d != 0","n \% d == 0","d * d < n","n < d","n > d","d + d < n","n \% d != 0","n \% d == 0","d * d < n","n < d","n > d","d + d < n","n mod d <> 0","n mod d = 0"
"Varianta 28","28.4.","Dual","Vectorul $v$ are $n$ componente întregi, numerotate de la 0, ordonate crescător. Pentru ca în urma executării secvenței de instrucțiuni de mai jos să se insereze valoarea întreagă reținută de $\mathbf{x}$ în vectorul $\mathbf{v}$ și acesta să rămână ordonat, punctele de suspensie trebuie înlocuite cu:
\begin{verbatim}
Limbajul C++/C
i = n - 1;
while (i >= 0 && v[i] > x)
{
    v[i+1] = v[i];
    i--;
}
...;
n++;
\end{verbatim}
\begin{verbatim}
Limbajul Pascal
i := n - 1;
while (i>=O) and (v[i]>x) do
    begin
        v[i+1] := v[i];
        i := i - 1;
    end;
...;
n := n + 1;
\end{verbatim}","N/A","x=v[i+1]","v[i]=x","v[n]=x","v[i-1]=x","v[i+1]=x","v[n+1]=x","x=v[i+1]","v[i]=x","v[n]=x","v[i-1]=x","v[i+1]=x","v[n+1]=x","x:=v[i+1]","v[i]:=x","v[n]:=x","v[i-1]:=x","v[i+1]:=x","v[n+1]:=x"
"Varianta 28","28.5.","Single","În urma executării secvenței de instrucțiuni de mai jos suma elementelor pare ale matricei $a$, cu 5 linii și 5 coloane numerotate de la 0 la 4 va fi:
\begin{verbatim}
Limbajul C++/ Limbajul C
n = 5;
for (i = 0; i < n; i++)
{
    for (j = 0; j < n; j++)
    {
        a[i][j] = i - j + n;
    }
}
\end{verbatim}
\begin{verbatim}
Limbajul Pascal
n := 5;
for i := 0 to n - 1 do
    begin
        for j := 0 to n - 1 do
            begin
                a[i,j] := i - j + n
            end;
    end;
\end{verbatim}","N/A","20","60","62","64","61","12","N/A","N/A","N/A","N/A","N/A","N/A","N/A","N/A","N/A","N/A","N/A","N/A"
"Varianta 28","28.6.","Single","Subprogramul $f$ este definit mai jos. Apelul care returnează valoarea 0 este:
\begin{verbatim}
Limbajul C++/C
int f(int n)
{
    int r = 0;
    while (r * r < n)
        r++;
    return r * r - n;
}
\end{verbatim}
\begin{verbatim}
Limbajul Pascal
function f(n:integer):integer;
var r:integer;
begin
    r := 0;
    while r * r < n do
        begin
            r := r + 1
        end;
    f := r*r - n
end;
\end{verbatim}","N/A","$f(23)$","$f(225)$","$f(17)$","$f(131)$","$f(122)$","$f(1000)$","N/A","N/A","N/A","N/A","N/A","N/A","N/A","N/A","N/A","N/A","N/A","N/A"
"Varianta 28","28.7.","Single","Un graf orientat tare conex are șirul gradelor externe ale vârfurilor sale $(3,1,1,1)$. Graful nu are arce cu extremitățile identice (bucle). O variantă care poate reprezenta șirul gradelor interne ale vârfurilor grafului este:","N/A","$(6,0,0,0)$","$(2,1,3,2)$","$(2,2,2,0)$","$(1,1,2,2)$","$(1,1,1,2)$","$(0,0,1,5)$","N/A","N/A","N/A","N/A","N/A","N/A","N/A","N/A","N/A","N/A","N/A","N/A"
"Varianta 28","28.8.","Single","Numărul nodurilor terminale (frunze) ale arborelui cu rădăcină corespunzător vectorului de tați $(7,4,0,3,7,3,3,4)$ este:","N/A","3","7","5","0","8","4","N/A","N/A","N/A","N/A","N/A","N/A","N/A","N/A","N/A","N/A","N/A","N/A"
"Varianta 28","28.9.","Single","Programul de mai jos afișează numărul aparițiilor caracterului $\mathbf{c}$ în cuvântul $\mathbf{s}$ dacă punctele de suspensie sunt înlocuite cu:
\begin{verbatim}
Limbajul C++/C
#include <stdio.h>
#include <string.h>
int main()
{
    char s[256], c, *p;
    int nr;
    scanf(""%s %c"", s, &c);
    p = strchr (s, c);
    nr = 0;
    while (p != NULL)
    {
        nr++;
        ...;
        p = strchr (s, c);
    }
    printf(""%d"", nr);
    return 0;
}
Limbajul C++/ Limbajul C
\end{verbatim}
\begin{verbatim}
Limbajul Pascal
var s: string;
        c: char;
        p, nr: integer;
begin
    readln(s);
    readln(c);
    p := pos(c, s);
    nr := 0;
    while p <> 0 do
        begin
            nr := nr + 1;
            ...;
            p := pos(c, s)
        end;
    writeln(nr)
end.
\end{verbatim}","N/A","delete(s, p, 1)","delete (p, s, 1)","concat(s, p+1, 1)","p:=p+1","concat(s,p,1)","p:=p-1","N/A","N/A","N/A","N/A","N/A","N/A","N/A","N/A","N/A","N/A","N/A","N/A"
"Varianta 28","28.10.","Single","Apelul $s(3)$ al subprogramului $s$ definit mai jos va afișa pe ecran:
\begin{verbatim}
Limbajul C++/C
void s(int n)
{
    int i;
    if (n > 0)
    {
        for (i = 0; i < n; i++)
        {
            printf(""%d"", i);
            s(i - 1);
        }
        printf(""%d"", n);
    }
}
\end{verbatim}
\begin{verbatim}
Limbajul Pascal
procedure s(n: integer);
var i: integer;
begin
    if n > 0 then
        begin
            for i := 0 to n-1 do
                begin
                    write(i);
                    s(i-1)
                end;
            write(n)
        end
end;
\end{verbatim}","N/A","012301","012031","00120013","01203","0120013","012013","N/A","N/A","N/A","N/A","N/A","N/A","N/A","N/A","N/A","N/A","N/A","N/A"
"Varianta 28","28.11.","Single","Rezolvarea problemei generării tuturor imaginilor funcțiilor injective definite pe mulțimea ${\mathbf{1}, \mathbf{2}, \ldots, \mathbf{k}}$ cu valori în mulțimea ${\mathbf{1}, \mathbf{2}, \ldots, \mathbf{n}}$ prin metoda Backtracking necesită ca fiecare element adăugat în vectorul soluție să respecte o condiție de compatibilitate cu cele deja introduse. Aceeași condiție este respectată în cazul:","N/A","Generării tuturor submulțimilor mulțimii ${1,2, \ldots, n}$.","Generării tuturor permutărilor mulțimii ${1,2, \ldots, n}$.","Generării produsului cartezian a $k$ mulțimi ${1,2, \ldots, n}$.","Generării submulțimilor având $k$ elemente ale mulțimii ${1,2, \ldots, n}$.","Generării tuturor partițiilor mulțimii ${1,2, \ldots, n}$.","Generării submulțimilor având cel puțin $k$ elemente ale mulțimii ${1,2, \ldots, n}$.","N/A","N/A","N/A","N/A","N/A","N/A","N/A","N/A","N/A","N/A","N/A","N/A"
"Varianta 28","28.12.","Single","Fie $G$ un graf neorientat cu 10 vârfuri și 8 muchii. Afirmația falsă este:","N/A","$G$ nu poate fi conex","$G$ poate avea mai multe cicluri elementare","$G$ nu poate fi hamiltonian","$G$ nu poate fi eulerian","$G$ poate avea vârfuri izolate (de grad 0)","$G$ poate avea vârfuri terminale (de grad 1)","N/A","N/A","N/A","N/A","N/A","N/A","N/A","N/A","N/A","N/A","N/A","N/A"
"Varianta 28","28.13.","Single","Un arbore cu rădăcină cu 12 noduri are proprietatea că exact 3 dintre nodurile sale au câte 3 fii. Prin înălțimea unui arbore cu rădăcină înțelegem numărul de muchii ale celui mai lung lanț care unește rădăcina cu un alt nod. Înălțimea maximă a arborelui este:","N/A","1","2","3","4","5","6","N/A","N/A","N/A","N/A","N/A","N/A","N/A","N/A","N/A","N/A","N/A","N/A"
"Varianta 28","28.14.","Dual","Subprogramul $mysort$ de mai jos ordonează crescător componentele întregi ale vectorului $v$ (declarat astfel încât să poată reține cel mult 100 de elemente, numerotate de la $0$ la $n-1$) dacă punctele de suspensie sunt înlocuite cu:
\begin{verbatim}
Limbajul C++/C
void mysort(int n, int v[100])
{
    int aux;
    if (n > 1)
    {
        mysort(n - 1, v);
    }
}
\end{verbatim}
\begin{verbatim}
Limbajul Pascal
procedure mysort(n:integer; var v:vector);
var aux:integer;
begin
    if n>1 then
        begin
            mysort(n - 1, v);
        end
end;
\end{verbatim}
Observație: Tipul vector a fost declarat anterior:
\begin{verbatim}
type vector = array [0..99] of integer;
\end{verbatim}","N/A","\begin{verbatim}
if (v[n-2] > v[n-1])
{
    aux = v[n-1];
    v[n-1] = v[n-2];
    v[n-2] = aux;
    mysort(n - 1, v);
}
\end{verbatim}","\begin{verbatim}
if (v[n-2] < v[n-1])
{
    aux = v[n-1];
    v[n-1] = v[n-2];
    v[n-2] = aux;
    mysort(n - 1, v);
}
\end{verbatim}","\begin{verbatim}
int i;
for (i=0; i+1<n; i++)
{
    if (v[i] > v[i+1])
    {
        aux = v[i];
        v[i] = v[i+1];
        v[i+1] = aux;
    }
}
\end{verbatim}","\begin{verbatim}
int i;
for (i=n-1; i-1>=0; i--)
{
    if (v[i] > v[i-1])
    {
        aux = v[i];
        v[i] = v[i-1];
        v[i-1] = aux;
    }
}
\end{verbatim}","\begin{verbatim}
if (v[n] > v[n+1])
{
    aux = v[n-1];
    v[n-1] = v[n-2];
    v[n-2] = aux;
    mysort(n - 1, v);
}
\end{verbatim}","\begin{verbatim}
if (v[n+1] < v[n])
{
    aux = v[n-1];
    v[n-1] = v[n-2];
    v[n-2] = aux;
    mysort(n - 1, v);
}
\end{verbatim}","\begin{verbatim}
if (v[n-2] > v[n-1])
{
    aux = v[n-1];
    v[n-1] = v[n-2];
    v[n-2] = aux;
    mysort(n - 1, v);
}
\end{verbatim}","\begin{verbatim}
if (v[n-2] < v[n-1])
{
    aux = v[n-1];
    v[n-1] = v[n-2];
    v[n-2] = aux;
    mysort(n - 1, v);
}
\end{verbatim}","\begin{verbatim}
int i;
for (i=0; i+1<n; i++)
{
    if (v[i] > v[i+1])
    {
        aux = v[i];
        v[i] = v[i+1];
        v[i+1] = aux;
    }
}
\end{verbatim}","\begin{verbatim}
int i;
for (i=n-1; i-1>=0; i--)
{
    if (v[i] > v[i-1])
    {
        aux = v[i];
        v[i] = v[i-1];
        v[i-1] = aux;
    }
}
\end{verbatim}","\begin{verbatim}
if (v[n] > v[n+1])
{
    aux = v[n-1];
    v[n-1] = v[n-2];
    v[n-2] = aux;
    mysort(n - 1, v);
}
\end{verbatim}","\begin{verbatim}
if (v[n+1] < v[n])
{
    aux = v[n-1];
    v[n-1] = v[n-2];
    v[n-2] = aux;
    mysort(n - 1, v);
}
\end{verbatim}","\begin{verbatim}
if v[n-2]>v[n-1] then
    begin
        aux := v[n-1];
        v[n-1] := v[n-2];
        v[n-2] := aux;
        mysort(n-1, v)
    end
\end{verbatim}","\begin{verbatim}
if v[n-2] < v[n-1] then
    begin
        aux := v[n-1];
        v[n-1] := v[n-2];
        v[n-2] := aux;
        mysort(n-1, v)
    end
\end{verbatim}","\begin{verbatim}
for i:=0 to n-2 do
    begin
        if v[i] > v[i+1] then
            begin
                aux := v[i];
                v[i] := v[i+1];
                v[i+1] := aux
            end
    end
\end{verbatim}","\begin{verbatim}
for i:=n-1 downto 0 do
    begin
        if v[i] > v[i-1] then
            begin
                aux := v[i];
                v[i] := v[i-1];
                v[i-1] := aux
            end
    end
\end{verbatim}","\begin{verbatim}
if v[n] > v[n+1] then
    begin
        aux := v[n-1];
        v[n-1] := v[n-2];
        v[n-2] := aux;
        mysort(n-1, v)
    end
\end{verbatim}","\begin{verbatim}
if v[n+1] < v[n] then
    begin
        aux := v[n-1];
        v[n-1] := v[n-2];
        v[n-2] := aux;
        mysort(n-1, v)
    end
\end{verbatim}"
"Varianta 28","28.15.","Single","Fie un vector $v$ care reține cele $n$ cifre ($v[0], v[1], \ldots, v[n-1]$) ale unui număr natural $X$ și un număr natural $k$ ($k<n)$. Secvența de instrucțiuni de mai jos își propune să construiască vectorul $s$, care să rețină cifrele celui mai mare număr natural $Y$ care poate fi obținut din $X$ prin eliminarea a exact $k$ cifre, fără a schimba ordinea în care cifrele apăreau în $X$. De exemplu, dacă $n=8$, $k=3$, $v=(5,1,3,5,4,4,6,9)$, corespunzător lui $X=51354469$, secvența de cod ar trebui să construiască $s=(5,5,4,6,9)$, corespunzător lui $Y=55469$. Pentru a obține rezultatul dorit punctele de suspensie trebuie înlocuite cu:
\begin{verbatim}
Limbajul C++/C
    m = 0;
    for (i = 0; i < n; i++)
    {
        while (m>0 && k>0 && ...)
        {
            m-- ;
            k--;
        }
        s[m++] = v[i];
    }
    m -= k;
\end{verbatim}
\begin{verbatim}
Limbajul Pascal
m := 0;
for i := 0 to n - 1 do
    begin
        while (m>0) and (k>0) and (...)
            do
            begin
                m := m - 1;
                k := k - 1;
            end;
        s[m] := v[i];
        m := m + 1
    end;
m := m - k;
\end{verbatim}","N/A","v[i]>v[i-1]","v[i]>=s[m-1]","v[i]>s[m-1]","v[i]<v[i-1]","v[i]<s[m-1]","v[i]<v[i+1]","N/A","N/A","N/A","N/A","N/A","N/A","N/A","N/A","N/A","N/A","N/A","N/A"
"Varianta 29","29.1.","Single","Răsturnatul tabloului unidimensional (2 4 1 3 7 0 5) este (5 0 7 3 1 4 2). Numărul necesar de interschimbări pentru a răsturna un tablou unidimensional cu $n$ (număr natural nenul, impar) elemente este:","N/A","$1$","$n/2+1$","$(n-1)/2$","$(n+1)/2$","$n/2-1$","$n$","N/A","N/A","N/A","N/A","N/A","N/A","N/A","N/A","N/A","N/A","N/A","N/A"
"Varianta 29","29.2.","Single","După permutarea circulară spre stânga cu 2 poziții, tabloul unidimensional (18 91 1 15 102) devine:","N/A","(102 15 18 91 1)","(1 15 102 18 91)","(1 15 102 91 18)","(15 102 18 91 1)","(91 1 15 102 18)","(1 15 102)","N/A","N/A","N/A","N/A","N/A","N/A","N/A","N/A","N/A","N/A","N/A","N/A"
"Varianta 29","29.3.","Single","În șirurile de mai jos, elementul de pe poziția $\mathbf{k}$ reprezintă rândul pe care este așezată a $\mathbf{k}$-a damă (regină) pe o tablă de șah, damele fiind aşezate pe coloane distincte (dama 1 pe coloana 1, dama 2 pe coloana 2, ş.a.m.d.). Pentru a așeza 4 dame (regine) pe o tablă de șah $4 \times 4$, astfel încât acestea să nu se atace între ele (două dame se atacă atunci când se află pe aceeași linie, pe aceeași coloană sau pe aceeași diagonală), o soluție corectă este:","N/A","4 3 2 1","4 2 3 1","3 1 4 2","2 3 1 4","2 1 3 4","1 2 3 4","N/A","N/A","N/A","N/A","N/A","N/A","N/A","N/A","N/A","N/A","N/A","N/A"
"Varianta 29","29.4.","Single","Pentru a sorta crescător tabloul unidimensional (10 24 9 11 33 7 15), folosind Bubble Sort, numărul de interschimbări necesare este:","N/A","9","10","11","12","13","14","N/A","N/A","N/A","N/A","N/A","N/A","N/A","N/A","N/A","N/A","N/A","N/A"
"Varianta 29","29.5.","Single","Cu ajutorul metodei backtracking se generează, în ordine crescătoare, numere cu proprietățile:
\begin{itemize}
  \item au exact cinci cifre;
  \item cifrele de pe poziții consecutive sunt în ordine strict crescătoare;
  \item au cel mult două cifre alăturate de aceeași paritate;
\end{itemize}
Exemplu de numere generate: 13469, 14589. O secvență care conține cinci numere generate consecutiv este:","N/A","45678 45679 45689 46789 56789","34789 35678 35679 35689 45678","34578 34569 34568 34567 26789","13458 13459 13467 13478 13479","13458 13459 13467 13468 13469","26789 34567 34568 34569 34578","N/A","N/A","N/A","N/A","N/A","N/A","N/A","N/A","N/A","N/A","N/A","N/A"
"Varianta 29","29.6.","Single","Pentru funcția $f$ definită mai jos, valoarea returnată de apelul $f(2019,2347)$; este:
\begin{verbatim}
Limbajul C++/C
int f(int a, int b)
{
    int cif;
    if (a+b>0)
    {
        cif=a%10;
        if (cif<b%10)
            cif=b%10;
        return f(a/10, b/10)*10+cif;
    }
    return 0;
}
\end{verbatim}
\begin{verbatim}
Limbajul Pascal
function f(a, b:integer):integer;
var cif:integer;
begin
    if (a+b>0) then
    begin
        cif:=a mod 10;
        if (cif < b mod 10) then
            cif:=b mod 10;
        f:=f(a div 10, b div 10)*10+cif
    end
    else
        f:=
end;
\end{verbatim}","N/A","349","2017","2349","7102","9432","9743","N/A","N/A","N/A","N/A","N/A","N/A","N/A","N/A","N/A","N/A","N/A","N/A"
"Varianta 29","29.7.","Single","Pentru tabloul unidimensional (4,6,14,25,61,73,82,87,95,96,98) numărul minim de elemente ale tabloului care trebuie verificate până este găsit elementul 82 este:","N/A","7","6","5","3","2","1","N/A","N/A","N/A","N/A","N/A","N/A","N/A","N/A","N/A","N/A","N/A","N/A"
"Varianta 29","29.8.","Single","În urma executării programului de mai jos, variabila $\mathbf{k}$ are valoarea:
\begin{verbatim}
Limbajul C++/C
#include <iostream>
int k=1;
int f(int n)
{
    int k;
    k=k+2;
    return k;
}
int main()
{
    k=f(k);
    return 0;
}
\end{verbatim}
\begin{verbatim}
Limbajul Pascal
program p;
function f(n:integer):integer;
var k:integer;
begin
    k:=k+2;
    f:=k
end;
var k:integer;
begin
    k:=1;
    k:=f(k)
end.
\end{verbatim}","N/A","0","1","2","3","nedefinită","nicio valoare, programul are erori","N/A","N/A","N/A","N/A","N/A","N/A","N/A","N/A","N/A","N/A","N/A","N/A"
"Varianta 29","29.9.","Single","Numărul elementelor care se găsesc strict deasupra diagonalei secundare a unui tablou bidimensional cu 20 de linii și 20 de coloane este:","N/A","180","190","200","210","380","400","N/A","N/A","N/A","N/A","N/A","N/A","N/A","N/A","N/A","N/A","N/A","N/A"
"Varianta 29","29.10.","Single","Problema Turnurile din Hanoi: Se dau 3 tije. Pe prima tijă se găsesc discuri de diametre diferite, aşezate în ordinea descrescătoare a diametrelor privite de jos în sus. Se cere să se mute discurile de pe prima tijă pe cea de-a doua, utilizând ca tijă intermediară cea de-a treia, respectând următoarele reguli:
\begin{itemize}
  \item la fiecare pas se mută un singur disc;
  \item nu este permis să se aşeze un disc cu diametrul mai mare peste un disc cu diametrul mai mic.","N/A","99","100","1022","1023","1024","1025","N/A","N/A","N/A","N/A","N/A","N/A","N/A","N/A","N/A","N/A","N/A","N/A"
"Varianta 29","29.11.","Single","Într-un graf orientat cu 56 de arce, în care oricare arc are extremităţi distincte şi oricare două arce diferă prin cel puţin una dintre extremităţi, numărul minim de vârfuri este:","N/A","6","7","8","28","56","112","N/A","N/A","N/A","N/A","N/A","N/A","N/A","N/A","N/A","N/A","N/A","N/A"
"Varianta 29","29.12.","Single","Fie problema: Se dau $n-1$ numere naturale distincte de la 1 la $n$ ($1<n<10^{5}$). Se cere un algoritm care să determine numărul lipsă. Fie algoritmii:
$A_{1}$: Se verifică prin câte o parcurgere prezența fiecărui număr de la 1 la $n$ în șir.
$A_{2}$: Numărul lipsă este egal cu diferența dintre $[n \cdot (n+1) / 2]$ și suma numerelor din șir.
$A_{3}$: Se sortează numerele și se determină pentru ce valori consecutive în șirul sortat diferența este diferită de 1.
$A_{4}$: Se sortează crescător numerele și se determină prima valoare din șirul sortat care este diferită de poziția în șir.
Este adevărat enunțul:","N/A","Algoritmii $A_{1}$ și $A_{2}$ rezolvă problema pentru anumite date de intrare.","Algoritmul $A_{2}$ este cel mai puțin eficient din punctul de vedere al timpului de executare.","Algoritmul $A_{4}$ este cel mai eficient din punctul de vedere al timpului de executare.","Algoritmul $A_{4}$ rezolvă problema doar dacă numărul lipsă este cel mai mare din șir.","Cel puțin unul dintre algoritmi nu rezolvă problema.","Doi dintre algoritmi nu diferă ca eficiență din punctul de vedere al timpului de executare.","N/A","N/A","N/A","N/A","N/A","N/A","N/A","N/A","N/A","N/A","N/A","N/A"
"Varianta 29","29.13.","Single","Fie enunțurile:
$E_{1}$: orice graf neorientat conex $G$ cu cel puțin 2 noduri conține cel puțin un nod $k$ care poate fi eliminat (și muchiile incidente cu el) obținându-se un subgraf $G^{\prime}$ conex;
$E_{2}$: un graf neorientat cu $n$ ($n>2$) noduri și $n$ muchii conține cel puțin un ciclu;
$E_{3}$: orice arbore cu $n$ ($n>1$) noduri conține cel puțin două noduri cu gradul 1.
Enunțurile adevărate sunt:","N/A","doar $E_{1}$","doar $E_{2}$","doar $E_{1}$ și $E_{2}$","doar $E_{1}$ și $E_{3}$","doar $E_{2}$ și $E_{3}$","$E_{1}$, $E_{2}$ și $E_{3}$","N/A","N/A","N/A","N/A","N/A","N/A","N/A","N/A","N/A","N/A","N/A","N/A"
"Varianta 29","29.14.","Single","În urma executării unui program pentru generarea permutărilor elementelor unui șir de caractere ce conține duplicate, numărul de cuvinte distincte, anagrame ale cuvântului ""caracter"", este:","N/A","120","2520","5040","10080","20160","40320","N/A","N/A","N/A","N/A","N/A","N/A","N/A","N/A","N/A","N/A","N/A","N/A"
"Varianta 29","29.15.","Single","Fie următoarele formule:
\begin{enumerate}
  \item $F(n)=\left{\begin{array}{l}{\left[2 \cdot F\left(\frac{n}{2}-1\right)+F\left(\frac{n}{2}\right)\right] \cdot F\left(\frac{n}{2}\right), \text { n este par, } n>3}","N/A","niciuna dintre cele trei formule","doar formula 1","doar formula 2","doar formula 1 și formula 2","doar formula 3","toate cele trei formule","N/A","N/A","N/A","N/A","N/A","N/A","N/A","N/A","N/A","N/A","N/A","N/A"
"Varianta 30","30.1.","Single","Răsturnatul tabloului unidimensional $(2 4 1 3 7 0)$ este $(0 7 3 1 4 2)$.
Numărul necesar de interschimbări pentru a răsturna un tabloul unidimensional cu $n$ (număr natural nenul, par) elemente este:","N/A","1","$n/2-1$","$n/2$","$(n-1)/2$","$n/2+1$","$n$","N/A","N/A","N/A","N/A","N/A","N/A","N/A","N/A","N/A","N/A","N/A","N/A"
"Varianta 30","30.2.","Single","Pentru a permuta, eficient din punctul de vedere al memoriei utilizate, circular spre dreapta cu $k$ poziții elementele unui tablou unidimensional cu $n$ numere întregi ($n$, $k$ numere naturale nenule, $k \leq n$) este necesar un spațiu suplimentar de memorie de:","N/A","$n \cdot k$ elemente","$n$ elemente","$k$ elemente","$0$ elemente","$2 \cdot n$ elemente","$2 \cdot k$ elemente","N/A","N/A","N/A","N/A","N/A","N/A","N/A","N/A","N/A","N/A","N/A","N/A"
"Varianta 30","30.3.","Single","Numărul soluțiilor de așezare a 3 dame (regine) pe o tablă de șah $3 \times 3$, astfel încât acestea să nu se atace între ele (două dame se atacă atunci când se află pe aceeași linie, pe aceeași coloană sau pe aceeași diagonală), este:","N/A","5","4","3","2","1","0","N/A","N/A","N/A","N/A","N/A","N/A","N/A","N/A","N/A","N/A","N/A","N/A"
"Varianta 30","30.4.","Single","Un graf este memorat printr-o matrice de adiacență cu $x+5$ linii și $y+3$ coloane. Valorile lui $x$ și respectiv $y$ ar putea fi:","N/A","53","35","14","41","22","21","N/A","N/A","N/A","N/A","N/A","N/A","N/A","N/A","N/A","N/A","N/A","N/A"
"Varianta 30","30.5.","Single","$dc(a, b)$ reprezintă o funcție care determină cel mai mare divizor comun al numerelor naturale $a$ și $b$ iar $a mod b$ reprezintă restul împărțirii numărului întreg $a$ la numărul întreg nenul $b$. O formulă recursivă pentru determinarea celui mai mare divizor comun a două numere $x$ și $y$ este:","N/A","dc(x, y)=c(x * y, y)","dc(x, y)=dc(x mod y, x)","dc(x, y)=dc(y, x * y)","dc(x, y)=dc(x, x mod y)","dc(x, y)=dc(y, x mod y)","dc(x, y)=dc(x mod x, y mod y)","N/A","N/A","N/A","N/A","N/A","N/A","N/A","N/A","N/A","N/A","N/A","N/A"
"Varianta 30","30.6.","Single","Fie un tablou unidimensional. Algoritmul de sortare rapidă (quick sort) împarte tabloul în:","N/A","2 subtablouri, întotdeauna cu același număr de elemente","2 subtablouri, nu întotdeauna cu același număr de elemente","3 subtablouri, întotdeauna cu același număr de elemente","3 subtablouri, nu întotdeauna cu același număr de elemente","4 subtablouri, întotdeauna cu același număr de elemente","4 subtablouri, nu întotdeauna cu același număr de elemente","N/A","N/A","N/A","N/A","N/A","N/A","N/A","N/A","N/A","N/A","N/A","N/A"
"Varianta 30","30.7.","Single","Fie șirul de caractere tablou. Răsturnatul acestui șir este uolbat. Structura de date cea mai adecvată în care se poate memora un șir de caractere pentru a-l folosi răsturnat este:","N/A","arbore","coadă","graf orientat","o coadă și un graf orientat","stivă","o coadă și un graf neorientat","N/A","N/A","N/A","N/A","N/A","N/A","N/A","N/A","N/A","N/A","N/A","N/A"
"Varianta 30","30.8.","Dual","În programul de mai jos subprogramul $f$ este definit incomplet.
\begin{verbatim}
Limbajul C++/C
void f(int n)
{
    if(n!=0)
    {
        cout<<n; | printf(""%d"",n);
        ........
    }
}
\end{verbatim}
\begin{verbatim}
Limbajul Pascal
procedure f(n:integer);
begin
    if (n<>0) then
    begin
        writeln(n);
        ...........
    end
end;
\end{verbatim}
Instrucțiunea cu care se pot înlocui punctele de suspensie astfel încât după apelul $f(n)$ din programul principal executarea să se încheie fără niciun fel de eroare, indiferent de valoarea întreagă a parametrului, este:","N/A","$f(n-2)$;","$f(n-1)$;","$f(n \% 2)$;","$f(n / 2)$;","$f(n+2)$;","$f(n * 2)$;","$f(n-2)$;","$f(n-1)$;","$f(n \% 2)$;","$f(n / 2)$;","$f(n+2)$;","$f(n * 2)$;","$f(n-2)$","$f(n-1)$","$f(n mod 2)$","$f(n div 2)$","$f(n+2)$","$f(n * 2)$"
"Varianta 30","30.9.","Single","Subprogramele $\mathbf{f}$ și $\mathbf{s}$ sunt definite mai jos.
\begin{verbatim}
Limbajul C++/C
int f(int x)
{
    x=x+1;
    return x;
}
int s(int x, int y)
{
    return x+y;
}
\end{verbatim}
\begin{verbatim}
Limbajul Pascal
function f(x:integer):integer;
begin
    x:=x+1;
    f:=x
end;
function s(x,y:integer):integer;
begin
    s:=x+y
end;
\end{verbatim}
În urma executării instrucțiunii
Limbajul C++/C: z = s(f(1), f(1));
Limbajul Pascal: z:=s(f(1), f(1));
variabila de tip întreg $z$ are valoarea:","N/A","0","1","2","3","4","5","N/A","N/A","N/A","N/A","N/A","N/A","N/A","N/A","N/A","N/A","N/A","N/A"
"Varianta 30","30.10.","Single","În mulțimea de numere naturale de la 101 la 200 numărul celor care nu sunt divizibile cu niciuna dintre valorile 2,3 și 5 este:","N/A","25","26","27","28","29","30","N/A","N/A","N/A","N/A","N/A","N/A","N/A","N/A","N/A","N/A","N/A","N/A"
"Varianta 30","30.11.","Single","În urma executării unui program pentru generarea permutărilor elementelor unui șir care conține elemente care apar de mai multe ori, rezultatul permutării elementelor șirului de caractere ""xx"", este:","N/A","$xx$","$xx, xx$","$x, x$","$x$","$x, xx$","$xx, x$","N/A","N/A","N/A","N/A","N/A","N/A","N/A","N/A","N/A","N/A","N/A","N/A"
"Varianta 30","30.12.","Single","Cu ajutorul metodei backtracking se generează, în ordine crescătoare, numere naturale cu proprietățile:
\begin{itemize}
  \item au exact cinci cifre;
  \item cifrele de pe poziții consecutive sunt în ordine strict crescătoare;
  \item au cel mult două cifre alăturate de aceeași paritate;
\end{itemize}
Exemplu de numere generate: 13469, 14589. Fie următoarele enunțuri:
\begin{enumerate}
  \item se generează cel mult 27 de numere cu prima cifră 2;
  \item se generează exact șase numere de forma $ippii$, unde $i$ este o cifră impară iar $p$ este o cifră pară;
  \item există numere generate care să aibă patru cifre de aceeași paritate;
  \item cifrele 2 și 7 nu pot apărea pe poziții consecutive în numerele generate;
  \item în numerele generate cifra 1 apare pe prima poziție de exact același număr de ori cum cifra 9 apare pe ultima poziție.
Numărul de enunțuri adevărate este:","N/A","0","1","2","3","4","5","N/A","N/A","N/A","N/A","N/A","N/A","N/A","N/A","N/A","N/A","N/A","N/A"
"Varianta 30","30.13.","Single","Numărul ciclurilor hamiltoniene distincte într-un graf neorientat complet $K_{n}$, cu $n \geq 3$ noduri, este:","N/A","$2^{n(n-1)/2}$","$4^{n(n-1)/2}$","$(n-1)!$","$(n-1)!/2$","$(n+1)!/2$","$n!/2$","N/A","N/A","N/A","N/A","N/A","N/A","N/A","N/A","N/A","N/A","N/A","N/A"
"Varianta 30","30.14.","Single","Un graf orientat este complet dacă oricare două vârfuri distincte ale sale sunt adiacente. Dacă numărul de grafuri orientate complete ce se pot obține cu $n$ vârfuri este 59049, valoarea lui $n$ este:","N/A","4","5","6","7","8","9","N/A","N/A","N/A","N/A","N/A","N/A","N/A","N/A","N/A","N/A","N/A","N/A"
"Varianta 30","30.15.","Single","Fie următoarele relații:
$E_{1}: F_{p}(n)=F(3 \cdot n)$;
$E_{2}: F_{p}(n)=4 \cdot F_{p}(n-1)+F_{p}(n-2)$, $n \geq 2$, $F_{p}(0)=0$ și $F_{p}(1)=2$;
$E_{3}: F_{p}(n)=F\left(\frac{n+1}{2}\right) \cdot F\left(\frac{n+1}{2}\right)+F_{p}\left(\frac{n-1}{2}\right) \cdot F_{p}\left(\frac{n-1}{2}\right)$, $n \geq 1$ și $F_{p}(0)=0$;
unde: $F(n)$ este al $n$-lea termen din șirul lui Fibonacci (1, 1, 2, 3, 5, 8, ...), iar $F_{p}(n)$ este al $n$-lea termen par din șirul lui Fibonacci (2, 8, 34, ...) Pentru a determina al $n$-lea termen par din șirul lui Fibonacci putem folosi:","N/A","doar relația $E_{1}$","doar relația $E_{2}$","doar relațiile $E_{1}$ și $E_{2}$","doar relația $E_{3}$","doar relațiile $E_{1}$ și $E_{3}$","doar relațiile $E_{2}$ și $E_{3}$","N/A","N/A","N/A","N/A","N/A","N/A","N/A","N/A","N/A","N/A","N/A","N/A"
"Varianta 31","31.1.","Single","Fie expresia:
\begin{verbatim}
Limbajul C++/C
2020 - n % 2020 + n / 2020
Limbajul Pascal
2020 - n mod 2020 + n div 2020
\end{verbatim}
Indicați care este valoarea maximă a expresiei de mai sus știind că variabila întreagă $n$ memorează un număr natural cu cel mult 4 cifre.","N/A","0","1","2020","2024","2080","4039","N/A","N/A","N/A","N/A","N/A","N/A","N/A","N/A","N/A","N/A","N/A","N/A"
"Varianta 31","31.2.","Single","Variabilele întregi $\mathbf{x}$ și $\mathbf{y}$ memorează numere naturale. Precizați ce se afișează după executarea instructiunilor de mai jos.
\begin{verbatim}
Limbajul C++/C
for(x=0; x<=3; x++)
    for(y=3; y>=x; y--)
        if (y%3==2)
        cout<<x+y; | printf(""%d"",x+y);
\end{verbatim}
\begin{verbatim}
Limbajul Pascal
for x :=0 to 3 do
    for y :=3 downto x do
        if y mod 3 = 2
            then write(x+y);
\end{verbatim}","N/A","234","5432","22525","54321","654321","6543210","N/A","N/A","N/A","N/A","N/A","N/A","N/A","N/A","N/A","N/A","N/A","N/A"
"Varianta 31","31.3.","Single","Variabilele $i$ și $j$ sunt de tip întreg, iar variabila $a$ memorează un tablou bidimensional cu 10 linii și 10 coloane, având inițial toate valorile elementelor egale cu zero. Suma valorilor elementelor din tabloul $a$, după executarea instrucțiunilor de mai jos, este:
\begin{verbatim}
Limbajul C++/C
for(x=1; x<=6; x++)
    for(y=1; y<=6; y++)
        if (x%2==0)
            a[x][y]=(x-1)%5;
        else a[y][x]= y-1;
\end{verbatim}
\begin{verbatim}
Limbajul Pascal
for x:=1 to 6 do
    for y:=1 to 6 do
        if x mod 2 = 0 then
            a[x, y] := (x-1) mod 5
        else a[y, x] := y-1;
\end{verbatim}","N/A","80","72","69","55","48","42","N/A","N/A","N/A","N/A","N/A","N/A","N/A","N/A","N/A","N/A","N/A","N/A"
"Varianta 31","31.4.","Single","Șirul de caractere afișat după executarea instrucțiunilor de mai jos este:
\begin{verbatim}
Limbajul C++/C
char s[20]=""BUTONOMATICA"";
strcpy(s+5,s+6);
s[0]=s[0]-1;
strcpy(s+5,s+6);
cout<<s; | printf(""%s"",s);
\end{verbatim}
\begin{verbatim}
Limbajul Pascal
var s:string[20];
s:='BUTONOMATICA';
delete(s,6,1);
s[1]:= chr(ord(s[1])-1);
delete(s,6,1);
write(s);
\end{verbatim}","N/A","AUTONATICA","AUTOMATICA","AUTONTICA","AUTOnATIC","Auton","butonatica","N/A","N/A","N/A","N/A","N/A","N/A","N/A","N/A","N/A","N/A","N/A","N/A"
"Varianta 31","31.5.","Dual","În secvența de instrucțiuni de mai jos, atât variabila $I$, cât și variabila $J$ memorează în câmpurile $\mathbf{a}$ și $\mathbf{b}$ numere reale reprezentând extremitatea stângă, respectiv extremitatea dreaptă a câte unui interval deschis de numere reale $(a,b)$, unde $a<b$.
\begin{verbatim}
Limbajul C++
struct interval
{ float a,b;};
interval I,J;
Limbajul C
typedef struct
{ float a,b;
}interval;
interval I,J;
Limbajul Pascal
type interval=record
    a,b: real;
end;
var I,J: interval;
\end{verbatim}
Indicați expresia care are valoarea 1 (C++/C), respectiv true (Pascal) dacă și numai dacă intersecția intervalelor memorate în variabilele $I$ și $J$ este mulțimea vidă.","N/A","(I.a<J.a) \&\& (I.b<J.b) \&\& (I.a<J.b)","(I.b<=J.a) || (J.b<=I.a)","!(I.b>J.a) \&\& !(J.b>I.a)","!(I.b>=J.a) || (J.b<I.a)","!(I.b>J.a) || (J.b<I.a)","!(I.b>J.a) \&\& (J.b<=I.a)","(I.a<J.a) \&\& (I.b<J.b) \&\& (I.a<J.b)","(I.b<=J.a) || (J.b<=I.a)","!(I.b>J.a) \&\& !(J.b>I.a)","!(I.b>=J.a) || (J.b<I.a)","!(I.b>J.a) || (J.b<I.a)","!(I.b>J.a) \&\& (J.b<=I.a)","(I.a<J.a) and (I.b<J.b) and (I.a<J.b)","(I.b<=J.a) or (J.b<=I.a)","not(I.b>J.a) and not(J.b>I.a)","not(I.b>=J.a) or (J.b<I.a)","not(I.b>J.a) or (J.b<I.a)","not(I.b>J.a) and (J.b<=I.a)"
"Varianta 31","31.6.","Single","Pentru determinarea în ordine crescătoare a numerelor naturale având exact 2 cifre formate cu elemente din mulţimea ${0,1,2}$ se utilizează un algoritm backtracking care generează, în ordine, numerele $10,11,12,20,21,22$. Dacă se utilizează acelaşi algoritm pentru generarea numerelor naturale având exact 3 cifre formate cu elemente din mulțimea ${0,1,2}$, precizați câte numere generate sunt pare.","N/A","9","12","18","27","36","40","N/A","N/A","N/A","N/A","N/A","N/A","N/A","N/A","N/A","N/A","N/A","N/A"
"Varianta 31","31.7.","Single","Subprogramul $f$ este definit mai jos.
\begin{verbatim}
Limbajul C++/C
int f(int n)
{
if (n==1) return 2;
    else
return n*(n+1)+f(n-1);
}
\end{verbatim}
\begin{verbatim}
Limbajul Pascal
function f(n:integer):integer;
begin
if (n=1) then f:= 2
    else
    f:=n*(n+1)+f(n-1);
end;
\end{verbatim}
Precizați ce valoare returnează subprogramul la apelul $f(20)$.","N/A","440","2660","3080","3542","5660","5690","N/A","N/A","N/A","N/A","N/A","N/A","N/A","N/A","N/A","N/A","N/A","N/A"
"Varianta 31","31.8.","Single","Tabloul unidimensional $A$, cu 5 elemente având valori distincte, memorează cele mai mici 5 numere naturale pătrate perfecte. Tabloul unidimensional $B$, cu 4 elemente având valori distincte, memorează cele mai mici 4 numere naturale prime. Tablourile $A$ și $B$ sunt sortate descrescător. Se sortează descrescător prin interclasare cele două tablouri $A$ și $B$ în tabloul unidimensional $C$. Precizați care sunt elementele tabloului $C$, după sortarea prin interclasare a lui $A$ și $B$.","N/A","$(16,9,7,5,4,3,2)$","$(16,9,7,5,4,3,2,1,0)$","$(16,9,7,5,4,3)$","$(16,9,7,5,4,3,1)$","$(16,9,7,5,4,3,2,1,1)$","$(16,9,7,5,4,2)$","N/A","N/A","N/A","N/A","N/A","N/A","N/A","N/A","N/A","N/A","N/A","N/A"
"Varianta 31","31.9.","Single","Variabilele întregi $a$, $b$ și $c$ memorează inițial valorile 19, 20, respectiv 21. Precizați care sunt valorile lui $a$, $b$, respectiv $c$ după apelul $f(a, b, c)$ pentru limbajele C++ și Pascal, respectiv $f(a, b, \&c)$ pentru limbajul C.
\begin{verbatim}
Limbajul C++
void f(int a, int b, int &c)
{
    a=b%c;
    b=a+1;
    c=a%b;
}
\end{verbatim}
\begin{verbatim}
Limbajul C
void f(int a, int b, int *c)
{
    a=b%(*c);
    b=a+1;
    *c=a%b;
}
\end{verbatim}
\begin{verbatim}
Limbajul Pascal
procedure f(a:integer; b:integer; var c:integer);
begin
    a:= b mod c;
    b:= a+1;
    c:= a mod b;
end;
\end{verbatim}","N/A","19 20 20","19 20 21","19 21 20","20 20 0","20 20 21","20 20 22","N/A","N/A","N/A","N/A","N/A","N/A","N/A","N/A","N/A","N/A","N/A","N/A"
"Varianta 31","31.10.","Single","Se consideră un arbore cu rădăcină având 1026 de noduri etichetate cu numerele naturale de la 1 la 1026. Toate nodurile arborelui respectă relația: tata[x]=[x / 2] (tatăl nodului $x$ este partea întreagă din jumătatea lui $x$). Numărul nodurilor din arbore care au cel mult un descendent direct(fiu) este:","N/A","512","513","514","518","1023","1026","N/A","N/A","N/A","N/A","N/A","N/A","N/A","N/A","N/A","N/A","N/A","N/A"
"Varianta 31","31.11.","Single","Un graf neorientat $G$ cu 4 noduri, numerotate de la 1 la 4, are mulțimea muchiilor ${[1,2],[2,3]}$. Se construiesc toate subgrafurile distincte ale lui $G$ având zero muchii. Două subgrafuri se consideră distincte dacă au mulțimile nodurilor diferite. Precizați câte astfel de subgrafuri distincte ale lui $G$ s-au construit (se numără numai subgrafurile lui $G$ în care mulțimea muchiilor este mulțimea vidă).","N/A","4","6","9","12","13","16","N/A","N/A","N/A","N/A","N/A","N/A","N/A","N/A","N/A","N/A","N/A","N/A"
"Varianta 31","31.12.","Single","Fie un număr natural nenul $n$. Dorim să numărăm în câte cifre consecutive de zero se termină produsul $1 * 2 * 3 * \ldots *n$. Dacă trebuie să calculăm acest număr de zerouri consecutive cel mai eficient din punct de vedere al timpului de execuție, alegem să utilizăm un algoritm bazat pe cea mai restrictivă variantă, având complexitatea timp:","N/A","$O(1)$, algoritm bazat pe o formulă matematică","$O(\log n)$, algoritm logaritmic","$O(n)$, algoritm liniar","$O(n^{2})$, algoritm pătratic","$O(n^{3})$, algoritm cubic","$O(2^{n})$, algoritm exponențial","N/A","N/A","N/A","N/A","N/A","N/A","N/A","N/A","N/A","N/A","N/A","N/A"
"Varianta 31","31.13.","Single","Se consideră graful orientat cu 4 vârfuri, etichetate cu numere de la 1 la 4, având mulțimea arcelor ${(1,2),(3,2),(4,1),(4,2),(4,3)}$. Indicați numărul minim de arce care trebuie adăugate în acest graf orientat astfel încât noul graf să devină tare conex.","N/A","5","4","3","2","1","0","N/A","N/A","N/A","N/A","N/A","N/A","N/A","N/A","N/A","N/A","N/A","N/A"
"Varianta 31","31.14.","Single","Precizați câte grafuri neorientate distincte, cu nodurile etichetate de la 1 la 8, se pot construi, știind că în fiecare graf construit se respectă simultan proprietățile de mai jos:
\begin{enumerate}
  \item Fiecare nod etichetat cu un număr prim este adiacent cu nodul 8.
  \item Nu există nicio muchie $[x, y]$ cu ambele extremități $x$ și $y$ numere impare.
\end{enumerate}
Două grafuri neorientate se consideră distincte dacă au matricele de adiacență diferite.","N/A","$2^{9}$","$2^{17}$","$4^{9}$","$2^{28}$","$4^{17}$","$2^{56}$","N/A","N/A","N/A","N/A","N/A","N/A","N/A","N/A","N/A","N/A","N/A","N/A"
"Varianta 31","31.15.","Single","Tabloul unidimensional $V$ are 33 de elemente, numerotate de la 1 la 33. Valorile elementelor din $V$ sunt numere naturale. Tabloul $V$ conține, începând cu indicele 1, primii 33 de termeni ai șirului de numere naturale: $(0,1,4,9,61,52,63,94,46,18,1, \ldots)$. Deduceți regula de generalizare după care s-au construit termenii șirului și precizați câte elemente ale lui $V$ se termină cu cifra 1.","N/A","26","17","12","9","8","4","N/A","N/A","N/A","N/A","N/A","N/A","N/A","N/A","N/A","N/A","N/A","N/A"
"Varianta 32","32.1.","Dual","Variabila $a$ memorează un număr natural care nu este multiplu de 3. Expresia care are totdeauna valoarea egală cu o treime din $a$ este:","N/A","$a / (3 * 2) / 2$","$a / 3 + a / 2$","$a / 2 / 3 + a / 3 / 2$","$a / (2 / 3) / 3$","$a / 3 * a / 2$","$a / 2 / 3 * 2$","$a / (3 * 2) / 2$","$a / 3 + a / 2$","$a / 2 / 3 + a / 3 / 2$","$a / (2 / 3) / 3$","$a / 3 * a / 2$","$a / 2 / 3 * 2$","a div (3 * 2) div 2","a div 3 + a div 2","a div 2 div 3 + a div 3 div 2","a div (2 div 3) div 3","a div 3 * a div 2","a div 2 div 3 * 2"
"Varianta 32","32.2.","Single","Variabilele $a$ și $b$ memorează numere naturale nenule. Se consideră următoarea secvență de program:
\begin{verbatim}
Limbajul C++/C
for (i=a*b; i>=1; i--)
    if (i%a==0 \&\& i%b==0)
        c=i;
cout<<c; | printf(""%d"",c);
\end{verbatim}
Limbajul Pascal
\begin{verbatim}
for i:=a*b downto 1 do
    if i mod a=0 and i mod b=0 
        then c=i;
write(c);
\end{verbatim}
În urma executării secvenței de program alăturate, variabila $c$ are valoarea:","N/A","cel mai mic multiplu comun al numerelor $a$ şi $b$","cel mai mare număr mai mic decât produsul numerelor $a$ şi $b$, care divide pe $a$ şi pe $b$","cel mai mic număr mai mare decât produsul numerelor $a$ și $b$, care este divizibil cu $a$ și cu $b$","cel mai mare divizor comun al numerelor $a$ şi $b$","suma divizorilor numerelor $a$ şi $b$","produsul divizorilor numerelor $a$ şi $b$","N/A","N/A","N/A","N/A","N/A","N/A","N/A","N/A","N/A","N/A","N/A","N/A"
"Varianta 32","32.3.","Single","Variabila $x$ reține un număr natural mai mic decât 19, iar $i$ și $y$ sunt variabile de tip întreg. Se consideră următoarea secvenţă de program:
\begin{verbatim}
Limbajul C++/C
for (i=1; i<=9; i++)
    if((x-i)>=0 && (x-i)<=9)
    {
        y=10*i+(x-i);
        cout<<y<<' '; | printf(""%d "",y);
    }
\end{verbatim}
\begin{verbatim}
Limbajul Pascal
for i:=1 to 9 do
if (x-i)>=0 and (x-i)<=9 then
    begin
        y:=10*i+(x-i);
        write(y,' ')
    end;
\end{verbatim}
În urma executării secvenței de program alăturate, se afişează:","N/A","numerele naturale de două cifre care au suma cifrelor egală cu $x$","numerele naturale care au suma cifrelor egală cu $x$","numere naturale mai mari decât 10 şi mai mici decât $x$","numere naturale cu cifre distincte, mai mici decât $x$","numere naturale cu cifre distincte, mai mari decât $x$","numerele naturale de cel puţin două cifre care au suma cifrelor egală cu $x$","N/A","N/A","N/A","N/A","N/A","N/A","N/A","N/A","N/A","N/A","N/A","N/A"
"Varianta 32","32.4.","Dual","Variabila $x$ memorează notele obţinute de un elev la cele trei probe de Bacalaureat, note cu două zecimale. Declararea corectă a variabilei $x$ este:","N/A","char x[2];","int x;","float x;","float x[3];","int x[2];","float x[2][3];","char x[2];","int x;","float x;","float x[3];","int x[2];","float x[2][3];","var x:string[2];","var x:byte;","var x:real;","var x:array [1..3] of real;","var x:array[1..2] of byte;","var x:array[1..2,1..3] of real;"
"Varianta 32","32.5.","Single","Într-un graf neorientat, cu 10 noduri, fiecare nod are gradul 2. Numărul maxim de componente conexe din care poate fi format graful este:","N/A","1","2","3","4","5","6","N/A","N/A","N/A","N/A","N/A","N/A","N/A","N/A","N/A","N/A","N/A","N/A"
"Varianta 32","32.6.","Single","Pentru a calcula cel mai mare divizor comun pentru numerele naturale nenule $a$ şi $b$, se consideră următoarea secvență de program:
\begin{verbatim}
Limbajul C++/C
while(a!=b)
    if (a>b) a=a-b;
    else b=b-a;
Limbajul Pascal
while a<>b do
    if a>b then a:=a-b
    else b:=b-a;
\end{verbatim}
Algoritmul este:","N/A","eficient","ineficient","incorect sintactic","incorect semantic","greşit","infinit","N/A","N/A","N/A","N/A","N/A","N/A","N/A","N/A","N/A","N/A","N/A","N/A"
"Varianta 32","32.7.","Single","Se consideră graful neorientat $G$ cu 5 noduri, reprezentat prin matricea de adiacență alăturată.
\begin{verbatim}
0 1 0 0 1
1 0 1 1 1
0 1 0 1 0
0 1 1 0 0
1 1 0 0 0
\end{verbatim}
Afirmaţia adevărată este:","N/A","Graful $G$ conține două componente conexe","Orice subgraf a lui $G$ format din 3 noduri este arbore","Graful $G$ este hamiltonian","Graful $G$ este eulerian","Graful $G$ este arbore","Graful $G$ nu este eulerian","N/A","N/A","N/A","N/A","N/A","N/A","N/A","N/A","N/A","N/A","N/A","N/A"
"Varianta 32","32.8.","Single","Variabilele $n$ și $i$ memorează numere naturale întregi. În următoarea secvenţă de program, $v$ este un tablou unidimensional cu $n$ elemente:
\begin{verbatim}
i=0; Limbajul C++/C
while(i<n)
    v[i++]=i*i*i;
\end{verbatim}
\begin{verbatim}
Limbajul Pascal
i:=1;
while i<=n do
begin
    v[i]:=i*i*i; inc(i)
end;
\end{verbatim}
Numărul de repetări ale secvenţei de instrucţiuni din while este:","N/A","$n+1$","$n-1$","$n$","$0$","$1$","$3*n$","N/A","N/A","N/A","N/A","N/A","N/A","N/A","N/A","N/A","N/A","N/A","N/A"
"Varianta 32","32.9.","Single","Un elev foloseşte metoda backtracking pentru a genera submulțimile mulţimii ${1,2,5,6,9}$. Numărul de submulțimi generate, care obligatoriu conţin elementul 2 şi nu conţin elementul 6, este?","N/A","16","8","7","6","4","2","N/A","N/A","N/A","N/A","N/A","N/A","N/A","N/A","N/A","N/A","N/A","N/A"
"Varianta 32","32.10.","Dual","Subprogramul $f$, cu parametrii $a$ şi $b$ numere întregi ($a<b$), returnează numărul de numere pare din intervalul $[a,b]$. Expresia care are valoarea 1 (C++/C)/ True (Pascal), pentru orice numere $a$ şi $b$ care nu au aceeaşi paritate este:","N/A","$f(a, b)==f(a, b+1)$","$f(a, b)==(b-a) / 2$","$f(a, b)==(b-a+1) / 2$","$f(a, b)==b-a$","$f(a, b)==b-a+1$","$f(a, b)==(b-a-1) / 2$","$f(a, b)==f(a, b+1)$","$f(a, b)==(b-a) / 2$","$f(a, b)==(b-a+1) / 2$","$f(a, b)==b-a$","$f(a, b)==b-a+1$","$f(a, b)==(b-a-1) / 2$","f(a, b)=f(a, b+1)","f(a, b)=(b-a) div 2","f(a, b)=(b-a+1) div 2","f(a, b)=b-a","f(a, b)=b-a+1","f(a, b)=(b-a-1) div 2"
"Varianta 32","32.11.","Single","Se consideră un arbore, care are rădăcina pe nivelul 1 şi orice nod de pe nivelul $i$ are exact $i+1$ descendenţi direcţi, cu excepţia nodurilor de pe nivelul 4 care sunt noduri terminale. Numărul de frunze ale arborelui este:","N/A","120","30","24","8","6","4","N/A","N/A","N/A","N/A","N/A","N/A","N/A","N/A","N/A","N/A","N/A","N/A"
"Varianta 32","32.12.","Single","Se consideră următorul subprogram:
\begin{verbatim}
Limbajul C++
void f(int x, int *y)
{
    y=x+y;
    x=x+y;
}
Limbajul C
void f(int x, int &y)
{
    *y=x+*y;
    x=x+*y;
}
Limbajul Pascal
procedure f(x:integer; var y:integer);
begin
    y:=x+y;
    x:=x+y
end;
\end{verbatim}
Dacă valoarea variabilei $a$ înainte de apel este 2, care este valoarea sa după apelul:
Limbajul C++: $f(a, a)$; Limbajul C: $f(a, \&a)$; Limbajul Pascal: $f(a, a)$","N/A","12","10","8","6","4","2","N/A","N/A","N/A","N/A","N/A","N/A","N/A","N/A","N/A","N/A","N/A","N/A"
"Varianta 32","32.13.","Single","Subprogramul $f$, cu doi parametri întregi $\mathbf{x}$ şi $\mathbf{y}$, returnează valoarea celui mai mare divizor comun al numerelor $\mathbf{x}$ şi $\mathbf{y}$. Expresia prin care se calculează cel mai mare divizor comun al numerelor $\mathbf{x}$, $\mathbf{y}$ şi $\mathbf{z}$ este:","N/A","$f(x, y)+f(y, z)$","$f(x, y, z)$","$f(x, y) * z$","$f(x, y) * f(y, z)$","$f(x * y, z)$","$f(f(x, y), z)$","N/A","N/A","N/A","N/A","N/A","N/A","N/A","N/A","N/A","N/A","N/A","N/A"
"Varianta 32","32.14.","Single","Pentru variabilele întregi $x$ şi $y$, subprogramul $mic(x, y)$ întoarce cel mai mic număr dintre $x$ şi $y$, subprogramul $mare(x, y)$ întoarce cel mai mare număr dintre $x$ şi $y$, iar subprogramul $p(x, y)$ întoarce valoarea puterii lui $x$ cu exponent $y$. Pentru ca $u$ şi $v$ să fie cel mai mare divizor comun, respectiv cel mai mic multiplu comun al numerelor $6^{x}$ şi $6^{y}$, atunci subprogramele $f1$, $f2$, $f3$ şi $f4$ din instrucţiunile de mai jos sunt, respectiv:
Limbajul C++/ Limbajul C
\begin{verbatim}
u=p(2,f1(x,y))*p(3,f2(x,y));
v=p(2,f3(x,y))*p(3,f4(x,y));
\end{verbatim}
Limbajul Pascal
\begin{verbatim}
u:= p(2,f1(x,y)) *p(3,f2(x,y));
v:= p(2,f3(x,y)) *p(3,f4(x,y));
\end{verbatim}","N/A","mic, mic, mare, mare","mic, mare, mic, mare","mare, mare, mic, mic","mare, mic, mare, mic","mare, mic, mic, mare","mic, mare, mare, mic","N/A","N/A","N/A","N/A","N/A","N/A","N/A","N/A","N/A","N/A","N/A","N/A"
"Varianta 32","32.15.","Single","Numărul de cicluri hamiltoniene distincte într-un graf neorientat complet cu $n$ noduri ($n \geq 3$) este (două cicluri se consideră distincte dacă diferă prin cel puțin o muchie):","N/A","$\frac{n(n-1)}{2}$","$\frac{(n-1)!}{2}$","$\frac{(n-2)(n-1)}{2}$","$n-2$","$\frac{(n+1)!}{2}$","$\frac{(n+2)(n+1)}{2}$","N/A","N/A","N/A","N/A","N/A","N/A","N/A","N/A","N/A","N/A","N/A","N/A"
"Varianta 33","33.1.","Single","Variabilele $\mathbf{x}$ și $\mathbf{y}$ memorează numere reale. Se consideră următoarea secvență de program:
\begin{verbatim}
Limbajul C++/C
y=x; x=x*x;
if(x<y) cout<<""DA""; | printf(""DA"");
\end{verbatim}
\begin{verbatim}
Limbajul Pascal
y:=x; x:=x*x;
if x<y then write('DA');
\end{verbatim}
Executarea secvenței de program alăturate afişează DA pentru valori inițiale ale lui $\mathbf{x}$:","N/A","strict pozitive subunitare","strict pozitive supraunitare","strict negative subunitare","strict negative supraunitare","strict pozitive","strict negative","N/A","N/A","N/A","N/A","N/A","N/A","N/A","N/A","N/A","N/A","N/A","N/A"
"Varianta 33","33.2.","Dual","Variabilele $n$ şi $k$ memorează numere naturale nenule. Expresia prin care se poate calcula cel mai mare număr natural divizibil cu $k$, număr care să fie mai mic sau egal cu $n$ este:","N/A","Nu există formulă","$(k * n) / k$","$n \% k+n / k$","$(k+n) / k$","$n-n / k$","$n-n \% k$","Nu există formulă","$(k * n) / k$","$n \% k+n / k$","$(k+n) / k$","$n-n / k$","$n-n \% k$","Nu există formulă","$(k * n) div k$","$n mod k+n div k$","$(k+n) div k$","$n-n div k$","$n-n mod k$"
"Varianta 33","33.3.","Single","Variabilele $n$ și $i$ memorează numere naturale nenule. Se consideră următoarea secvenţă de program:
\begin{verbatim}
Limbajul C++
for (i=1; i<=5; i++ )
    n=n*i;
cout<<n;
Limbajul C
for (i=1;i<=5;i++)
    n=n*i;
printf(""%d"",n);
Limbajul Pascal
for i:=1 to 5 do
    n:=n*i;
write(n);
\end{verbatim}
Valoarea inițială a variabilei $n$ pentru care executarea secvenței de program alăturate afişează 360 este:","N/A","0","1","2","3","4","5","N/A","N/A","N/A","N/A","N/A","N/A","N/A","N/A","N/A","N/A","N/A","N/A"
"Varianta 33","33.4.","Single","Variabilele $a$ şi $b$ memorează numere naturale nenule. Se consideră următoarea secvență de program:
\begin{verbatim}
Limbajul C++/C
a=0; b=...;
while (b<10)
{
    a=a+b; b++;
}
cout<<a; | printf(""%d"",a);
\end{verbatim}
\begin{verbatim}
Limbajul Pascal
a:=0; b:=...;
while b<10 do
begin
    a:=a+b; b:=b+1
end;
write(a);
\end{verbatim}
Valoarea care poate înlocui punctele de suspensie din secvența alăturată, astfel încât valoarea afişată să fie 35 este:","N/A","2","3","4","5","6","7","N/A","N/A","N/A","N/A","N/A","N/A","N/A","N/A","N/A","N/A","N/A","N/A"
"Varianta 33","33.5.","Single","Un graf neorientat are gradele vârfurilor: 2, 3, 3, 2, 4. Numărul de muchii ale grafului este:","N/A","5","6","7","8","9","10","N/A","N/A","N/A","N/A","N/A","N/A","N/A","N/A","N/A","N/A","N/A","N/A"
"Varianta 33","33.6.","Single","Variabilele $i$ şi $j$ memorează numere naturale nenule. Se consideră următoarea secvenţă de program:
Limbajul C++/C
\begin{verbatim}
for(i=0; i<=9; i++)
    for(j=0; j<=9; j++)
        a[i][j]=(2*i+3*j)%10;
\end{verbatim}
Limbajul Pascal
\begin{verbatim}
for i:=0 to 9 do
    j:=0 to 9 do
        a[i][j]:=(2*i+3*j)%10;
\end{verbatim}
Suma elementelor de pe diagonala principală a tabloului bidimensional constuit este:","N/A","10","25","50","45","46","100","N/A","N/A","N/A","N/A","N/A","N/A","N/A","N/A","N/A","N/A","N/A","N/A"
"Varianta 33","33.7.","Single","Numărul maxim de comparări pentru ordonarea descrescătoare a valorilor celor 100 de componente ale tabloului unidimensional $\mathbf{v}$, ordonare realizată prin metoda bulelor, este:","N/A","100","4950","9701","9900","9999","10000","N/A","N/A","N/A","N/A","N/A","N/A","N/A","N/A","N/A","N/A","N/A","N/A"
"Varianta 33","33.8.","Dual","Subprogramul $f(a, b)$ returnează media aritmetică a numerelor reale $a$ şi $b$. Pentru $a$, $b$, $c$ şi $d$ numere reale, instrucţiunea care atribuie variabilei $a$ suma dintre media aritmetică a numerelor $b$ şi $c$ şi media aritmetică a numerelor $c$ și $d$ este:","N/A","$a=f(b, f(c, d))$;","$a=f(f(b, c), d)$;","$a=(b+c+d) / 2$;","$a=f(b, c)+f(b, d)$;","$a=f(b, d)+c$;","$a=(f(b, c)+f(b, d)) / 2$;","$a=f(b, f(c, d))$;","$a=f(f(b, c), d)$;","$a=(b+c+d) / 2$;","$a=f(b, c)+f(b, d)$;","$a=f(b, d)+c$;","$a=(f(b, c)+f(b, d)) / 2$;","$a:=f(b, f(c, d))$;","$a:=f(f(b, c), d)$;","$a:=(b+c+d) / 2$;","$a:=f(b, c)+f(b, d)$;","$a:=f(b, d)+c$;","$a:=(f(b, c)+f(b, d)) / 2$;"
"Varianta 33","33.9.","Single","Se consideră un graf neorientat $G$, cu 5 noduri, reprezentat prin matricea de adiacență alăturată.
0 1 0 0 1
1 0 1 1 1
0 1 0 1 0
0 1 1 0 0
1 1 0 0 0
Afirmaţia adevărată este:","N/A","$G$ este graf hamiltonian şi graf eulerian","$G$ este graf hamiltonian, dar nu este graf eulerian","$G$ nu este graf hamiltonian, dar este graf eulerian","$G$ nu este nici graf hamiltonian, nici graf eulerian","$G$ este graf hamiltonian","Toate afirmaţiile de mai sus sunt false","N/A","N/A","N/A","N/A","N/A","N/A","N/A","N/A","N/A","N/A","N/A","N/A"
"Varianta 33","33.10.","Single","Pentru a determina toate modalităţile de a scrie pe 9 ca sumă de numere naturale nenule distincte (abstracţie făcând de ordinea termenilor), un elev foloseşte metoda backtracking generând, în această ordine, toate soluţiile: $1+2+6$, $1+3+5$, $1+8$, $2+3+4$, $2+7,3+6$ şi $4+5$. Aplicând exact aceeaşi metodă, el determină soluţiile pentru scrierea lui 12. Numărul soluţii de forma $3+...$ este:","N/A","0","1","2","4","6","7","N/A","N/A","N/A","N/A","N/A","N/A","N/A","N/A","N/A","N/A","N/A","N/A"
"Varianta 33","33.11.","Single","Fie $G$ un arbore cu n ($n>1$) noduri şi $d_{1} \geq d_{2} \geq d_{3} \geq \ldots d_{n} \geq 1$ gradele nodurilor sale. Afirmaţia adevărată este:","N/A","$\sum_{i=1}^{n} d_{i}=2n-2$","$\sum_{i=1}^{n} d_{i}=2n-1$","$\sum_{i=1}^{n} d_{i}=2 n$","$\sum_{i=1}^{n} d_{i}=2n+1$","$\sum_{i=1}^{n} d_{i}=2n+2$","$\sum_{i=1}^{n} d_{i}=n$","N/A","N/A","N/A","N/A","N/A","N/A","N/A","N/A","N/A","N/A","N/A","N/A"
"Varianta 33","33.12.","Single","Funcţiea $f$ primeşte două valori întregi prin intermediul a doi parametri şi returnează suma tuturor cifrelor celor două numere. De exemplu, $f(173,608)$ returnează 25. Apelul funcției $f$ care determină suma cifrelor unui număr întreg $n$ este:","N/A","$f(1, 1)$","$f(n, 0)$","$f(n, 1)$","$f(n, n)$","$f(1, n)$","$f(n, n-1)$","N/A","N/A","N/A","N/A","N/A","N/A","N/A","N/A","N/A","N/A","N/A","N/A"
"Varianta 33","33.13.","Single","Într-o coadă, inițial vidă, la fiecare pas $k$ se introduc $3 k$ valori şi se extrag $k+2$ valori. După executarea primilor 9 pași, în coadă se află un număr de elemente egal cu:","N/A","9","36","72","75","79","172","N/A","N/A","N/A","N/A","N/A","N/A","N/A","N/A","N/A","N/A","N/A","N/A"
"Varianta 33","33.14.","Single","Se consideră un graf neorientat conex cu $n$ noduri şi $m$ muchii. Pentru a obţine exact 2 componente conexe, numărul minim de muchii care trebuie eliminate este egal cu:","N/A","gradul minim din graf","gradul maxim din graf","$m-1$","$n-1$","$\frac{m(m-1)}{2}$","$\frac{n(n-1)}{2}-m$","N/A","N/A","N/A","N/A","N/A","N/A","N/A","N/A","N/A","N/A","N/A","N/A"
"Varianta 33","33.15.","Single","Numărul de elemente nule ale matricei de adiacență asociată unui arbore cu $n$ noduri este:","N/A","$n^{2}$","$n^{2}+1$","$n(n-1)+n$","$n^{2}-n-2$","$n(n-1)-n$","$n^{2}-2 n+2$","N/A","N/A","N/A","N/A","N/A","N/A","N/A","N/A","N/A","N/A","N/A","N/A"
"Varianta 34","34.1.","Dual","Variabila $n$ memorează un număr natural. Expresia care este egală cu 0 dacă şi numai dacă $n$ este un număr nedivizibil cu 3 este:","N/A","(1-n\%3)*(2-n\%3)","(2-n\%3)\%2","(1-n\%3)+(2-n\%3)","(1-n\%3)\%2","(1-n\%3)-(2-n\%3)","(2-n\%3)-(1-n\%3)","(1-n\%3)*(2-n\%3)","(2-n\%3)\%2","(1-n\%3)+(2-n\%3)","(1-n\%3)\%2","(1-n\%3)-(2-n\%3)","(2-n\%3)-(1-n\%3)","(1-n mod 3)*(2-n mod 3)","(2-n mod 3) mod 2","(1-n mod 3)+(2-n mod 3)","(1-n mod 3) mod 2","(1-n mod 3)-(2-n mod 3)","(2-n mod 3)-(1-n mod 3)"
"Varianta 34","34.2.","Single","Variabia $a$ memorează numere reale neîntregi, $a>0$ şi variabia $c$ memorează numere naturale. Se consideră următoarea secvenţă de program:
\begin{verbatim}
do
{   c=floor(a);
    a=(a-c)*10;
} while(floor(a)==0);
cout<<floor(a); | printf(""%d"",floor(a));
\end{verbatim}
\begin{verbatim}
Limbajul Pascal
repeat
    c:=int(a);
    a:=(a-c)*10;
until int(a)>0;
write(floor(a));
\end{verbatim}
În urma executării secvenței de program alăturate se afișează:","N/A","prima zecimală a lui $a$","ultima zecimală a lui a","prima zecimală nenulă a lui $a$","ultima zecimală nenulă a lui $a$","a doua zecimală a lui $a$","a doua zecimală nenulă a lui a","N/A","N/A","N/A","N/A","N/A","N/A","N/A","N/A","N/A","N/A","N/A","N/A"
"Varianta 34","34.3.","Single","Variabilele $a$ şi $b$ memorează numere naturale nenule. Se consideră următoarea secvență de program:
\begin{verbatim}
Limbajul C++/C
b=0;
for(a=0; a<=9; a++)
    if(a%4==2 || a%4==3) b=b+a;
    else b++;
cout<<b; | printf(""%d"",b);
\end{verbatim}
Limbajul Pascal
\begin{verbatim}
b:=0;
for a:=0 to 9 do
    if a mod 4=2 or a mod 4=3 
        b:=b+a
    else b:=b+1;
write(b);
\end{verbatim}
În urma executării secvenței de program alăturate se afișează:","N/A","22","23","24","25","26","27","N/A","N/A","N/A","N/A","N/A","N/A","N/A","N/A","N/A","N/A","N/A","N/A"
"Varianta 34","34.4.","Single","Variabilele $\mathbf{x}$, $\mathrm{y}$ şi $\mathbf{z}$ au valori aleatoare în mulţimea ${1,2,3}$. Se consideră următoarele instrucţiuni:
\begin{verbatim}
Limbajul C++/C
u = (x==y) || (y==z);
v = ((x!=y) && (y!=z));
Limbajul Pascal
u:=(x=y) or (y=z);
v:=((x<>y) and (y<>z));
\end{verbatim}
Afirmaţia adevărată este:","N/A","$u$ şi $v$ sunt egale pentru orice $x$, $y$, $z$","există $x$, $y$, $z$ pentru care $u$ este diferit de $v$","$u$ şi $v$ sunt diferite pentru orice $x$, $y$, $z$","$u$ şi $v$ sunt egale numai dacă $x=y=z=1$","$u$ şi $v$ sunt egale numai dacă $y=1$","$u$ şi $v$ sunt egale numai dacă $x+y+z=3$","N/A","N/A","N/A","N/A","N/A","N/A","N/A","N/A","N/A","N/A","N/A","N/A"
"Varianta 34","34.5.","Single","Numărul minim de noduri dintr-un graf neorientat cu 12 muchii, fără noduri izolate, graf format din exact 3 componente conexe este:","N/A","7","8","9","10","11","12","N/A","N/A","N/A","N/A","N/A","N/A","N/A","N/A","N/A","N/A","N/A","N/A"
"Varianta 34","34.6.","Single","Se consideră tabloul unidimensional $v$ cu $n$ elemente ($n$ număr natural, $n \geq 2$). Subprogramul $f(v,i,j)$ inversează ordinea elementelor aflate pe poziţiile $\mathbf{i}, \mathbf{i + i}, \ldots, j-1, j$ $(1 \leq i<j \leq n)$. Secvenţa de program care inversează, în $v$, doar v[i] şi v[j] este:","N/A","$f(v, i, j)$; $f(v, i+1, j-1)$;","$f(v, i, j)$; $f(v, i-1, j+1)$;","$f(v, i, j)$; $f(v, i+1, j+1)$;","$f(v, i+1, j-1)$; $f(v, i, j)$;","$f(v, i+1, j+1)$; $f(v, i, j)$;","$f(v, i, j)$; $f(v, i+1, j-1)$;","N/A","N/A","N/A","N/A","N/A","N/A","N/A","N/A","N/A","N/A","N/A","N/A"
"Varianta 34","34.7.","Single","Se consideră un arbore. Referitor la un lanţ elementar care uneşte două noduri distincte $a$ şi $b$, afirmaţia adevărată este:","N/A","Este unic, dacă şi numai dacă $a$ sau $b$ este frunză.","Sigur conţine rădăcina arborelui.","Este unic, oricare ar fi $a$ şi $b$.","Nu poate trece prin rădăcina arborelui.","Este unic, dacă şi numai dacă $a$ sau $b$ este rădăcină.","Nu este unic oricare ar fi $a$ şi $b$.","N/A","N/A","N/A","N/A","N/A","N/A","N/A","N/A","N/A","N/A","N/A","N/A"
"Varianta 34","34.8.","Single","Variabilele $\mathbf{a}$, $\mathbf{b}$, $\mathbf{c}$ memorează numere naturale nenule.
Instruçiunea Limbajul C++/C: c=b-b\%a | Limbajul Pascal: $c:=b-b mod a$ atribuie variabilei co valoare care reprezintă:","N/A","cel mai mic număr natural mai mare sau egal cu $a$ şi care este divizibil cu $b$","cel mai mic număr natural mai mare sau egal cu $b$ și care este divizibil cu $a$","cel mai mic număr natural mai mare sau egal cu $b$ şi care este nedivizibil cu $a$","cel mai mare număr natural mai mic sau egal cu $b$ şi care este divizibil cu $a$","cel mai mare număr natural mai mic sau egal cu $a$ şi care este divizibil cu $b$","cel mai mare număr natural mai mic sau egal cu $a$ și care este nedivizibil cu $b$","N/A","N/A","N/A","N/A","N/A","N/A","N/A","N/A","N/A","N/A","N/A","N/A"
"Varianta 34","34.9.","Single","Se consideră subprogramul $f1$:
\begin{verbatim}
Limbajul C++/C
void f1(int a[50][50],int n, int m)
    {int i,j;
    for(i=1;i<=n-1;i++)
        for(j=i+1;j<=n;j++)
            if(a[i][2]>a[j][2])
                f2(a,n,m,i,j);
    }
Limbajul Pascal
procedure f1(var a:array[1..5.,1..50] of integer;n,m:integer);
var i,j:integer;
begin
    for i:=1 to n-1 do
        for j:=i+1 to n do
            if a[i][2]>a[j][2]
                f2(a,n,m,i,j)
end;
\end{verbatim}
Subprogramul $f2$ realizează interschimbarea elementelor liniilor $i$ şi $j$ ale tabloului transmis prin parametrul $a$, care are $n$ linii şi $m$ coloane. Numerotarea liniilor şi a coloanelor începe de la 1.
Pentru a ordona crescător numerele de pe a doua coloană a tabloului $a$, numărul de apeluri ale subprogramului $f2$ necesar este:","N/A","cel puţin $\frac{n(n-1)}{2}$","cel mult $\frac{m(m-1)}{2}$","exact $\frac{n(n-1)}{2}$","cel mult $\frac{n(n-1)}{2}$","cel puţin $\frac{m(m-1)}{2}$","exact $\frac{m(m-1)}{2}$","N/A","N/A","N/A","N/A","N/A","N/A","N/A","N/A","N/A","N/A","N/A","N/A"
"Varianta 34","34.10.","Single","Generarea tuturor tablourilor bidimensionale de ordin $n$, cu elemente 6 şi 9, cu proprietatea că pe fiecare linie și pe fiecare coloană există un singur element egal cu 9 , se poate realiza utilizând metoda backtracking. Algoritmul utilizat este echivalent cu algoritmul de generare a:","N/A","aranjamentelor","combinărilor","permutărilor","produsului cartezian","submulțimilor","problemei celor $n$ dame","N/A","N/A","N/A","N/A","N/A","N/A","N/A","N/A","N/A","N/A","N/A","N/A"
"Varianta 34","34.11.","Single","Se consideră următorul subprogram:
\begin{verbatim}
Limbajul C++
void f(char a, char &b)
{char x=a; a=b; b=x;}
Limbajul C
void f(char a, char *b)
{char x=a; a=*b; *b=x;}
Limbajul Pascal
procedure f(a:char; var b:char);
var x:char;
begin
    x:=a; a:=b; b:=x
end;
\end{verbatim}
Dacă, înainte de apel, $a='a'$ şi $b='b'$, după executarea secvenței de program alăturate se afişează:
\begin{verbatim}
Limbajul C++
f(a,b);
cout<<a<<' '<<b;
Limbajul C
f(a,&b);
printf(""%c %c"", a, b);
Limbajul Pascal
f(a,b);
write(a,' ', b);
\end{verbatim}","N/A","a a","b b","b a","a b","aa","bb","N/A","N/A","N/A","N/A","N/A","N/A","N/A","N/A","N/A","N/A","N/A","N/A"
"Varianta 34","34.12.","Single","Numim graf complementar al unui graf neorintat $G1$ graful neorientat $G2$ cu aceeaşi mulţime a nodurilor ca şi $G1$ şi cu proprietatea că două noduri sunt adiacente în $G2$ dacă şi numai dacă nu sunt adiacente în $G1$. Dacă $G1$ are $n$ noduri şi $m$ muchii, numărul de muchii pentru $G2$ este:","N/A","minim $\frac{n(n-1)}{2}-m$","exact $\frac{n(n-1)}{2}-m$","maxim $\frac{n(n-1)}{2}-m$","minim $n-m$","exact $n-m$","maxim $n-m$","N/A","N/A","N/A","N/A","N/A","N/A","N/A","N/A","N/A","N/A","N/A","N/A"
"Varianta 34","34.13.","Dual","Subprogramul $f(a, b)$ returnează cel mai mare divizor prim al numărului natural $a$, divizor mai mic sau egal cu $b$ ($a \geq 3,2 \leq b \leq a$). Expresia care are valoarea 1 (C++/C)/True (Pascal), dacă şi numai dacă $a$ este un număr prim este:","N/A","$f(a, a-1)==2$","$f(a, a)==2$","$f(a, a)==a$","$f(a, a / 2)=a / 2$","$f(a, a)==1$","$f(a, a)=a / 2$","$f(a, a-1)==2$","$f(a, a)==2$","$f(a, a)==a$","$f(a, a / 2)=a / 2$","$f(a, a)==1$","$f(a, a)=a / 2$","$f(a, a-1)=2$","$f(a, a)=2$","$f(a, a)=a$","$f(a, a div 2)=a div 2$","$f(a, a)=1$","$f(a, a)=a div 2$"
"Varianta 34","34.14.","Single","Fie $G$ un graf orientat, cu $n$ noduri şi $m$ arce. Dacă $S1$ şi $S2$ reprezintă suma gradelor interioare, respectiv exterioare ale grafului $G$, afirmaţia falsă este:","N/A","$S1=S2$","$S1+S2=2 m$","dacă $G$ este graf complet, atunci $S1+S2=n(n-1)$","$S1 \leq S2$","$S1 \geq S2$","dacă $G$ este graf complet, atunci $S1+S2=m(m-1)$","N/A","N/A","N/A","N/A","N/A","N/A","N/A","N/A","N/A","N/A","N/A","N/A"
"Varianta 34","34.15.","Single","Un arbore binar este un arbore cu rădăcină în care fiecare nod are cel mult 2 descendenți direcţi (fii). Un arbore binar complet cu $n$ noduri are un număr de niveluri egal cu:","N/A","$[\log _{2} n]-1$","$[\log _{2} n]$","$[\log _{2} n]+1$","$[\log _{2}(n-1)]$","$[\log _{2}(n+1)]$","$[\log _{2} n]-1$","N/A","N/A","N/A","N/A","N/A","N/A","N/A","N/A","N/A","N/A","N/A","N/A"
"Varianta 35","35.1.","Dual","Variabilele $n$ şi $c$ memorează numere naturale nenule. Instrucţiunea care inserează cifra $c$ în faţa ultimei cifre a lui $n$ este:","N/A","n = (n \% 10 * 10 + c) * 10 + n / 10;","n = (n / 10 * 10 + c) * 10 + n \% 10;","n = (n / 10 + c) * 10 + n \% 10;","n = n / 10 + c + n \% 10;","n = n / 10 * 10 + c * 10 + n \% 10;","n = (n \% 10 + c) * 10 + n / 10;","n = (n \% 10 * 10 + c) * 10 + n / 10;","n = (n / 10 * 10 + c) * 10 + n \% 10;","n = (n / 10 + c) * 10 + n \% 10;","n = n / 10 + c + n \% 10;","n = n / 10 * 10 + c * 10 + n \% 10;","n = (n \% 10 + c) * 10 + n / 10;","n:=(n mod 10 * 10+c) * 10+n div 10;","n:=(n div 10 * 10+c) * 10+n mod 10;","n:=(n div 10+c) * 10+n mod 10;","n:=n div 10+c+n mod 10;","n:=n div 10 * 10+c * 10+n mod 10;","n:=(n mod 10+c) * 10+n div 10;"
"Varianta 35","35.2.","Single","Variabilele $a$ şi $b$ memorează numere naturale. Se consideră următoarea secvență de program:
\begin{verbatim}
Limbajul C++/C
b=2;
for(a=5; a<=10; a++)
{
    a=a+b;
    b=a+b;
}
cout<<a+b; | printf(""%d"",a+b);
\end{verbatim}
\begin{verbatim}
Limbajul Pascal
b:=2;
for a:= 5 to 10 do
begin
    a:=a+b;
    b:=a+b
end;
write(a+b);
\end{verbatim}
În urma executării secvenței de program alăturate se afişează:","N/A","18","26","28","44","48","52","N/A","N/A","N/A","N/A","N/A","N/A","N/A","N/A","N/A","N/A","N/A","N/A"
"Varianta 35","35.3.","Single","Variabilele $i$, $j$ şi $k$ memorează numere naturale. Se consideră următoarea secvenţă de program:
\begin{verbatim}
Limbajul C++/C
for(i=1;i<=10;i++)
{ for(j=1;j<=i;j++)
        cout<<j; | printf(""%d"",j) ;
    for(k=9;k>0;k--)
        cout<<k; | printf(""%d"",k) ;
}
\end{verbatim}
\begin{verbatim}
Limbajul Pascal
for i:=1 to 10 do
begin
    for j:=1 to i do write(j);
    for k:=9 downto 1 do
        write(k)
end;
\end{verbatim}
Numărul de execuţii ale instrucțiunii care afişează valoarea variabilei $k$ este:","N/A","495","90","60","55","10","9","N/A","N/A","N/A","N/A","N/A","N/A","N/A","N/A","N/A","N/A","N/A","N/A"
"Varianta 35","35.4.","Single","Pentru un graf neorientat cu 9 muchii şi 12 noduri, numărul minim de componente conexe este:","N/A","1","2","3","4","5","6","N/A","N/A","N/A","N/A","N/A","N/A","N/A","N/A","N/A","N/A","N/A","N/A"
"Varianta 35","35.5.","Single","Algoritmul lui Euclid este utilizat pentru:","N/A","calculul numărului de multipli ai unui număr natural","descompunerea în factori primi a unui număr natural","calculul celui mai mare divizor comun a două numere naturale","calculul numărului de divizori ai unui număr natural","suma divizorilor unui număr natural","suma divizorilor proprii ai unui număr natural","N/A","N/A","N/A","N/A","N/A","N/A","N/A","N/A","N/A","N/A","N/A","N/A"
"Varianta 35","35.6.","Dual","Variabilele $\mathbf{x}$, $\mathbf{y}$, $\mathbf{z}$, $\mathbf{s}$ şi $\mathbf{p}$ memorează numere reale. Se consideră următoarea secvență de program:
\begin{verbatim}
Limbajul C++/C
if (x>y) if (y>z) if (z>x)
    s=x+y+z; else p=x*y*z;
\end{verbatim}
\begin{verbatim}
Limbajul Pascal
if x>y then if y>z then if z>x then
s:=x+y+z else p:=x*y*z;
\end{verbatim}
Secvenţa de program echivalentă cu ea, care să conţină o singură instrucţiune de decizie, este:","N/A","if (x>y || y>z) s=x+y+z;","if(x>y \&\& y>z) s=x+y+z;","if (x>y \&\& y>z) s=x+y+z;","if(x>y \&\& y>z) p=x*y*z;","if (x>y \&\& y>z) s=x+y+z;
    else p=p*y*z;","if(x>y || y>z) p=x*y*z;","if (x>y || y>z) s=x+y+z;","if(x>y \&\& y>z) s=x+y+z;","if (x>y \&\& y>z) s=x+y+z;","if(x>y \&\& y>z) p=x*y*z;","if (x>y \&\& y>z) s=x+y+z;
    else p=p*y*z;","if(x>y || y>z) p=x*y*z;","if (x>y) or (y>z) then s:=x+y+z;","if (x>y) and (y>z) then s:=x+y+z;","if (x>y) and (y>z) then s:=x+y+z;","if (x>y) and (y>z) then p:=x*y*z;","if (x>y) and (y>z) then s:=x+y+z;
    else p:=p*y*z;","if (x>y) or (y>z) then p:=x*y*z;"
"Varianta 35","35.7.","Single","Numărul de interschimbări care se efectuează în cazul sortării descrescătoare a şirului de numere consecutive $0,1,2,3, \ldots, 8,9,10$ prin metoda bulelor este:","N/A","0","10","11","45","55","121","N/A","N/A","N/A","N/A","N/A","N/A","N/A","N/A","N/A","N/A","N/A","N/A"
"Varianta 35","35.8.","Single","Fie $a$ un tablou bidimensional cu 45 linii (numerotate de la 1 la 45) şi 45 coloane (numerotate de la 1 la 45). Expresia care calculează numărul de ordine al elementului de pe linia $i$ şi coloana $j$ (a câta valoare este acesta, pornind din colţul din sânga sus, de la prima spre ultima linie, pe fiecare linie elementele numărându-se de la stânga la dreapta) este:","N/A","$i * 45+j-1$","$(i-1) * 45+j$","$(j-1) * 45+i$","$j * 45+i-1$","$(i+1) * 45+j$","$(j+1) * 45+i$","N/A","N/A","N/A","N/A","N/A","N/A","N/A","N/A","N/A","N/A","N/A","N/A"
"Varianta 35","35.9.","Single","Se consideră algoritmul care determină toate permutările distincte de $n$ obiecte (numerotate de la 1 la $n$), în care pe orice poziţie de rang par se află o valoare pară. De exemplu, pentru $n=5$, primele trei permutări generate în ordine lexicografică sunt: $(1,2,3,4,5),(1,2,5,4,3),(1,4,3,2,5)$.
Pentru $n=4$, numărul total de astfel de permutări este:","N/A","12","10","8","7","6","4","N/A","N/A","N/A","N/A","N/A","N/A","N/A","N/A","N/A","N/A","N/A","N/A"
"Varianta 35","35.10.","Dual","Subprogramul $f$ primeşte prin parametrii $a$ şi $b$ două valori întregi ($a \leq b$) şi returnează numărul de numere prime din intervalul închis [a,b]. Expresia care are valoarea 1 (C++/C)/True (Pascal), numai dacă valoarea întreagă $x$ $(x>5)$ este număr prim este:","N/A","$f(x-1, x)==f(x, x+1)$","$f(x, x)==1$","$f(2, x)!=f(2, x-1)$","$f(2, x)!=f(2, x+1)$","$f(2, x)==f(2, x-1)$","$f(2, x)==f(2, x+1)$","$f(x-1, x)==f(x, x+1)$","$f(x, x)==1$","$f(2, x)!=f(2, x-1)$","$f(2, x)!=f(2, x+1)$","$f(2, x)==f(2, x-1)$","$f(2, x)==f(2, x+1)$","$f(x-1, x)=f(x, x+1)$","$f(x, x)=1$","$f(2, x)<>f(2, x-1)$","$f(2, x)<>f(2, x+1)$","$f(2, x)=f(2, x-1)$","$f(2, x)=f(2, x+1)$"
"Varianta 35","35.11.","Single","Se consideră următoarea secvenţă de program:
\begin{verbatim}
Limbajul C++
int a,b;
void f(int x,int &y)
{int b=x; y+=b; x=y;}
int main()
{ a=20; b=23;
    f(a,b);
    cout<<a<<' '<<b;
    return 0;
}
\end{verbatim}
\begin{verbatim}
Limbajul C
int a,b;
void f(int x,int *y)
{int b=x; *y=*y+b; x=*y;}
int main()
{ a=20; b=23;
    f(a,&b);
    printf(""%d %d"",a,b);
    return 0;
}
\end{verbatim}
\begin{verbatim}
Limbajul Pascal
var a,b:integer;
procedure f(x:integer; var y:integer);
var b:integer;
begin b:=x; y:=y+b; x:=y
end;
begin
    a:=20; b:=23;
    f(a,b);
    write(a,' ',b)
end.
\end{verbatim}
În urma executării secvenței de program alăturate se afişează:","N/A","43 43","23 23","20 23","23 43","20 43","23 20","N/A","N/A","N/A","N/A","N/A","N/A","N/A","N/A","N/A","N/A","N/A","N/A"
"Varianta 35","35.12.","Single","Numărul minim de muchii care trebuie adăugate grafului din figura alăturată, astfel încât acesta să devină eulerian este:
\includegraphics[width=0.4\linewidth]{images/2025_04_17_46e04c6acd873ea9558dg-191}","images/2025_04_17_46e04c6acd873ea9558dg-191","0","1","2","3","4","5","N/A","N/A","N/A","N/A","N/A","N/A","N/A","N/A","N/A","N/A","N/A","N/A"
"Varianta 35","35.13.","Dual","Subprogramul $minim$ returnează cifra minimă a unui număr natural. Pentru o variabilă $x$, ce memorează o valoare naturală de cel mult 2 cifre, subprogramul este apelat într-o secvență de forma:
Limbajul C++/C: if (minim(x)+minim(x*x*x))==0   nr++;
Limbajul Pascal: if minim(x)+minim(x*x*x)=0 then nr:=nr+1;
Varianta pentru un antet corect al subprogramului este:","N/A","int minim(long u)","int minim(long x*x*x)","int minim(int x, int y)","void minim(long u)","void minim(int x, int y)","void minim(long x*x*x)","int minim(long u)","int minim(long x*x*x)","int minim(int x, int y)","void minim(long u)","void minim(int x, int y)","void minim(long x*x*x)","function minim(u:longint):integer;","function minim(x*x*x:longint):integer;","function minim(x, y:integer):integer;","procedure minim(u:longint);","procedure minim(x, y:longint);","procedure minim(x*x*x:longint);"
"Varianta 35","35.14.","Single","Un arbore binar este un arbore cu rădăcină în care fiecare nod are cel mult 2 descendenţi direcţi (fii). Un arbore binar complet, cu $h$ niveluri, are un număr de noduri egal cu:","N/A","$2 h$","$2 h+1$","$2 h-1$","$2^{h}-1$","$2^{h}$","$2^{h}+1$","N/A","N/A","N/A","N/A","N/A","N/A","N/A","N/A","N/A","N/A","N/A","N/A"
"Varianta 35","35.15.","Single","Fie $G$ un graf neorientat, cu $n$ noduri şi $p$ componente conexe. Numărul maxim de muchii este:","N/A","$\frac{n(n-1)}{2}$","$\frac{(n-p)(n-p+1)}{2}$","$\frac{n(n+1)}{2}$","$\frac{(n+p)(n+p+1)}{2}$","$\frac{p(p-1)}{2}$","$\frac{p(p+1)}{2}$","N/A","N/A","N/A","N/A","N/A","N/A","N/A","N/A","N/A","N/A","N/A","N/A"
"Varianta 36","36.1.","Single","Variabilele $\mathbf{x}$ și $\mathbf{y}$ memorează numere întregi. Se consideră următoarea secvenţă de program:
\begin{verbatim}
Limbajul C++/C 
x=2020 / 7;
y=123 % 10 * 3 / 8;
cout<<x<<' '<<y | printf(""%d %d"", x, y);
\end{verbatim}
\begin{verbatim}
Limbajul Pascal
x:=2020 div 7;
y:=123 mod 10*3 div 8;
write(x,' ',y);
\end{verbatim}
După executarea secvențe de program alăturate, variabilele $\mathbf{x}$ și $\mathbf{y}$ au valorile:","N/A","66 0","66 1","202 0","202 1","288 0","288 1","N/A","N/A","N/A","N/A","N/A","N/A","N/A","N/A","N/A","N/A","N/A","N/A"
"Varianta 36","36.2.","Dual","Se consideră următoarea expresie:
Limbajul C++/C: $(x==y)==(y==z)$
Limbajul Pascal: $(x=y)=(y=z)$
Expresia dată are valoarea 0 (C++/C)/False (Pascal) dacă și numai dacă cele trei variabile întregi $\mathbf{x}$, $\mathrm{y}$ și $\mathbf{z}$ sunt:","N/A","toate trei egale","neinițializate","$(x==y \&\& y!=z) || (x!=y \&\& y==z)$","$(x==y \&\& y!=z) \&\& (x!=y \&\& y==z)$","$(x==y || y!=z) || (x!=y || y==z)$","$(x==y || y!=z) \&\& (x!=y || y=z)$","toate trei egale","neinițializate","$(x==y \&\& y!=z) || (x!=y \&\& y==z)$","$(x==y \&\& y!=z) \&\& (x!=y \&\& y==z)$","$(x==y || y!=z) || (x!=y || y==z)$","$(x==y || y!=z) \&\& (x!=y || y=z)$","toate trei egale","neinițializate","($x=y$ and $y<>z$) or ($x<>y$ and $y=z$)","($x=y$ and $y<>z$) and ($x<>y$ and $y=z$)","($x=y$ or $y<>z$) or ($x<>y$ or $y=z$)","($x=y$ or $y<>z$) and ($x<>y$ or $y=z$)"
"Varianta 36","36.3.","Single","Variabilele de tip întreg $\mathbf{x}$ și $\mathbf{y}$, inițial egale, memorează valoarea 100. Se consideră următoarea secvenţă de program:
\begin{verbatim}
Limbajul C++/C
if (x>y) x=10*y-8*x;
else y=10*x-8*y;
Limbajul Pascal
if x>y then x:=10*y-8*x
else y:=10*x-8*y;
\end{verbatim}
În urma executării secvenței de program alăturate, diferența absolută dintre valorile celor două variabile este:","N/A","-200","-100","0","1","100","200","N/A","N/A","N/A","N/A","N/A","N/A","N/A","N/A","N/A","N/A","N/A","N/A"
"Varianta 36","36.4.","Single","Se consideră următoarele două secvențe:
\begin{verbatim}
Limbajul C++/C
while ......
{
    a=a-1;
    cout<<""20"";
}
do
{
    cout<<""20"";
    a--;
}while(a>=1);
\end{verbatim}

\begin{verbatim}
Limbajul Pascal
while ..... do
begin
    a:=a-1;
    write('20');
end;
repeat
    write('20');
    a:=a-1;
until a<1;
\end{verbatim}
Variabila de tip întreg $a$ are inițial valoarea 21. Cele două secvenţe sunt echivalente dacă punctele de suspensie se înlocuiesc cu:","N/A","$a=0$","$a>0$","$a>=1$","$a>1$","$a<=1$","$a<1$","N/A","N/A","N/A","N/A","N/A","N/A","N/A","N/A","N/A","N/A","N/A","N/A"
"Varianta 36","36.5.","Single","Se consideră următorul subprogram:
\begin{verbatim}
Limbajul C++/C
int f(int x)
{
    if(x) return 2*f(x-1);
    else return 3;
}
\end{verbatim}
\begin{verbatim}
Limbajul Pascal
function f(x:integer):integer;
begin
    if x<>0 then f:=2*f(x-1);
    else f:=3
end;
\end{verbatim}
Valoarea returnată de apelul $f(5)$ pentru funcţia alăturată este:","N/A","3","13","48","96","144","162","N/A","N/A","N/A","N/A","N/A","N/A","N/A","N/A","N/A","N/A","N/A","N/A"
"Varianta 36","36.6.","Dual","Concatenarea a două șiruri de caractere se poate realiza cu funcţia predefinită:","N/A","strconcat","strcmp","strlen","strcat","strstr","strlwr","strconcat","strcmp","strlen","strcat","strstr","strlwr","paste","copy","length","concat","str","pos"
"Varianta 36","36.7.","Single","Se consideră un graf neorientat cu nodurile numerotate de la 1 la 5 și muchiile $[1,2],[1,5],[2,3],[2,4],[2,5],[3,4],[4,5]$. Numărul lanțurilor distincte de lungime 3 de la nodul 1 la 4 este:","N/A","3","4","5","6","7","8","N/A","N/A","N/A","N/A","N/A","N/A","N/A","N/A","N/A","N/A","N/A","N/A"
"Varianta 36","36.8.","Single","Se consideră un arbore cu rădăcină, cu 2020 noduri. Numărul minim de frunze pe care îl poate avea arborele este:","N/A","0","1","2","1010","2019","2020","N/A","N/A","N/A","N/A","N/A","N/A","N/A","N/A","N/A","N/A","N/A","N/A"
"Varianta 36","36.9.","Single","Utilizând metoda backtracking se generează toate numerele, de cel mult trei cifre, formate cu cifre distincte, care au suma cifrelor egală cu 7 și nu sunt divizibile cu 10. Astfel, se generează în această ordine numerele: 106, 124, 142, 16, 205, .... Folosind acceași metodă se generează toate numerele naturale cu cifre distincte, care au suma cifrelor egală cu 9 și nu sunt divizible cu 5. Al șaselea număr generat este:","N/A","135","153","162","207","216","234","N/A","N/A","N/A","N/A","N/A","N/A","N/A","N/A","N/A","N/A","N/A","N/A"
"Varianta 36","36.10.","Single","Se consideră următoarea secvență de program în care toate variabilele sunt numere întregi:
\begin{verbatim}
Limbajul C++/C
for (i=0;i<= 2020;i++)
    { t=i+1; a[i]=t; t--; }
Limbajul Pascal
for i:=0 to 2020 do
begin t:=i+1; a[i]:=t; dec(t); end;
\end{verbatim}
Suma elementelor tabloului $a$ este:","N/A","2020","2021","4040","4041","2041210","2043231","N/A","N/A","N/A","N/A","N/A","N/A","N/A","N/A","N/A","N/A","N/A","N/A"
"Varianta 36","36.11.","Single","Folosind metoda bulelor tabloul unidimensional $(5,6,10,20,1)$ este ordonat crescător: $(1,5,6,10,20)$. Numărul de parcurgeri necesare pentru a ordona crescător tabloul este:","N/A","9","8","7","6","5","4","N/A","N/A","N/A","N/A","N/A","N/A","N/A","N/A","N/A","N/A","N/A","N/A"
"Varianta 36","36.12.","Single","Un număr $\overline{a b c}$ se numește excepțional dacă $b=a^{c}$. Mulțimea numerelor excepționale conține un număr de valori egal cu:","N/A","36","29","26","15","6","5","N/A","N/A","N/A","N/A","N/A","N/A","N/A","N/A","N/A","N/A","N/A","N/A"
"Varianta 36","36.13.","Single","Se consideră următorul subprogram:
\begin{verbatim}
Limbajul C++/C
void f(int n)
{
    int i;
    if(n>0) for(i=1;i<=n;i++)
    {   f(n-2);
        cout<<i<<' '; | printf(""%d "",i);
    }
}
\end{verbatim}
\begin{verbatim}
Limbajul Pascal
procedure f (n:integer);
var i:integer;
begin
if n>0 then
    for i:=1 to n do
        begin
        f(n-2);write(i,' ')
        end
end;
\end{verbatim}
Valoarea lui $n$ pentru care sunt afișate valorile 1 1 1 2 1 3 la apelul $f(n)$ este:","N/A","12","9","6","5","4","3","N/A","N/A","N/A","N/A","N/A","N/A","N/A","N/A","N/A","N/A","N/A","N/A"
"Varianta 36","36.14.","Single","Variabila $a$ memorează elementele unui tablou bidimensional cu 5 linii şi 5 coloane, numerotate de la 1 la 5, iar celelalte variabile sunt de tip întreg. Specificaţi care va fi conţinutul variabilei $a$ în urma executării secvenței de program date, dacă tabloul bidimensional are inițial conținutul alăturat:
\begin{verbatim}
1 2 3 4 5
1 2 3 4 5
1 2 3 4 5
1 2 3 4 5
1 2 3 4 5
\end{verbatim}
\begin{verbatim}
Limbajul C++/C
for(i=1; i<=n; i++)
    if(i<=n/2)
        for(j=1;j<=i;j++)
        {   aux=a[i][j];
            a[i][j]=a[i][n-j+1];
            a[i][n-j+1]=aux;
        }
    else
        for(j=1;j<=n-i+1;j++)
        {   aux=a[i][j];
            a[i][j]=a[i][n-j+1];
            a[i][n-j+1]=aux;
        }
\end{verbatim}
\begin{verbatim}
Limbajul Pascal
for i:=1 to n do
    if i<=n div 2 then
        for j:=1 to i do
        begin
            aux:=a[i,j];
            a[i,j]:=a[i,n-j+1];
            a[i,n-j+1]:=aux;
        end
    else
        for j:=1 to n-i+1 do
        begin
            aux:=a[i,j];
            a[i,j]:=a[i,n-j+1];
            a[i,n-j+1]:=aux;
        end;
\end{verbatim}","N/A","\begin{verbatim}
5 4 3 2 1
5 2 3 4 1
5 2 3 4 1
5 2 3 4 1
5 4 3 2 1
\end{verbatim}","\begin{verbatim}
5 4 3 2 1
1 2 3 4 5
1 2 3 4 5
1 2 3 4 5
5 4 3 2 1
\end{verbatim}","\begin{verbatim}
5 2 3 4 1
5 4 3 2 1
5 4 3 2 1
5 4 3 2 1
5 2 3 4 1
\end{verbatim}","\begin{verbatim}
1 2 5 4 3
1 2 5 4 3
1 2 5 4 3
1 2 5 4 3
1 2 5 4 3
\end{verbatim}","\begin{verbatim}
1 2 3 5 4
1 2 3 5 4
1 2 3 5 4
1 2 3 5 4
1 2 3 5 4
\end{verbatim}","\begin{verbatim}
1 2 3 4 5
1 2 3 4 5
1 2 3 4 5
1 2 3 4 5
1 2 3 4 5
\end{verbatim}","N/A","N/A","N/A","N/A","N/A","N/A","N/A","N/A","N/A","N/A","N/A","N/A"
"Varianta 36","36.15.","Single","Se consideră următorul subprogram:
\begin{verbatim}
Limbajul C++/C
int T(int n)
{
    int o, m=n, c=1;
    o=n;
    while(o>9)
    {   c=c*10;
        o=o/10;
    }
    o=n%c*10+n/c;
    while(o!=n)
    {
        if(m<o) m=o;
            o=o%c*10+o/c;
    }
    return m;
}
\end{verbatim}
\begin{verbatim}
Limbajul Pascal
function T(n:integer):integer;
var 0,m,c:integer;
begin
    m:=n; c:=1; o:=n;
    while(o>9) do
        begin
            c:=c*10; o:=o div 10;
        end;
    o:=n mod c*10+n div c;
    while o<>n do
        begin
            if m<o then m:=o;
                o:=o mod c*10 + o div c;
        end;
    T:=m;
end;
\end{verbatim}
Știind că parametrul formal $n$ este un număr natural format din 3 cifre, subprogramul $T$ poate returna un număr de valori cu cifra sutelor 9 egal cu:","N/A","100","200","225","252","260","261","N/A","N/A","N/A","N/A","N/A","N/A","N/A","N/A","N/A","N/A","N/A","N/A"
"Varianta 37","37.1.","Single","Se consideră următoarea secvenţă de program:
\begin{verbatim}
Limbajul C++/C
char c='7';
float a=c-'9';
cout<<a; | printf(""%.Of"",a);
\end{verbatim}
\begin{verbatim}
Limbajul Pascal
var c:char; a:real;
c:='7';
a:=ord(c)-ord('9');
write(a:1:0);
\end{verbatim}
Valoarea afișată în urma executării secvenței de program alăturate este:","N/A","79","-2","2.0","2","'79'","-16","N/A","N/A","N/A","N/A","N/A","N/A","N/A","N/A","N/A","N/A","N/A","N/A"
"Varianta 37","37.2.","Single","Se consideră următoarea listă de descendenți asociată unui arbore cu rădăcină cu 8 noduri:
\begin{verbatim}
1: 4,7,6,2
2: -
3: 4,6,5,2,7,8,1
4: -
5: -
6: -
7: 2
8: 7,2,4,1,6
\end{verbatim}
Varianta care reprezintă vectorul de taţi asociat acestui arbore este:","N/A","2 3 8 1 3 1 8 0","8 7 0 1 8 1 1 3","8 7 0 1 3 1 1 3","0 3 1 8 3 1 1 1","8 7 8 1 3 1 1 0","0 7 8 3 1 3 3 1","N/A","N/A","N/A","N/A","N/A","N/A","N/A","N/A","N/A","N/A","N/A","N/A"
"Varianta 37","37.3.","Single","În matricea de adiacență asociată unui graf neorientat cu $\mathbf{n}$ noduri, numărul de cifre de 1 aflate sub diagonala principală este egal cu $n*(n-1)/2$. Numărul de muchii ce trebuie adăugate la acest graf astfel încât acesta să devină complet este:","N/A","n-1","n","1","(n-1)/2","n/2","0","N/A","N/A","N/A","N/A","N/A","N/A","N/A","N/A","N/A","N/A","N/A","N/A"
"Varianta 37","37.4.","Single","Se consideră un graf neorientat cu 3675 de noduri și 10589 muchii. Gradul maxim pe care îl poate avea un nod din reprezentarea grafului ce conține un număr maxim de noduri izolate este:","N/A","147","148","146","3666","3674","145","N/A","N/A","N/A","N/A","N/A","N/A","N/A","N/A","N/A","N/A","N/A","N/A"
"Varianta 37","37.5.","Single","Şirul de caractere $s$ ce desemnează o propoziție cu exact 11 cuvinte formate doar din litere mici, mari și separate prin câte un spațiu. Se consideră următoarea secvență de program:
\begin{verbatim}
Limbajul C++/C
int n;
char s[100], *p, c[100];
strcpy(s,s+(strchr(s,' ')-s));
p=strtok(s,"" "");
while (p && n)
{   p=strtok(NULL,"" "");
    strcpy(c, p);
    n--;
}
\end{verbatim}
\begin{verbatim}
Limbajul Pascal
var s,c,p:string[100]; n:integer;
delete(s,1,pos(' ',s));
while n<>0 do
    begin
        delete(s,1,pos(' ',s));
        c:=copy(s,1,pos(' ',s)-1);
        n:=n-1
    end;
\end{verbatim}
Pentru a memora în variabila $c$ cuvântul din mijloc, valoarea atribuită variabilei $n$ este:","N/A","11","6","5","7","3","4","N/A","N/A","N/A","N/A","N/A","N/A","N/A","N/A","N/A","N/A","N/A","N/A"
"Varianta 37","37.6.","Single","Se consideră șirul: $1,1,2,1,2,3,1,2,3,4,1,2,3,4,5,1,2,3,4,5,6,1,2,3,4,5,6,7 \ldots$ şi următoarea secvenţă de program:
\begin{verbatim}
Limbajul C++/C
int n, k, s=0;
cin>>n; | scanf(""%d"",&n);
k=1;
while(s<n)
{   s=s+k; k++; }
\end{verbatim}
\begin{verbatim}
Limbajul Pascal
var n,k,s:integer;
read(n); k:=1; s:=0;
while s<n do
    begin
        s:=s+k; inc(k)
    end;
\end{verbatim}
Expresia care determină termenul de pe o anumită poziție $n$ dată de la tastatură, dacă numerotarea termenilor pleacă de la valoarea 1 este:","N/A","$s-(k-n)+1$","$k-s+n-1$","$k-s+n$","$k+s-n$","$n-k$","$k+n$","N/A","N/A","N/A","N/A","N/A","N/A","N/A","N/A","N/A","N/A","N/A","N/A"
"Varianta 37","37.7.","Single","Se consideră următoarea secvență de program:
\begin{verbatim}
Limbajul C++/C
int i, j, n, a[10][10];
cin>>n; |scanf(""%d"",&n);
for (i=1;i<=n;i++)
    for (j=1;j<=n-i+1;j++)
        {
            a[i][j]=i+j;
            a[n-j+1][n+1-i]=i+j;
        }
\end{verbatim}
\begin{verbatim}
Limbajul Pascal
var a: array [1..10, 1..10] of integer;
    i, j, n: byte;
read(n);
for i:=1 to n do
        for j:=1 to n-i+1 do
            begin
                a[i][j]:= i+j;
                a[n-j+1][n+1-i]:=i+j
            end;
\end{verbatim}
În urma executării secvenței de program alăturate se obține:","N/A","un tablou bidimensional cu elementele simetrice față de diagonala principală dar nu şi faţă de diagonala secundară","un tablou bidimensional cu elementele simetrice față de diagonala secundară dar nu şi faţă de diagonala principală","un tablou bidimensional cu elementele simetrice atât față de diagonala principală cât şi faţă de diagonala secundară","un tablou bidimensional cu elementele identice pe coloane","un tablou bidimensional cu elementele identice pe linii","un tablou bidimensional cu toate elementele egale între ele","N/A","N/A","N/A","N/A","N/A","N/A","N/A","N/A","N/A","N/A","N/A","N/A"
"Varianta 37","37.8.","Single","Variabilele $a$, $b$, $i$ și $d$ memorează numere naturale. Se consideră următoarea secvență de program:
\begin{verbatim}
Limbajul C++/C
for(i=a*b;i>=b;i--)
    if(i%a==0 && i%b==0)
        d=i;
cout<<d; | printf(""%d"",d);
\end{verbatim}
\begin{verbatim}
Limbajul Pascal
for i:= a*b downto b do
    if i mod a=0 and i mod b=0 then
        d:=i;
write(d);
\end{verbatim}
Valoarea afișată în urma executării secvenței de program alăturate reprezintă:","N/A","cel mai mare divizor comun","numărul de multiplii comuni","cel mai mic multiplu comun","numărul de divizori comuni","cel mai mare multiplu comun","numărul de divizori al produsului $a*b$","N/A","N/A","N/A","N/A","N/A","N/A","N/A","N/A","N/A","N/A","N/A","N/A"
"Varianta 37","37.9.","Single","Se consideră următoarea secvență de program:
\begin{verbatim}
Limbajul C++/C
int a,i,c;
cin>>a; | scanf(""%d"",&a);
c=0;
for (i=1;i<=a;i++)
    if (i%5==0)
    {   int j=i;
        while (j%5==0)
        { c++; j=j/5; }
    }
    cout<<c; | printf(""%d"",c);
\end{verbatim}
\begin{verbatim}
Limbajul Pascal
var a,i,c,j:integer;
read(a) ; c:=0;
for i:=1 to a do
    if i mod 5=0 then
        begin
            j:=i;
            while j mod 5=0 do
                begin
                    c:=c+1; j:=j div 5
                    end
        end;
write(c);
\end{verbatim}
Valoarea afișată în urma executării secvenței de program alăturate reprezintă:","N/A","factorialul numărului $a$","numărul cifrelor cu valoarea 0 de la sfârșitul factorialului numărului $a$","puterea lui 5 din factorialul numărului $a$","atât puterea lui 5 din factorialul numărului $a$, cât și numărul cifrelor cu valoarea 0 de la sfârșitul acestui factorial","numărul de elemente divizibile cu 5 mai mici decat $a$","numărul de elemente divizibile cu 10 mai mici decat $a$","N/A","N/A","N/A","N/A","N/A","N/A","N/A","N/A","N/A","N/A","N/A","N/A"
"Varianta 37","37.10.","Single","Se consideră următoarea secvență de program:
\begin{verbatim}
Limbajul C++/C
struct oras {
    char strada[101];
    unsigned nr,cod_postal;
};
struct colet {
    char destinatar[51];
    struct oras adresa;
};
struct colet v[100];
\end{verbatim}
\begin{verbatim}
Limbajul Pascal
type oras= record
        strada: string[101];
        nr, cod_postal: word
    end;
    colet= record
        destinatar: string[50];
        adresa: oras
    end;
var v: array [1..101] of colet;
\end{verbatim}
Varianta care reprezintă o accesare corectă a unei litere din numele unei străzi corespunzătoare unui colet transmis de o anumită firmă de curierat este:","N/A","v[5].adresa.oras[1]","v[5].adresa[1].strada","v[5].adresa.strada[1]","v.colet.strada[5]","adresa.v[5].strada[1]","v.strada[1].adresa","N/A","N/A","N/A","N/A","N/A","N/A","N/A","N/A","N/A","N/A","N/A","N/A"
"Varianta 37","37.11.","Single","Fişierul examen.txt conţine pe prima linie a sa valoarea unui număr natural $n$ mai mic decât 100, iar pe următoarea linie $n$ valori întregi separate prin câte un spaţiu. Se consideră următoarea secvență de program:
\begin{verbatim}
Limbajul C++/C
ifstream f(""examen.txt""); | FILE *f; f= fopen(""examen.txt"",""r"");
int n, i, v[100];
f>>n; | fscanf(f,""%d"",&n);
for (i=1;i<=n;i++) f>>v[i]; | fscanf(f,""%d"",&v[i]);
f.close(); | fclose(f);
ifstream g(""examen.txt""); | FILE *g; g= fopen(""examen.txt"",""r"");
for (i=2;i<=n;i++) g>>v[i]; | fscanf(g,""%d"",&v[i]);
g.close(); | fclose(g);
cout<<v[n]; | printf(""%d"",v[n]);
\end{verbatim}
\begin{verbatim}
Limbajul Pascal
var f,g:text; n,i:byte;
v:array [1..100] of integer;
assign(f,'examen.txt');
reset(f);
readln(f,n);
for i:= 1 to n do
    read(f,v[i]);
close(f);
assign(g,'examen.txt');
reset(g);
for i:= 2 to n do
    read(g,v[i]);
close(g); write(v[n]);
\end{verbatim}
Valoarea afișată în urma executării secvenței de program alăturate reprezintă:","N/A","prima valoare din fișier","penultima valoare din fișier","antepenultima valoare din fișier","ultima valoare din fișier","numărul de valori din fișier","a doua valoare din fișier","N/A","N/A","N/A","N/A","N/A","N/A","N/A","N/A","N/A","N/A","N/A","N/A"
"Varianta 37","37.12.","Single","Se consideră următoarea secvență de program:
\begin{verbatim}
Limbajul C++/C
unsigned n;
int c;
float f(int n)
{   if (n)
    { c++; return (n%10+ f(n/10));}
    else return 0;
}
\end{verbatim}
\begin{verbatim}
Limbajul Pascal
var n:word; c:integer;
function f(n:integer):real;
begin
    if n<>0 then
        begin
            inc(c);
            f:= n mod 10+f(n div 10)
        end
        else f:=0
end;
\end{verbatim}
Apelul corect al funcției care returnează media aritmetică a cifrelor numărului natural $n$ este:","N/A","$f(n) / c$","$f(c)$","$f(n / c)$","$f(n)$","$f(c) / n$","$f(c / n)$","N/A","N/A","N/A","N/A","N/A","N/A","N/A","N/A","N/A","N/A","N/A","N/A"
"Varianta 37","37.13.","Single","Se consideră următoarea secvență de program:
\begin{verbatim}
Limbajul C++/C
char s[101]=""Sebastian Nicholas"", p[50]=""bytes to mb"";
strcpy(s+(strchr(s,'a')+1 -s), s+strlen(s)-1);
s[3]++;
strncpy(s+3,p,2);
cout<<s<<endl; | printf(""%s\n"",s);
\end{verbatim}
\begin{verbatim}
Limbajul Pascal
var s, p: string[100];
s:='Sebastian Nicholas';
p:='bytes to mb';
delete(s,pos('a',s)+2,length(s)-1);
s[4]:=chr(ord(s[4])-1);
delete(s, length(s)-1,2);
s:=s+p[1]+p[2];
writeln(s);
\end{verbatim}
În urma executării secvenței de program alăturate se afișează:","N/A","Sebyy","Sebabby","Nicholas","Sebaty","Sebby","Seba","N/A","N/A","N/A","N/A","N/A","N/A","N/A","N/A","N/A","N/A","N/A","N/A"
"Varianta 37","37.14.","Single","Variabila $n$ memorează un număr natural şi variabila $a$ memorează un tablou bidimensional pătratic cu $n$ linii şi $n$ coloane numerotate de la 1 la $n$. Se consideră următoarea secvență de program:
\begin{verbatim}
Limbajul C++/C
for (k=1;k<=n/2+1;k++) {
    for (j=k;j<=n-k+1;j++)
        cout<<a[k][j]<<' '; | printf(""%d "",a[k][j]);
    for (i=k+1;i<=n-k+1;i++)
        cout<<a[i][n-k+1]<<' '; | printf(""%d "",a[i][n-k+1]);
    for (j=n-k;j>=k;j--)
        cout<<a[n-k+1][j]<<' '; | printf(""%d "",a[n-k+1][j]);
    for (i=n-k;i>k;i--)
        cout<<a[i][k]<<' '; | printf(""%d "",a[i][k]);
}
\end{verbatim}
\begin{verbatim}
Limbajul Pascal
for k:= 1 to n div 2+ 1 do
begin
    for j:=k to n-k+1 do
        write(a[k,j], ' ');
    for i:=k+1 to n-k+1 do
        write(a[i,n-k+1],' ');
    for j:=n-k downto k do
        write(a[n-k+1][j],' ');
    for i:=n-k downto k+1 do
        write(a[i,k],' ');
end;
\end{verbatim}
În urma executării secvenței de program alăturate se vor afişa:","N/A","elementele tabloului pe coloane, de la ultima la prima coloană","elementele tabloului în spirală","elementele tabloului pe linii, de la prima la ultima linie","elementele tabloului pe diagonale","elementele tabloului aflate pe coloane impare","elementele tabloului ce nu se află pe vreuna din cele două diagonale","N/A","N/A","N/A","N/A","N/A","N/A","N/A","N/A","N/A","N/A","N/A","N/A"
"Varianta 37","37.15.","Dual","Nicholas are la Informatică un număr de $m$ note stocate în tabloul unidimensional $note$, iar în variabila $teza$ este trecut rezultatul obținut de el la lucrarea de sfârșit de semestru. Se știe că media se încheie cu un număr de $n$ note $(m<n)$, iar Nicholas dorește sa obțină media finală $x$.
Folosind metoda backtracking, Nicholas a creat un program care îi generează în tabloul unidimensional $note$, în continuarea celor $m$ note existente, restul de $m-n$ note necesare încheierii mediei. S-a notat cu $k$ poziția pe care se generează pe rând restul notelor.
În rezolvarea programului s-a utilizat funcția $medie$ al cărei apel calculează media curentă. Se consideră următoarea secvență de program:
Limbajul C++/C
\begin{verbatim}
float note[10], teza;
int n,m,k,as,ev,i,x;
float medie(float note[10],int m)
{ float s=0;
    for (i=1;i<= m;i++)
        s=s+note[i];
    return (3*s+m*teza)/(4*m);
}
valid(float note[10],int k,int ev) | void valid(float note[10],int k,int *ev)
void
{
    ev=1; | *ev=1;
    if (k>m+1)
        if (note[k]< note[k-1])
            ev=0; l*ev=0;
    if (k==n)
            if (...)
                ev=0; | *ev=0;
}
\end{verbatim}
Limbajul Pascal
\begin{verbatim}
type sir= array [1..11] of byte;
var note: sir;
    m,n,teza,k,i x:word;
    as,ev:boolean;
function medie (note:sir; m:word):real;
var s:word;
begin
    s:=0;
    for i:=1 to m do s:=s+note[i];
    medie:=(3*s+m*teza)/(4*m)
end;
procedure valid(note:sir; k word; var ev:boolean);
begin
    ev:=true;
    if k>m+1 then
        if note[k]< note[k-1] then
            ev:=false;
    if k=n then
        if ... then ev:=false
end;
\end{verbatim}
Pentru ca programul să genereze toate combinațiile de note de care Nicholas are nevoie pentru a obține media dorită, expresia corespunzătoare punctelor de suspensie din secvenţa de program este:","N/A","medie(note, n)!=x","medie(note, n)<=(x-0.5) \&\& medie(note, n)>(x+0.5)","medie(note, n)<(x-0.5) || medie(note, n)>(x+0.5)","medie(note, n)>=(x-0.5) \&\& medie(note, n)<=(x+0.5)","medie(note, n)<(x-0.5) || medie(note, n)>=(x+0.5)","medie(note, n)>(m-n)","medie(note, n)!=x","medie(note, n)<=(x-0.5) \&\& medie(note, n)>(x+0.5)","medie(note, n)<(x-0.5) || medie(note, n)>(x+0.5)","medie(note, n)>=(x-0.5) \&\& medie(note, n)<=(x+0.5)","medie(note, n)<(x-0.5) || medie(note, n)>=(x+0.5)","medie(note, n)>(m-n)","medie(note, n)<>x","medie(note, n)<=(x-0.5) and medie(note, n)>(x+0.5)","medie(note, n)<(x-0.5) or medie(note, n)>(x+0.5)","medie(note, n)>=(x-0.5) and medie(note, n)<=(x+0.5)","medie(note, n)<(x-0.5) or medie(note, n)>=(x+0.5)","medie(note, n)>(m-n)"
"Varianta 38","38.1.","Single","Se consideră $A$, o mulțime de numere naturale. Cardinalul minim al acestei mulțimi, dacă o partiționăm în 5 partiții, iar numerele de elemente ale acestor partiții reprezintă termeni impari diferiţi ai șirului lui Fibonacci este:","N/A","12","43","20","55","6","43","N/A","N/A","N/A","N/A","N/A","N/A","N/A","N/A","N/A","N/A","N/A","N/A"
"Varianta 38","38.2.","Single","Se consideră un arbore cu rădacină având următoarele caracteristici:
\begin{itemize}
  \item numărul de noduri este 12;
  \item înălțimea este 4;
  \item numărul de frunze este 6;
  \item lungimea celui mai lung lanț elementar este egală cu 6;
  \item numărul de noduri de grad 1 este 7.
\end{itemize}
Un posibil vector de taţi asociat acestui arbore ar putea fi:","N/A","8 9 5 1 8 5 1 0 4 5 1 4","9 6 10 1 0 9 1 6 5 1 2 10","4 1 8 0 1 2 5 1 5 12 2 5","0 1 1 1 2 5 5 4 6 5 4 4","7 6 5 7 0 1 5 3 7 3 8 11","12 4 6 0 1 2 12 2 1 7 6 4","N/A","N/A","N/A","N/A","N/A","N/A","N/A","N/A","N/A","N/A","N/A","N/A"
"Varianta 38","38.3.","Single","Se consideră o parolă de șase caractere, nu neapărat distincte, formată doar din litere mici şi mari ale alfabetului englez ( 52 de caractere) și cifre. Numărul minim, respectiv maxim de încercări pentru a identifica respectiva parolă este:","N/A","$6$ $62$","$1$ $6^{62}$","$1$ $6^{61}$","$1$ $62^{6}$","$6$ $62$","$6$ $52$","N/A","N/A","N/A","N/A","N/A","N/A","N/A","N/A","N/A","N/A","N/A","N/A"
"Varianta 38","38.4.","Single","Numărul de muchii care trebuie mutate din graful neorientat hamiltonian alăturat astfel încât acesta să devina eulerian, dar să rămână și hamiltonian este:
\includegraphics[width=0.4\linewidth]{images/2025_04_17_46e04c6acd873ea9558dg-336.jpg}","images/2025_04_17_46e04c6acd873ea9558dg-336.jpg","0","1","2","3","4","5","N/A","N/A","N/A","N/A","N/A","N/A","N/A","N/A","N/A","N/A","N/A","N/A"
"Varianta 38","38.5.","Single","Variabilele $a$ și $d$ memorează numere naturale. Se consideră următoarea secvență de program:
\begin{verbatim}
Limbajul C++/C
cin>>a; | scanf(""%d"",&a);
d=0;
for (i=-a;i<=a;i++)
    if (a%i==0) d++;
\end{verbatim}
\begin{verbatim}
Limbajul Pascal
read(a);
d:=0;
for i:=-a to a do
    if a mod i=0 then d:=d+1;
\end{verbatim}
În urma executării secvenței de program alăturate valoarea variabilei $d$ este:","N/A","numărul de divizori pozitivi ai lui $a$","numărul de divizori pozitivi și negativi ai lui $a$","numărul de divizori negativi ai lui $a$","cel mai mare divizor al lui $a$","numărul de divizori proprii ai lui $a$","valoarea variabilei $d$ nu va putea fi calculată","N/A","N/A","N/A","N/A","N/A","N/A","N/A","N/A","N/A","N/A","N/A","N/A"
"Varianta 38","38.6.","Single","Fișierul date.in conține următoarele numere:
\begin{verbatim}
10
1 2 3 4 5 6 7 8 9 10
\end{verbatim}
Se consideră următoarea secvență de program în care tabloul unidimensional $v$ a fost declarat parametru global:
\begin{verbatim}
Limbajul C++/C
int i, n, v[100];
ifstream f(""date.in""); | FILE *f,*g; f=fopen(""date.in"",""r"");
f>>n; | fscanf(f,""%d"",&n);
for (i=1;i<=n;i=i+2)
    f>>v[i]; | fscanf(f,""%d"",&v[i]);
f.close(); | fclose(f);
ofstream g(""date.in""); | g=fopen(""date.in"",""w"");
g<<v[8]; | fprintf(g,""%d"",v[8]);
g.close(); | fclose(g) ;
\end{verbatim}
\begin{verbatim}
Limbajul Pascal
var f:text; i,n:byte;
v:array [1..100] of integer;
assign(f,'date.in'); reset(f);
readln(f,n);
for i:= 1 to n do
    if i mod 2<>O then
        read(f,v[i]);
close(f);rewrite(f);
write(f,v[8]);
close(f);
\end{verbatim}
Conținutul fișierului după executarea secvenței de program alăturate este:","N/A","8","o valoare reziduală","1","8 9 10","10","0","N/A","N/A","N/A","N/A","N/A","N/A","N/A","N/A","N/A","N/A","N/A","N/A"
"Varianta 38","38.7.","Single","Se consideră următoarea secvență de program:
\begin{verbatim}
Limbajul C++/C
typedef int sir[5];
sir v[100]; int i,j;
for (i=1;i<=4;i++)
    for (j=1;j<=3;j++)
        v[i][j]=i+j;
for (i=1;i<=4;i++)
    for (j=1;j<=3;j++)
        if (j==3)
            cout<<v[i][j]<<endl; | printf(""%d\n"",v[i][j]);
        else cout<<v[i][j]<<' '; | printf(""%d "",v[i][j]);
\end{verbatim}
\begin{verbatim}
Limbajul Pascal
type sir=array [1..5] of
integer;
var v:array [1..100] of sir;
    i,j:integer;
for i:=1 to 4 do
    for j:=1 to 3 do
        v[i][j]:=i+j;
for i:=1 to 4 do
    for j:=1 to 3 do
        if j=3 then writeln(v[i][j])
        else write(v[i][j],' ');
\end{verbatim}
În urma executării secvenței de program alăturate se afişează:","N/A","\begin{verbatim}
1 2 3 4 5 6
7 8 9 10 11 12
\end{verbatim}","\begin{verbatim}
2 3 4 5
3 4 5 6
4 5 6 7
5 6 7 8
\end{verbatim}","\begin{verbatim}
2 3 4 5
3 4 5 6
4 5 6 7
\end{verbatim}","\begin{verbatim}
2 3 4
3 4 5
4 5 6
5 6 7
\end{verbatim}","\begin{verbatim}
3 4 5
4 5 6
5 6 7
6 7 8
\end{verbatim}","\begin{verbatim}
2 3
4 5
6 7
8 9
\end{verbatim}","N/A","N/A","N/A","N/A","N/A","N/A","N/A","N/A","N/A","N/A","N/A","N/A"
"Varianta 38","38.8.","Single","Se consideră următoarea secvență de program:
\begin{verbatim}
Limbajul C++/C
void f(int k,int p)
{
if (k*p>=0)
    if (p!=0)
    { ...
        cout<<k<<<""* ""<<p<<""= "";
        cout <<k*p<<endl; | printf(""%d* %d=%d\n"",k,p,k*p);
    }
else f(k-1,10);
}
\end{verbatim}
\begin{verbatim}
Limbajul Pascal
procedure f(k,p:integer);
begin
if k*p>=0 then
    begin
        if p<>0 then
            begin
                ...
                writeln(k,'* ',p,'= ',k*p)
            end
        else f(k-1,10);
    end
end;
\end{verbatim}
Pentru a obține afișarea tablei înmulțirii de la 0 la 10 în urma apelului $f(10,10)$, apelul corespunzător punctelor de suspensie din secvența de program alăturată este:","N/A","$f(k, p)$","$f(10, p)$","$f(k, 1)$","$f(k-1, p-1)$","$f(k, p-1)$","$f(k-1, p)$","N/A","N/A","N/A","N/A","N/A","N/A","N/A","N/A","N/A","N/A","N/A","N/A"
"Varianta 38","38.9.","Single","Variabila $s$ memorează un şir de caractere. Se consideră următoarea secvență de program:
Limbajul C++/C
\begin{verbatim}
char s[101], cuv[5]=""test"";
while (strstr(s,cuv))
    strcpy(s+(strstr(s,cuv)-s),s+(strstr(s,cuv)-s+strlen (cuv)));
\end{verbatim}
\begin{verbatim}
var s:string[101];
cuv:string[5];
cuv:='test';
while pos(cuv,s)<>0 do
    delete(s,pos(cuv, s),length(cuv));
\end{verbatim}
În urma executării secvenței de program alăturate se realizează:","N/A","eliminarea tuturor subşirurilor test","eliminarea ultimului subșir test","dublarea tuturor subşirurilor test","eliminarea primului subşir test","dublarea ultimei apariţii a subşirului test","dublarea primei apariţii a subşirului test","N/A","N/A","N/A","N/A","N/A","N/A","N/A","N/A","N/A","N/A","N/A","N/A"
"Varianta 38","38.10.","Single","Variabilele $\mathbf{m}$, $\mathbf{n}$, $\mathbf{i}$, $\mathbf{j}$, $\mathbf{p}$, $\mathbf{s}$ și $\mathbf{k}$ memorează numere naturale. Tablourile bidimensionale $\mathrm{A}_{\mathrm{n}} \mathrm{*}_{\mathrm{m}}$ ( n linii şi m coloane), $\mathrm{B}_{\mathrm{m} \star_{\mathrm{p}}}$ ( m linii şi p coloane) memorează numere naturale. Numerotarea liniilor şi a coloanelor începe cu valoarea 1.
Se consideră următoarea secvență de program:
\begin{verbatim}
Limbajul C++/C
for (i=1;i<=n;i++)
    for (j=1;j<=p;j++)
    {
        s=0;
        for (k=1;k<=m;k++)
            s=s+A[i][k]*B[k][j];
        cout<<s<<' '; | printf(""%d "",s);
        if (j==p)
            cout<<endl; | printf(""\n"");
    }
\end{verbatim}
\begin{verbatim}
Limbajul Pascal
for i:=1 to n do
    for j:=1 to p do
        begin
            s:=0;
            for k:=1 to m do
                s:=s+A[i][k]*B[k][j];
            write(s,' ');
            if j=p then
                writeln
            end;
\end{verbatim}
În urma executării secvenței de program alăturate se afișează:","N/A","tabloul bidimensional sumă dintre $A$ şi $B$","transpusa tabloului bidimensional $A$","tabloul bidimensional produs dintre $A$ şi $B$","tabloul bidimensional diferență dintre $A$ şi $B$","suma elementelor de pe ambele diagonale ale celor două tablouri bidimensionale","produsul elementelor de pe ambele diagonale ale celor două tablouri bidimensionale","N/A","N/A","N/A","N/A","N/A","N/A","N/A","N/A","N/A","N/A","N/A","N/A"
"Varianta 38","38.11.","Single","Se consideră următoarea secvență de program:
\begin{verbatim}
Limbajul C++/C
char c;
for(c='m';c<='r';c++)
    cout<<char(c- 5); | printf(""%c"",c-5) ;
\end{verbatim}
\begin{verbatim}
Limbajul Pascal
var c:char;
for c:= 'm' to 'r' do
    write(chr(ord(c)- 5));
\end{verbatim}
Şirul de caractere afișat în urma executării secvenței de program alăturate este:","N/A","104","mnopqr","abcdef","109","hijklm","104105106107108109","N/A","N/A","N/A","N/A","N/A","N/A","N/A","N/A","N/A","N/A","N/A","N/A"
"Varianta 38","38.12.","Single","Se consideră următoarea secvență de program:
\begin{verbatim}
Limbajul C++/C
char s[101]; int k, p, c;
cin.getline(s,101); | gets(s);
k=0; p=strlen(s)-1;
while (k!=strlen(s))
    { c=s[k]+s[p];
        s[k]=c-s[k];
        s[p]=c-s[k];
        k++; p--;
    }
    cout<<s; | printf(""%s"",s);
\end{verbatim}
\begin{verbatim}
Limbajul Pascal
var s:string[100]; k,p,c:integer;
readln(s);
k:=1; p:=length(s);
while (k<=length(s)) do
    begin
        c:=ord(s[k])+ord(s[p]);
        s[k]:=chr(c-ord(s[k]));
        s[p]:=chr(c-ord(s[k]));
        k:=k+1; p:=p-1
    end;
write(s);
\end{verbatim}
În urma executării secvenței de program alăturate se afişează:","N/A","șirul de caractere dat de la tastatură","șirul de caractere dat de la tastatură, răsturnat","șirul de caractere fară cele de pe pozițiile $k$ și $p$","subşirul de caractere aflate între poziţiile $k$ și $p$","toate caracterele din şirul $s$ care nu se află între poziţiile $k$ şi $p$","primul şi ultimul caracter din $s$","N/A","N/A","N/A","N/A","N/A","N/A","N/A","N/A","N/A","N/A","N/A","N/A"
"Varianta 38","38.13.","Single","Fișierul date.in conţine informaţii despre trei elevi. Pentru fiecare elev sunt precizate următoarele: numele; cinci note şi teza pentru o anumită materie:
\begin{verbatim}
Ana
7 5 8 3 6
6
Sebby
10 9 10 9 10
10
Dan
9 8 9 9 7
9
\end{verbatim}
Se consideră următoarea secvenţă de program:
\begin{verbatim}
Limbajul C++/C
ifstream f(""date.in""); | FILE *f; f= fopen(""date.in"",""r"");
struct materie
{ char nume[51]; unsigned note[6];
    float teza;
} clasa[30];
float s; int i,j;
s=0;
for (j=1;j<=3;j++)
{ f>>clasa[j].nume; | fscanf(f,""%s"",clasa[j].nume);
    for (i=1;i<= 5;i++)
            { f>>clasa[j].note[i]; | fscanf(f,""%d"",&clasa[j].note[i]);
                s=s+clasa[j].note[i];
            }
                f>>clasa[j].teza; | fscanf(f,""%f"",&clasa[j].teza);
}
    s=s-71;
    cout<<(3*s+5*clasa[2].teza)/20; | printf(""%f"",(3*s+5*clasa[2].teza)/20);
    f.close(); | fclose(f);
\end{verbatim}
\begin{verbatim}
Limbajul Pascal
type sir=array [1..6] of byte;
    materie=record
        nume: string[50];
        note: sir; teza: real
    end;
var clasa:array [1..30] of materie;
    s:real; i,j:integer; f:text;
assign(f,'date.in'); reset(f);
s:=0;
for j:=1 to 3 do
    begin
        readln(f,clasa[j].nume);
        for i:=1 to 5 do
        begin
            read(f,clasa[j].note[i]);
            s:=s+clasa[j].note[i]
        end;
        readln(f,clasa[j].teza)
    end;
s:=s-71;
write((3*s+5*clasa[2].teza)/20);
close(f);
\end{verbatim}
În urma executării secvenței de program alăturate se afişează:","N/A","media celor trei elevi la respectiva materie","suma mediilor celor trei elevi","media lui Dan la respectiva materie","media lui Sebby la respectiva materie","cea mai mare medie dintre cele trei","cea mai mică medie dintre cele trei","N/A","N/A","N/A","N/A","N/A","N/A","N/A","N/A","N/A","N/A","N/A","N/A"
"Varianta 38","38.14.","Dual","Se consideră o parolă cu $n$ caractere ce este alcătuită din cifre dispuse în progresie aritmetică. Folosind metoda backtracking se generează șiruri de numere de lungime $n$ până la depistarea parolei respective. Se consideră următoarea secvenţă de program:
\begin{verbatim}
Limbajul C++/C
void valid(int parola[10],int k,int &ev) | void valid(int parola[10], int k, int *ev)
    { ev=1; | *ev=1;
        if (k>2)
            if (...)
                ev=0; | *ev=0;
    }
Limbajul Pascal
    type sir=array [1..10] of integer;
        procedure valid(parola:sir; k:word; var ev:boolean);
        begin
            ev:= true;
            if k>2 then
                if ... then ev:= false
        end;
\end{verbatim}
Expresia corespunzătoare punctelor de suspensie din secvența de program alăturată pentru ca cifra de pe poziția $k$ ($k>2)$ să fie considerată validă și prin urmare variabila ev să primească valoarea $1$ (C++/C)/True (Pascal):","N/A","parola[k] - parola[k-1] != parola[2] - parola[1]","parola[k] - parola[k-1] != parola[k+1]- parola[k]","parola [k] <> parola[k-1]","parola[k] - parola[k-1] >= parola[2] - parola[1]","parola[k+1] - parola[k] != parola[2] - parola[1]","parola[k] == parola[2] - parola[1]","parola[k] - parola[k-1] != parola[2] - parola[1]","parola[k] - parola[k-1] != parola[k+1]- parola[k]","parola [k] <> parola[k-1]","parola[k] - parola[k-1] >= parola[2] - parola[1]","parola[k+1] - parola[k] != parola[2] - parola[1]","parola[k] == parola[2] - parola[1]","parola[k] - parola[k-1] <> parola[2] - parola[1]","parola[k] - parola[k-1] <> parola[k+1]- parola[k]","parola[k] != parola[k-1]","parola[k] - parola[k-1] >= parola[2] - parola[1]","parola[k+1] - parola[k]<> parola[2] - parola[1]","parola[k] = parola[2] - parola[1]"
"Varianta 38","38.15.","Single","Variabilele $n$ ($n \geq 2$) și $i$ memorează numere naturale şi tablou bidimensional pătratic $a$ ($n$ linii şi $n$ coloane) are valori din mulţimea ${1,2,3,4,5}$. Se consideră următoarea secvenţă de program:
Limbajul C++/C
\begin{verbatim}
for (i=n;i>= 1;i--)
    if (i!=n-i+1)
{
    a[i][n-i+1]=a[i][n-i+1]+a[i][i];
    a[i][i]=a[i][n-i+1]-a[i][i];
    a[i][n-i+1]=a[i][n-i+1]-a[i][i];
}
\end{verbatim}
Limbajul Pascal
\begin{verbatim}
for i:=n downto 1 do
    if i<>n-i+1 then
    begin
    a[i,n-i+1]:= a[i,n-i+1]+a[i,i];
    a[i,i]:= a[i,n-i+1]-a[i,i];
    a[i,n-i+1]:=a[i,n-i+1]-a[i,i]
    end;
\end{verbatim}
În urma executării secvenței de program alăturate se realizează:","N/A","interschimbarea elementelor de pe linia $i$ și coloana $n-i+1$;","egalarea valorilor de pe cele două diagonale","interschimbarea elementelor de pe cele două diagonale","înlocuirea elementelor de pe diagonala principală cu cele de pe diagonala secundară","interschimbarea elementelor de pe coloana $i$ și linia $n-i+1$","înlocuirea elementelor de pe diagonala secundară cu cele de pe diagonala principală","N/A","N/A","N/A","N/A","N/A","N/A","N/A","N/A","N/A","N/A","N/A","N/A"
"Varianta 39","39.1.","Single","Fie un șir alcătuit din 100 de elemente numere naturale (componentele șirului se citesc de la tastatură prin intermediul variabilei întregi $a$). Următoarea secvență de cod determină, în variabila întreagă $nr$, numărul tuturor elementelor din șir care memorează un număr alcătuit din cel puțin două cifre. Stabiliți expresiile care pot înlocui punctele de suspensie.
\begin{verbatim}
Limbajul C++/C
nr=100;
for(i=1;i<=100;i++)
{   cin>>a; | scanf(""%d"",&a);
    if(9>=...)
        nr=...+nr;}
\end{verbatim}
\begin{verbatim}
Limbajul Pascal
nr:=100;
for i:=1 to 100 do begin
    readln(a);
    if 9>=... then
        nr:=...nnr;
    end;
\end{verbatim}","N/A","a și i","a și -i","a și -1","a și 1","a și a","a și -a","N/A","N/A","N/A","N/A","N/A","N/A","N/A","N/A","N/A","N/A","N/A","N/A"
"Varianta 39","39.2.","Single","Variabila $i$ memorează un număr întreg, iar $s$ memorează un șir alcătuit din cel mult 20 de caractere. Rezultatul obținut, în urma rulării secvenței de mai jos, este:
\begin{verbatim}
Limbajul C++/C
strcpy(s,""VAPOARE"");
i=0;
while(i<strlen(s)-1)
{if(strchr(""AEIOU"",s[i])!=0)
    { s[i]=s[i]+1;
        strcpy(s+i+1,s+i+2);
    }
    i++;}
cout<<s; | printf(""%s"",s);
\end{verbatim}
\begin{verbatim}
Limbajul Pascal
s:='VAPOARE';
i:=1;
while i<= length(s)-1 do
begin
if pos(s[i],'AEIOU')<>0 then
    begin
        s[i]:=succ(s[i]);
        delete(s,i+1,1);
    end;
i:=i+1;
end;
write(s);
\end{verbatim}","N/A","VARE","VBPOR","VBPRF","VBPRO","VBPRE","VPRBO","N/A","N/A","N/A","N/A","N/A","N/A","N/A","N/A","N/A","N/A","N/A","N/A"
"Varianta 39","39.3.","Single","După execuția următoarei secvențe, stabiliți numărul elementelor cu valoarea 9 din tabloul unidimensional $a$.
\begin{verbatim}
Limbajul C++/C
int a[] = {0, 1, 2, 3, 0, 4, 5, 6};
int i = 0, x = 9;
do{
        a[i++] = x;
    }
while(i<6&&a[i]);
\end{verbatim}
\begin{verbatim}
Limbajul Pascal
type vector=array[1..8] of integer;
var a:vector = (0,1,2,3,0,4,5,6);
    i,x:integer;
begin
i := 1; x := 9;
repeat
    a[i]:= x; i:=i+1;
until (i>6) or (a[i]=0);
end.
\end{verbatim}","N/A","niciunul","unul","două","trei","patru","cinci","N/A","N/A","N/A","N/A","N/A","N/A","N/A","N/A","N/A","N/A","N/A","N/A"
"Varianta 39","39.4.","Single","În vederea sortării crescătoare a unui șir de valori întregi, folosind metoda bulelor (bubble sort), un program citește valorile următoare $2,40,17,1,51,34,20,63$ și le memorează într-un tablou unidimensional. După câte parcurgeri ale șirului, valoarea 40 ajunge pe locul final în tabloul unidimensional sortat crescător?","N/A","0","1","2","3","4","5","N/A","N/A","N/A","N/A","N/A","N/A","N/A","N/A","N/A","N/A","N/A","N/A"
"Varianta 39","39.5.","Dual","Într-un tablou bidimensional de dimensiuni $n \times n$, având liniile și coloanele numerotate de la 1 la n, condiţia pentru ca elementul de pe linia i și coloana j să fie situat deasupra diagonalei principale și deasupra diagonalei secundare este:","N/A","(i<=j) \&\& (i+j<n)","(i<j) \&\& (i+j<n+1)","(i<n) \&\& (i+j<n-1)","(i<j) || (i+j<n+1)","(i<=j) \&\& (i+j<=n+1)","i<n+j","(i<=j) \&\& (i+j<n)","(i<j) \&\& (i+j<n+1)","(i<n) \&\& (i+j<n-1)","(i<j) || (i+j<n+1)","(i<=j) \&\& (i+j<=n+1)","i<n+j","(i<=j) AND (i+j<n)","(i<j) AND (i+j<n+1)","(i<n) AND (i+j<n-1)","(i<j) OR (i+j<n+1)","(i<=j) AND (i+j<=n+1)","i<n+j"
"Varianta 39","39.6.","Single","Se consideră un graf neorientat cu 8 noduri şi 28 de muchii. Indicaţi numărul minim de muchii care pot fi eliminate, astfel încât graful parţial obţinut să conțină două componente conexe, cu cel puțin două noduri fiecare.","N/A","4","6","8","10","12","16","N/A","N/A","N/A","N/A","N/A","N/A","N/A","N/A","N/A","N/A","N/A","N/A"
"Varianta 39","39.7.","Dual","Variabilele $\mathbf{x}$, $\mathbf{y}$ și $\mathbf{z}$ sunt de tip întreg și memorează numere naturale din intervalul [$1, 10^{3}$]. Indicați o expresie care are valoarea 1 în C++/C sau valoarea TRUE în Pascal, dacă și numai dacă valoarea variabilei $\mathbf{x}$ este strict mai mare decât valoarea oricăreia dintre variabilele y și z.","N/A","x*y>y*z \&\& x*z>y*z","x*z>x*y \&\& y*z>y*x","y*z>x*z \&\& y*x>z*","y*z>y*x \&\& y*z>z*x","x*y>y*z || x*z>y*z","y*z>y*x || y*z>z*x","x*y>y*z \&\& x*z>y*z","x*z>x*y \&\& y*z>y*x","y*z>x*z \&\& y*x>z*","y*z>y*x \&\& y*z>z*x","x*y>y*z || x*z>y*z","y*z>y*x || y*z>z*x","(x*y>y*z) AND (x*z>y*z)","(x*z>x*y) AND (y*z>y*x)","(y*z>x*z) AND (y*x>z*x)","(y*z>y*x) AND (y*z>z*x)","(x*y>y*z) OR (x*z>y*z)","(y*z>y*x) OR (y*z>z*x)"
"Varianta 39","39.8.","Dual","O variabilă întreagă $\mathbf{x}$ conține cel mai mic număr natural nenul, multiplu de 36, divizibil cu toate numerele prime mai mici decât 10. Indicați o expresie care are valoarea 1 în C++/C sau valoarea TRUE în Pascal.","N/A","(x<1000) \&\& (x \% 27==0)","(x>1000) \&\& ((x*x*x) \% 1000==0)","((x*x) / 16) \% 2==0","(x \% 100==0) || (x / 100==0)","(x \% 9==0) \&\& (x \% 25==0)","(x!=1260) || (x<1200)","(x<1000) \&\& (x \% 27==0)","(x>1000) \&\& ((x*x*x) \% 1000==0)","((x*x) / 16) \% 2==0","(x \% 100==0) || (x / 100==0)","(x \% 9==0) \&\& (x \% 25==0)","(x!=1260) || (x<1200)","(x<1000) AND (x MOD 27=0)","(x>1000) AND ((x*x*x) MOD 1000=0)","((x*x) DIV 16) MOD 2=0","(x MOD 100=0) OR (x DIV 100=0)","(x MOD 9=0) AND (x MOD 25=0)","(x<>1260) OR (x<1200)"
"Varianta 39","39.9.","Single","Știind că variabila $\mathbf{n}$ reține un număr întreg strict pozitiv, indicați semnificația valorii variabilei întregi $\mathbf{x}$ după execuția următoarei secvențe:
\begin{verbatim}
Limbajul C++/C
x=1 ;
while(n>1)
{
    n=n/2; x++;
}
cout<<x; | printf(""%d"",x);
\end{verbatim}
\begin{verbatim}
Limbajul Pascal
x:=1;
while n>1 do
    begin
        n:=n div 2;
        x:=x+1;
    end;
write(x);
\end{verbatim}
Notație: [a] este partea întreagă a numarului real $a$","N/A","suma puterilor din descompunerea în factori primi a numărului $n$","puterea la care apare 2 în descompunerea în factori primi a numărului $n$","numărul divizorilor pozitivi ai lui $n$","$[\log _{2} n]-1$","$[\log _{2} n]$","$[\log _{2} n]+1$","N/A","N/A","N/A","N/A","N/A","N/A","N/A","N/A","N/A","N/A","N/A","N/A"
"Varianta 39","39.10.","Single","Fie $\mathbf{f}$ și $\mathbf{g}$ două subprograme având următoarele definiții. Precizați valoarea returnată de apelul $g(6)$.
\begin{verbatim}
Limbajul C++/C
int f(int x) {
    if (x%2==0)
            return f(x/2);
        else return x;
}
int g(int x) {
    if(x<1) return 1;
        else return f(x*g(x-1));
}
\end{verbatim}
\begin{verbatim}
Limbajul Pascal
function f(x:integer):integer;
begin
    if x mod 2=0 then f:=f(x div 2)
    else f:= x;
end;
function g(x:integer):integer;
begin
    if x<1 then g:=1
    else g:=f(x*g(x-1));
end;
\end{verbatim}","N/A","3","9","30","45","210","315","N/A","N/A","N/A","N/A","N/A","N/A","N/A","N/A","N/A","N/A","N/A","N/A"
"Varianta 39","39.11.","Single","Un graf neorientat este eulerian dacă:","N/A","este conex și conține cel puțin un ciclu","este conex și nu conține cicluri elementare","este conex și suma elementelor de pe fiecare coloană a matricei de adiacență este număr par","matricea de adiacență este simetrică față de diagonala principală","conține cel puțin un ciclu hamiltonian","conține un singur ciclu elementar","N/A","N/A","N/A","N/A","N/A","N/A","N/A","N/A","N/A","N/A","N/A","N/A"
"Varianta 39","39.12.","Single","În urma executării următorului program, valorile afișate pe ecran sunt:
\begin{verbatim}
Limbajul C++
#include <iostream>
using namespace std;
int x,y;
void g(int &a,int &b)
{a=a+5; b=b+a;}
int main()
{ x=1; y=2;
g(y, x);
cout<<x<<"" ""<<y;
cout<<"" "";
g(y, x);
cout<<x<<"" ""<<y;
return 0;
}
\end{verbatim}
\begin{verbatim}
Limbajul C
#include <stdio.h>
int x, y;
void g(int *a, int *b)
{*a=*a+5;
*b=*b+*a; }
int main()
{ x=1; y=2; g(&y, &x);
printf(""%d %d"",x,y);
printf("" "");
g(&y,&x);
printf(""%d %d"",x,y);
return 0;}
\end{verbatim}
\begin{verbatim}
Limbajul Pascal
var x, y:integer;
procedure g(var a,b: integer);
begin
a:=a+5;
b:=b+a;
end;
begin
x:=1; y:=2;
g(y,x);
write (x,' ',y);
write(' ');
g(y,x);
write (x,' ',y);
end.
\end{verbatim}","N/A","8 7 20 12","8 7 12 20","7 8 12 20","7 8 20 12","12 20 7 8","12 20 8 7","N/A","N/A","N/A","N/A","N/A","N/A","N/A","N/A","N/A","N/A","N/A","N/A"
"Varianta 39","39.13.","Single","Precizați numărul de șiruri distincte formate din exact o literă $A$, două litere $B$, trei litere $C$ și patru litere $D$.","N/A","2500","3600","7560","10300","12600","151200","N/A","N/A","N/A","N/A","N/A","N/A","N/A","N/A","N/A","N/A","N/A","N/A"
"Varianta 39","39.14.","Single","Fie arborele cu 8 noduri și cu muchiile $[1,2]$, $[1,3]$, $[1,4]$, $[4,5]$, $[6,4]$, $[1,8]$, $[4,7]$. Câți vectori de tați distincți se pot construi pentru acest arbore? Doi vectori de tați sunt distincți dacă există cel puțin o poziție pentru care elementele din respectivele poziții sunt distincte.","N/A","7","8","28","36","8","40320","N/A","N/A","N/A","N/A","N/A","N/A","N/A","N/A","N/A","N/A","N/A","N/A"
"Varianta 39","39.15.","Single","Stabiliți rezultatul execuției secvenței de mai jos, unde variabilele $\mathbf{x}$ și $\mathbf{b}$ rețin numere naturale cunoscute ($1 \leq x \leq 1000$, $1<b \leq 10$), iar $s$ este o variabilă întreagă:
\begin{verbatim}
Limbajul C++/C
s=0;
while (x>0)
{
    s=s+ x % b;
    x=x / b;
}
if (s % (b-1)==0)
    cout<<""da""; | printf(""da"");
else
    cout<<""nu""; | printf(""nu"");
\end{verbatim}
\begin{verbatim}
Limbajul Pascal
s:=0;
while x>0 do
begin
    s:=s+ x mod b;
    x:=x div b;
end;
if s mod (b-1)=0 then
    write('da')
else
    write('nu');
\end{verbatim}","N/A","verifică dacă suma cifrelor reprezentării în baza $b-1$ a numărului $x$ este divizibilă cu $b-1$","verifică dacă numărul $x$ este divizibil cu $b-1$","verifică dacă suma cifrelor reprezentării în baza $b$ a numărului $x$ este divizibilă cu $b$","verifică dacă numărul $x$ este divizibil cu $b$","verifică dacă suma cifrelor lui $x$ este divizibilă cu $b-1$","niciuna dintre variantele anterioare","N/A","N/A","N/A","N/A","N/A","N/A","N/A","N/A","N/A","N/A","N/A","N/A"
"Varianta 40","40.1.","Single","Se consideră subprogramul $\mathbf{f}$ având definiția următoare. Stabiliți valoarea variabilei $n$ de tip întreg știind că, la apelul $f(n)$, subprogramul returnează valoarea 2014 ?
\begin{verbatim}
Limbajul C++/C
int f(int x)
{   if (x>=5)
        return f(x-1)+x;
    return 2*x;
}
\end{verbatim}
\begin{verbatim}
Limbajul Pascal
function f(x:integer):integer;
begin
    if x<5 then f:=2*x
    else f:=f(x-1)+x;
end;
\end{verbatim}","N/A","16","30","62","63","88","100","N/A","N/A","N/A","N/A","N/A","N/A","N/A","N/A","N/A","N/A","N/A","N/A"
"Varianta 40","40.2.","Single","În următoarea secvenţă de program, variabilele $\mathbf{k}$, $\mathbf{i}$ şi $\mathbf{j}$ sunt de tip întreg, iar variabila $A$ memorează un tablou bidimensional cu 7 linii şi 7 coloane (numerotate de la 1 la 7 ) cu elemente de tip întreg. Precizați care este cea mai mare valoare memorată în matricea $A$ la finalul executării secvenței?
\begin{verbatim}
Limbajul C++/C
k=1;
for(i=1;i<=7;i++)
    for(j=1;j<=7;j++)
        { A[i][j]=k++;
            A[i][8-j]=k;}
\end{verbatim}
\begin{verbatim}
Limbajul Pascal
k:=1;
for i:=1 to 7 do
    for j:=1 to 7 do
        begin
            A[i][j]:=k; k:=k+1;
            A[i][8-j]:=k;
        end;
\end{verbatim}","N/A","0","7","10","37","50","51","N/A","N/A","N/A","N/A","N/A","N/A","N/A","N/A","N/A","N/A","N/A","N/A"
"Varianta 40","40.3.","Single","Se consideră următoarea secvență de cod. Identificați ce se va afișa dacă de la tastatură se vor introduce, în ordine, șirurile de caractere student, carte și birou:
\begin{verbatim}
Limbajul C++/C Limbajul Pascal
char a[256], b[256]; int i;
strcpy(b, """");
for(i=0;i<3;i++)
{   cin>>a; | scanf(""%s"",a);
    strcat(b, a+i);
}
cout<<b; | printf(""%s"",b);
Limbajul Pascal
var a,b:string; i:integer;
begin
b:='';
for i:=0 to 2 do
begin
    readln(a);
    b:=b+copy(a,i+1,length(a));
end;
write(b);
end.
\end{verbatim}","N/A","scb","studencartbiro","studentarterou","studentcartbir","tudenartiro","tudentrteou","N/A","N/A","N/A","N/A","N/A","N/A","N/A","N/A","N/A","N/A","N/A","N/A"
"Varianta 40","40.4.","Single","Se consideră definite trei variabile întregi $\mathbf{x}$, $\mathbf{y}$ și $\mathbf{z}$ și următoarele două expresii. Stabiliți afirmația adevărată.
\begin{verbatim}
Limbajul C++/C
p=!((x == y)&&(x == z));
q=(x!=y)||(x!=z);
\end{verbatim}
\begin{verbatim}
Limbajul Pascal
p:=NOT((x = y) AND (x = z));
q:=(x<>y) OR (x<>z);
\end{verbatim}","N/A","p egal cu q dacă și numai dacă x egal cu y","p egal cu q dacă și numai dacă x egal cu z","oricare ar fi x, y, z, p este diferit de q","oricare ar fi x, y, z, p este egal cu q","există x, y, z astfel încât p diferit de q","niciuna dintre variantele anterioare","N/A","N/A","N/A","N/A","N/A","N/A","N/A","N/A","N/A","N/A","N/A","N/A"
"Varianta 40","40.5.","Single","Subprogramul $f$ primeşte prin intermediul parametrului $n$ un număr natural şi returnează numărul maxim de cifre consecutive situate pe poziții alăturate în scrierea numărului $n$. De exemplu, la apelul $f(23523455)$, subprogramul returnează numărul 4. Determinați numărul de valori distincte $n$ cu exact 4 cifre pentru care expresia $f(n)$ are valoarea 3.","N/A","63","121","130","152","160","181","N/A","N/A","N/A","N/A","N/A","N/A","N/A","N/A","N/A","N/A","N/A","N/A"
"Varianta 40","40.6.","Single","Un tip de date întreg pe $n$ biți ($n>1$, număr natural) va putea reține valori întregi din intervalul:","N/A","$\left[-2^{n-1}, 2^{n-1}-1\right]$","$\left[-2^{n}, 2^{n}-1\right]$","$\left[-2^{n}, 2^{n}\right]$","$\left[0,2^{n-1}\right]$","$\left[0,2^{n}\right]$","$\left[0,2^{n-1}-1\right]$","N/A","N/A","N/A","N/A","N/A","N/A","N/A","N/A","N/A","N/A","N/A","N/A"
"Varianta 40","40.7.","Single","Precizați valoarea afișată în urma executării secvenței de program:
\begin{verbatim}
Limbajul C++/C
int i, p=16;
while(1)
{ if (i=5) break;
    p+=i;
    i+=2; }
cout<<p; | printf(""%d"",p);
\end{verbatim}
\begin{verbatim}
Limbajul Pascal
var i, p:integer;
begin
p:=16; i:=1;
while TRUE do
    begin
        if i=1 then break;
        p:=p+i;
            i:=i+2;
        end;
write(p);
end.
\end{verbatim}","N/A","10","16","17","20","24","instrucțiunea while rulează la infinit","N/A","N/A","N/A","N/A","N/A","N/A","N/A","N/A","N/A","N/A","N/A","N/A"
"Varianta 40","40.8.","Single","Se consideră un tablou unidimensional $a$ în care elementele sunt, în ordine: $1,3,5,7,10,16,21$. Pentru a afla poziția pe care se află valoarea $\mathbf{x}=10$ în tablou, se aplică metoda căutării binare. Identificați succesiunea corectă de elemente a căror valoare se compară cu valoarea $\mathbf{x}$.","N/A","21,16,10","7,16,10","1,3,5,7,10","5,7,10","7,10","10","N/A","N/A","N/A","N/A","N/A","N/A","N/A","N/A","N/A","N/A","N/A","N/A"
"Varianta 40","40.9.","Single","Un tablou bidimensional cu 8 linii, format doar din elemente 0 și 1, are următoarele proprietăți:
Prima linie conține un singur element cu valoarea 1;
Linia $\mathbf{j}$ conține de două ori mai multe valori nenule decât linia $j-1$, $2 \leq j \leq 8$; Ultima linie conține un singur element cu valoare 0.
Determinați numărul total de elemente cu valoare $\mathbf{0}$ din tabloul bidimensional.","N/A","528","600","688","769","777","Nu există un tablou bidimensional cu aceste proprietăți","N/A","N/A","N/A","N/A","N/A","N/A","N/A","N/A","N/A","N/A","N/A","N/A"
"Varianta 40","40.10.","Single","Tabloul unidimensional $A$ conţine, începând cu indicele 1, elementele: (1, 2, 2, 212 , 12212, 21212212, 1221221212212,...). Stabiliți numărul de cifre de 2 conținute de cel de-al 15-lea element al tabloului?","N/A","377","391","400","520","588","610","N/A","N/A","N/A","N/A","N/A","N/A","N/A","N/A","N/A","N/A","N/A","N/A"
"Varianta 40","40.11.","Single","Matricea de adiacenţă asociată unui graf neorientat cu 17 noduri are 40 elemente nenule. Numărul maxim de componente conexe în graf este:","N/A","9","10","11","12","13","14","N/A","N/A","N/A","N/A","N/A","N/A","N/A","N/A","N/A","N/A","N/A","N/A"
"Varianta 40","40.12.","Single","Fie un număr $a$ care aparține intervalului $[410,681]$. Pentru a verifica dacă $a$ este prim, numărul minim de numere care trebuie testate pentru a fi divizori ai lui $a$ este:","N/A","10","13","25","205","339","640","N/A","N/A","N/A","N/A","N/A","N/A","N/A","N/A","N/A","N/A","N/A","N/A"
"Varianta 40","40.13.","Single","Utilizând metoda backtracking se generează toate permutările mulțimii ${1,2,3,4,5}$ în ordine lexicografică. Primele cinci soluții generate sunt 12345, 12354, 12435, 12453, 12534. Spunem că o permutare $p$ a mulțimii ${1,2,3,4,5}$ are numărul de ordine $\mathbf{k}$, dacă este a k-a permutare generată astfel. Permutarea 12354 are numărul de ordine 2, iar permutarea 12534 are numărul de ordine 5. Precizați numărul de ordine al permutării 51423.","N/A","98","99","100","101","110","111","N/A","N/A","N/A","N/A","N/A","N/A","N/A","N/A","N/A","N/A","N/A","N/A"
"Varianta 40","40.14.","Single","Variabilele $\mathbf{m}$ și $\mathbf{n}$ rețin valori numere natural nenule. Precizați ce execută secvența de cod de mai jos, unde $c$, $d$ și $x$ sunt variabile întregi.
\begin{verbatim}
Limbajul C++/C
c=m; d=n;
while (c!=d)
    if (c>d) c=c-d;
    else d=d-c;
x=m*n/c;
cout<<x; | printf(""%d"",x);
\end{verbatim}
\begin{verbatim}
Limbajul Pascal
c:=m; d:=n;
while c<>d do
    if c>d then c:=c-d
    else d:=d-c;
x:=m*n div c;
write(x);
\end{verbatim}
A. Calculează și afișează cel mai mic multiplu comun al numerelor natuale nenule $m$ și $n$
B. Dacă $m=9$ și $n=12$, atunci afișează $x=36$
C. Dacă $m=11$ și $n=6$, atunci afișează $x=17$","N/A","A","A, B","A, B, C","B","B, C","C","N/A","N/A","N/A","N/A","N/A","N/A","N/A","N/A","N/A","N/A","N/A","N/A"
"Varianta 40","40.15.","Single","Determinați numărul de grafuri neorientate cu mulţimea nodurilor ${1,2,3,4,5,6,7,8}$ în care, atât nodurile 2 și 3, cât și nodurile 2 și 4 sunt neadiacente.","N/A","$4^{4}$","$4^{10}$","$2^{23}$","$2^{24}-2$","$2^{25}$","$4^{13}$","N/A","N/A","N/A","N/A","N/A","N/A","N/A","N/A","N/A","N/A","N/A","N/A"
"Varianta 41","41.1.","Single","Numim graf complementar al unui graf neorientat $\mathbf{G}$ graful neorientat $\mathbf{G}_{1}$ cu aceeaşi mulţime a nodurilor ca şi $\mathbf{G}$ şi cu proprietatea că două noduri sunt adiacente în $\mathbf{G}_{1}$ dacă şi numai dacă nu sunt adiacente în $\mathbf{G}$. Dacă $\mathbf{G}$ are $\mathbf{n}$ noduri şi $m$ muchii, câte muchii are $\mathbf{G}_{1}$ ?","N/A","exact $n(n-1)/2-m$","exact $n-m$","exact ($n-1)/2$","minimum $n(n-1)/2-m$","minimum $n-m$","maximum $n(n-1)/2-m$","N/A","N/A","N/A","N/A","N/A","N/A","N/A","N/A","N/A","N/A","N/A","N/A"
"Varianta 41","41.2.","Dual","Cu ce expresie trebuie completată secvența lipsă (marcată prin ...) din funcția următoare pentru ca $f(x,2)$ să aibă ca rezultat suma exponenților factorilor primi ce intră în descompunerea lui $\mathbf{x}$ ?
\begin{verbatim}
Limbajul C++/C
int f(int x, int d)
{
    if(...) return 1;
    if(x%d==0) return 1+f(x/d,d);
    return f(x, d+1);
}
\end{verbatim}
\begin{verbatim}
Limbajul Pascal
function f(x,d:integer):integer;
begin
    if ... then f:=1
    else
        if x mod d=0
            then f:= 1+f(x div d, d);
        else f:=f(x, d+1);
    end;
\end{verbatim}","N/A","$x==1$","$x==0$","$x<d/2$","$x<d$","$x>d$","$x<=d$","$x==1$","$x==0$","$x<d/2$","$x<d$","$x>d$","$x<=d$","$x=1$","$x=0$","$x<d/2$","$x<d$","$x>d$","$x<=d$"
"Varianta 41","41.3.","Single","Instrucțiunea care afişează cea mai din stânga poziţie unde se află valoarea întreagă $\mathbf{x}$, sau afişează $-1$, dacă $\mathbf{x}$ nu apare în tabloul unidimensional $a$ cu $n$ elemente numere întregi, este:
\begin{verbatim}
Limbajul C++/C
1) for(i=0;i<n&&a[i]==x;i++)
        if (i<n) cout<<i; | printf(""%d"",i);
        else cout<<-1; | printf(""-1"");
2) for(i=0;i<n&&a[i]!=x;i++);
        if (i==n) cout<<i; | printf(""%d"",i);
        else cout<<-1; | printf(""-1"");
3) for(i=0;i<n&&a[i]==x;i++)
        if (i==n) cout<<i; | printf(""%d"",i);
        else cout<<-1; | printf(""-1"");
4)
for(i=0;i<n&&a[i]!=x;i++);
    if (i<n) cout<<i; | printf(""%d"",i);
    else cout<<-1; | printf(""-1"");
5)
for(i=0;i==n&&a[i]!=x;i++);
    if (i==n) cout<<i; | printf(""%d"",i);
    else cout<<-1; | printf(""-1"");
6) for (i=0;i<n;i++)
    if (a[i]==x)cout<<i; | printf(""%d"",i);
    else cout<<-1; | printf(""-1"");
\end{verbatim}
\begin{verbatim}
Limbajul Pascal
1) i:=0;
while (i<n) and(a[i]=x) do
begin
    if(i<n) then write(i)
    else write(-1);
    i:=i+1; end;
2) i:=0;
while (i<n) and (a[i]<>x) do
    i:=i+1;
    if i=n then write(i)
    else write(-1);
3) i:=0;
while (i<n) and (a[i]=x) do
begin
    if i=n then write(i)
    else write(-1);
    i:=i+1; end;
4) i:=0;
while (i<n) and (a[i]<>x) do
    i:=i+1;
    if i < n then write( i)
    else write(-1);
5) i:=0;
while (i=n) and (a[i]<>x) do
    i:=i+1;
    if i=n then write(i)
    else write(-1);
6) for i:= 0 to n-1 do
    if a[i] = x then write(i)
    else write(-1);
\end{verbatim}","N/A","1","2","3","4","5","6","N/A","N/A","N/A","N/A","N/A","N/A","N/A","N/A","N/A","N/A","N/A","N/A"
"Varianta 41","41.4.","Single","Apelul $F(7)$ returnează:
\begin{verbatim}
Limbajul C++/C
int F(int N)
{ if (N==0) return 1;
return F(N-1) + F(N-1);
}
Limbajul Pascal
function F(N:integer):integer;
begin
if N=0 then F:=1
    else F:= F(N-1) + F(N-1);
end;
\end{verbatim}","N/A","60","64","120","128","240","256","N/A","N/A","N/A","N/A","N/A","N/A","N/A","N/A","N/A","N/A","N/A","N/A"
"Varianta 41","41.5.","Single","Se consideră un șir de caractere $s$. Stabiliți rezultatul afișării pe ecran, în urma executării următoarei secvențe de program:
\begin{verbatim}
Limbajul C++/C
char
s[15]=""ABCDEFG"",*p,x[15];
p=s;
p+=4;
strcpy (x,s+2);
strcat(x,p);
cout<<x; | printf(""%s"",x);
\end{verbatim}
\begin{verbatim}
Limbajul Pascal
var s,p,x:string;
begin
s:='ABCDEFG'; p:=s;
p:=copy(p, 5, length(s));
x:=copy (s, 3, length(s));
x:=x+p;
write(x);
end.
\end{verbatim}","N/A","ABCEFG","BCDEFGDEFG","CDEFGEFG","CDEFGABCD","DEFGDEFG","EFGEFG","N/A","N/A","N/A","N/A","N/A","N/A","N/A","N/A","N/A","N/A","N/A","N/A"
"Varianta 41","41.6.","Single","Precizați care dintre următoarele expresii are valoarea $1 \mid TRUE$ dacă și numai dacă numărul natural $n$ este divizibil cu 3 și are ultima cifră 4 sau 6.
\begin{verbatim}
Limbajul C++/C
A. n/3==0&&(n%10==4||n%10==6)
B. n%3==0&&(n%10==4||n%10==6)
C. (n%3==0&&n%10==4)||(n%3==0&&n%10==6)
D. (n%3==0&&n%10==4)||n%10==6
\end{verbatim}
\begin{verbatim}
Limbajul Pascal
A. (n DIV 3=0) AND ( (n MOD 10=4) OR (n MOD 10=6))
B. (n MOD 3=0)AND ((n MOD 10=4) OR (n MOD 10=6))
C. ((n MOD 3=0) AND (n MOD 10=4)) OR((n MOD 3=0) AND (n MOD 10=6))
D. ( (n MOD 3=0) AND (n MOD 10=4)) OR (n MOD 10=6)
\end{verbatim}","N/A","A","B","A, B","B, C","B, D","D","N/A","N/A","N/A","N/A","N/A","N/A","N/A","N/A","N/A","N/A","N/A","N/A"
"Varianta 41","41.7.","Single","Se generează în ordine lexicografică toate tripletele vocală-consoană-vocală formate cu literele mari A,B,C,D,E: ABA,ABE, ACA, ACE, ADA, ADE, EBA, EBE, ECA, ECE, EDA, EDE. Dacă se generează, folosind aceeași metodă și aceleași litere, toate tripletele consoană-vocală-consoană, stabiliți care dintre următoarele variante este o secvență de triplete generate unul imediat după celălalt:","N/A","ACE ADA ADE","BEC BED CAB","BEC CEC DEC","CEA CEB CEC","DAC DAB DEB","DAD DAC DAB","N/A","N/A","N/A","N/A","N/A","N/A","N/A","N/A","N/A","N/A","N/A","N/A"
"Varianta 41","41.8.","Single","Se consideră numerele naturale $m$ și $n$ ($0 \leq m \leq 10$, $0 \leq n \leq 10)$ și subprogramul Ack(m, n), care calculează valoarea funcției Ackermann pentru valorile m și n. Precizați numărul de apeluri recursive ale subprogramului Ack pentru valorile m=1 și n=2, Ack(1,2).
\begin{verbatim}
Limbajul C++/C
int Ack(int m, int n)
{if(m==0)
    return n+1;
else
    if(m>0 && n==0)
        return Ack (m-1,1);
    else
        return Ack(m-1,Ack (m,n-1));
}
\end{verbatim}
\begin{verbatim}
Limbajul Pascal
Function
Ack(m,n:integer):integer;
begin
    if m=0 then
        Ack:=n+1
    else
        if (m>0)AND (n=0) then
            Ack:=Ack (m-1,1)
        else
            Ack:=Ack(m-1,Ack(m,n-1));
end;
\end{verbatim}","N/A","de 5 ori","de 6 ori","de 7 ori","de 8 ori","de 9 ori","de 10 ori","N/A","N/A","N/A","N/A","N/A","N/A","N/A","N/A","N/A","N/A","N/A","N/A"
"Varianta 41","41.9.","Single","Un arbore cu rădăcină are 359 de noduri numerotate de la 1 la 359. Dacă vectorul de tați al acestui arbore (vector notat cu $t$) are proprietatea că $t[i]=\left[\frac{i}{2}\right]$, pentru orice $i$ de la 1 la 359, unde [x] reprezintă partea întreagă a numărului $x$, atunci numărul de noduri care au exact un descendent direct în acest arbore este:","N/A","178","9","4","3","1","0","N/A","N/A","N/A","N/A","N/A","N/A","N/A","N/A","N/A","N/A","N/A","N/A"
"Varianta 41","41.10.","Single","Fie A un tablou unidimensional cu n elemente și subprogramul Swap care realizează interschimbarea valorilor pe care le primește. Atunci următoarea secvență de cod sortează descrescător tabloul A. Câte apeluri ale subrogramului Swap vor fi făcute dacă inițial A[i]=i pentru i=1,2, ..., n?
\begin{verbatim}
Limbajul C++/C
for (j=1;j<=n-1;j++)
    for (k=1;k<=n-j;k++)
        if (A[k]<A[k+1])
            Swap(A[k],A[k+1]);
\end{verbatim}
\begin{verbatim}
Limbajul Pascal
for j:=1 to n-1 do
    for k:=1 to n-j do
        if A[k]<A[k+1] then
            Swap(A[k],A[k+1]);
\end{verbatim}","N/A","$n/2$","$n$","$n-1$","$n(n-1)$","$n(n-1)/2$","$n*n$","N/A","N/A","N/A","N/A","N/A","N/A","N/A","N/A","N/A","N/A","N/A","N/A"
"Varianta 41","41.11.","Single","Care dintre următoarele grafuri neorientate este un graf eulerian, dar nu este hamiltonian? Grafurile sunt precizate prin $n$ numărul de noduri și mulțimea $U$ a muchiilor.","N/A","$n=3, U={[1,2],[1,3],[2,3]}$","$n=4, U={[1,2],[1,3],[2,3],[1,4],[2,4],[3,4]}$","$n=5, U={[1,3],[1,4],[3,4],[2,4],[4,5],[2,5]}$","$n=6, U={[1,2],[2,3],[3,4],[5,4],[6,5],[2,6]}$","$n=6, U={[1,2],[2,3],[3,4],[5,4],[6,5],[1,6]}$","nici unul din grafurile anterioare","N/A","N/A","N/A","N/A","N/A","N/A","N/A","N/A","N/A","N/A","N/A","N/A"
"Varianta 41","41.12.","Dual","Care este instrucțiunea echivalentă cu instrucțiunea de mai jos care să conțină o singură instrucțiune if, unde $\mathbf{x}$, $\mathbf{y}$ și $\mathbf{z}$ sunt variabile care rețin valori întregi:
Limbajul C++/C}
\begin{verbatim}
if(x>y)
    if(y>z)
        if(z>x) s=x+y+z;
            else p=x*y*z;
\end{verbatim}
Limbajul Pascal
\begin{verbatim}
if x>y then
    if y>z then
        if z>x then s:=x+y+z
            else p:=x*y*z;
\end{verbatim}","N/A","\begin{verbatim}
if (x>y && y>z)
    s=x+y+z;
else
    p=x*y*z;
\end{verbatim}","\begin{verbatim}
if (x>y && y>z)
    p=x*y*z;
\end{verbatim}","\begin{verbatim}
if(x>y || y>z)
    s=x+y+z;
\end{verbatim}","\begin{verbatim}
if(x>y && y>z)
    s=x+y+z;
\end{verbatim}","\begin{verbatim}
if(!(x>y)&& y>z)
    s=x+y+z;
else
    p=x*y*z;
\end{verbatim}","\begin{verbatim}
if(!(x>y&&y>z))
    s=x+y+z;
else
    p=x*y*z;
\end{verbatim}","\begin{verbatim}
if (x>y && y>z)
    s=x+y+z;
else
    p=x*y*z;
\end{verbatim}","\begin{verbatim}
if (x>y && y>z)
    p=x*y*z;
\end{verbatim}","\begin{verbatim}
if(x>y || y>z)
    s=x+y+z;
\end{verbatim}","\begin{verbatim}
if(x>y && y>z)
    s=x+y+z;
\end{verbatim}","\begin{verbatim}
if(!(x>y)&& y>z)
    s=x+y+z;
else
    p=x*y*z;
\end{verbatim}","\begin{verbatim}
if(!(x>y&&y>z))
    s=x+y+z;
else
    p=x*y*z;
\end{verbatim}","\begin{verbatim}
if (x>y) AND (y>z)
    then s:=x+y+z
        else
    p:=x*y*z;
\end{verbatim}","\begin{verbatim}
if (x>y) AND (y>z)
    then p:=x*y*z;
\end{verbatim}","\begin{verbatim}
if (x>y)OR(y>z)
       then
    s:=x+y+z;
\end{verbatim}","\begin{verbatim}
if (x>y)AND (y>z)
        then
    s:=x+y+z;
\end{verbatim}","\begin{verbatim}
if not(x>y) AND (y>z)
    then s:=x+y+z
        else p:=x*y*z;
\end{verbatim}","\begin{verbatim}
if not((x>y) AND (y>z))
    then s:=x+y+z
        else p:=x*y*z;
\end{verbatim}"
"Varianta 41","41.13.","Single","Dacă se doreşte căutarea unui număr într-un şir ordonat de 1000 de elemente folosind algoritmul căutării binare, atunci numărul maxim al paşilor efectuaţi (comparații) va fi:","N/A","cuprins între 1 și 6","cuprins între 7 și 12","cuprins între 13 și 18","cuprins între 450 și 500","exact 500","cuprins între 999 și 1001","N/A","N/A","N/A","N/A","N/A","N/A","N/A","N/A","N/A","N/A","N/A","N/A"
"Varianta 41","41.14.","Single","Precizați care dintre următoarele subprograme calculează corect cifra de control a unui număr natural asociat $\mathbf{x}$ (Cifra de control a unui număr natural se determină calculând suma cifrelor numărului, apoi suma cifrelor sumei și așa mai departe până când suma obținută reprezintă un număr cu o singură cifră).
Limbajul C++/C
A. \begin{verbatim}
int Control(int x)
    {int s;
        if (x>9){
            s=x%10+Control (x/10);
            if(s<10) return s;
            else
                return Control(s);
        }
        else return x;
    }
\end{verbatim}
B. \begin{verbatim}
int Control(int x)
{int s;
        if (x>9) {
            s=x%10+Control (x/10) ;
            if(s < 10)
                return s;
            else
                return Control(s);
            }
            return s;
    }
\end{verbatim}
C. \begin{verbatim}
int Control(int x)
{int s;
    if (x>10)
        s=x%10 + Control(x/10);
    return x;
}
\end{verbatim}
Limbajul Pascal
A. \begin{verbatim}
function Control(x:integer):integer;
var s:integer;
begin
if x>9 then
begin
    s:=x mod 10 + Control(x div 10);
    if s<10 then Control:=s
    else Control:=Control(s);
end
else Control:=x;
end;
\end{verbatim}
B. \begin{verbatim}
function Control(x:integer):integer;
var s:integer
begin
if x>9 then
begin
    s:=x mod 10 + Control(x div 10);
    if s<10 then
        Control:=s;
    else
        Control:=Control(s);
end;
Control:=s;
end;
\end{verbatim}
C. \begin{verbatim}
function Control(x:integer):integer
var s:integer;
begin
if x>10 then
    s:=x mod 10 + Control (x div 10);
Control:=x
end;
\end{verbatim}","N/A","A","A, B","B","B, C","C","niciunul","N/A","N/A","N/A","N/A","N/A","N/A","N/A","N/A","N/A","N/A","N/A","N/A"
"Varianta 41","41.15.","Single","Fie $\mathbf{G}$ un graf neorientat conex, cu mulțimea de vârfuri $V$, având proprietățile: (1) fiecare vârf are cel mult 3 vecini și (2) există un vârf $\mathbf{u} \in \mathbf{V}$ astfel încât pentru orice $\mathbf{v} \in \mathbf{V}$ avem $d(u ; v) \leq 5$, unde $d(u ; v)$ reprezintă lungimea celui mai scurt drum dintre vârfurile $u$ și v (ca număr de muchii). Care este numărul maxim de vârfuri din $\mathbf{G}$?","N/A","46","64","94","100","150","194","N/A","N/A","N/A","N/A","N/A","N/A","N/A","N/A","N/A","N/A","N/A","N/A"
"Varianta 42","42.1.","Single","Precizați valoarea afișată în urma executării secvenței de program:
\begin{verbatim}
Limbajul C++/C
int v[8] = {2,4,1,3,11,5,1,3};
int ex(int n, int m)
{
    if (n==m)
        return v[n]%2;
    else
        return ex(n, (n + m) /2) + ex((n + m)/2 + 1,m);
}
int main()
{cout<< ex (0,7); | printf(""%d"",ex(0,7));
    return 0;}
\end{verbatim}
\begin{verbatim}
Limbajul Pascal
var v:array[0..7] of integer =(2,4,1,3,11,5,1,3);
function
ex(n, m:integer):integer;
begin
if n=m
then ex:=v[n] mod 2
    else
        ex:= ex(n, (n+m) div 2) + ex((n + m) div 2 + 1, m);
end;
begin
    write(ex (0,7));
end.
\end{verbatim}","N/A","2","3","5","6","7","9","N/A","N/A","N/A","N/A","N/A","N/A","N/A","N/A","N/A","N/A","N/A","N/A"
"Varianta 42","42.2.","Single","Se consideră un șir de caractere $a$ care conține cel puțin o majusculă. Care dintre cele trei secvențe S1), S2) și S3) de mai jos afișează prima literă mare din șir?
\begin{verbatim}
Limbajul C++/C
//S1)
i = 0;
while (a[i]&&(a[i]<'A'||a[i]>'Z')) i++;
cout<< a[i]; | printf(""%c"",a[i]);
//S2)
i=0;
do { i++;} while (a[i]&&!(a[i]>='A'&& a[i]<= 'Z'));
cout<<a[i]; | printf(""%c"",a[i]);
//S3)
for(i=0;a[i]&& a[i]>='A'&&a[i]<='Z';i++)
cout<<a[i]; | printf(""%c"",a[i]);
\end{verbatim}
\begin{verbatim}
Limbajul Pascal
//S1)
i:=1;
while (i<=length(a)) and ((a[i]<'A') or (a[i] >'Z')) do i:=i+1;
write(a[i]);
//S2)
i:=1;
repeat i:=i+1;
until not((i<=length(a)) and ((a[i]<'A') or (a[i] >'Z')));
write(a[i]);
//S3
i:= 1;
while (i<=length(a)) and ((a[i]>='A') and (a[i] <='Z')) do
begin
    write(a[i]);
    i:=i+1;
end;
\end{verbatim}","N/A","Numai S1","Numai S2","S1 şi S2","S2 şi S3","Numai S3","Niciuna","N/A","N/A","N/A","N/A","N/A","N/A","N/A","N/A","N/A","N/A","N/A","N/A"
"Varianta 42","42.3.","Single","Ce se va afişa în urma executării secvenței de program alăturate?
\begin{verbatim}
Limbajul C++/C
char s[]=""UN11DOI22TREI33"";
int i=0;
while(s[i]!='\0')
    if(s[i]=='1')
{s[i+1]='+';i+=2;}
    else
    if(s[i]=='2')
{s[i+1]='=';i+=2;}
    else
    if(s[i]=='3')
{strcpy(s+i,s+i+1);i++;}
    else strcpy(s+i,s+i+1);
cout<<s; | printf(""%s"",s);
\end{verbatim}
\begin{verbatim}
Limbajul Pascal
var s:string;i:integer;
begin
s:= 'UN11DOI22TREI33';
i:=1;
while i<=length(s) do
if s[i]='1' then begin
        s[i+1]:= '+' ;
        i:=i+2
        end
    else if s[i]='2' then begin
            s[i+1]:='=';
            i:=i+2
            end
    else if s[i]='3' then begin
            delete(s,i,1);
            i:=i+1
            end
    else delete(s,i,1);
write(s);
end.
\end{verbatim}","N/A","UN+DOI=TREI","UN+DOI=3","1+2=TREI","1+2=3","11+22=33","111+222=333","N/A","N/A","N/A","N/A","N/A","N/A","N/A","N/A","N/A","N/A","N/A","N/A"
"Varianta 42","42.4.","Single","Variabilele întregi $i$ şi $x$ memorează numere naturale. Tabloul unidimensional $v$ conţine numerele naturale $0,1,2,0,4,5,6$. Numărul de elemente cu valoarea 10 din $v$, după rularea secvenței de mai jos este?
\begin{verbatim}
Limbajul C++/C
i=0; x=10;
    do
    {
        v[i++]=x;
    } while (i < 6 && v[i]);
\end{verbatim}
\begin{verbatim}
Limbajul Pascal
i:=0; x:=10;
repeat
v[i]:=x; i:=i+1;
until not ((i < 6) and(v[i]<>0));
\end{verbatim}","N/A","zero","unul","două","trei","cinci","șapte","N/A","N/A","N/A","N/A","N/A","N/A","N/A","N/A","N/A","N/A","N/A","N/A"
"Varianta 42","42.5.","Single","Se consideră următorea secvență. Stabiliți ce se afișează în urma rulării?
\begin{verbatim}
Limbajul C++/C
#include <iostream>
using namespace std;
int main()
{
int l,lmax,umax,i,n,v[100];
cin>>n; | scanf(""%d"",&n);
for(i=1;i<=n;i++)
    cin>>v[i]; | scanf(""%d"",&v[i]);
l=lmax=1;
for(i=2;i<=n;i++)
    if(v[i]%2+v[i-1]%2==1) l++;
        else {
            if(l>lmax)
                {lmax=l;
                umax=i-1;}
                l=1;
            }
if(l>lmax)
        {lmax=l;umax=n;}
for(i=umax-lmax+1;i<=umax;i++)
    cout<<v[i]<<' '; | printf(""%d"",v[i]);
return 0;
}
\end{verbatim}
\begin{verbatim}
Limbajul Pascal
var v:array[1..100] of integer
    l,lmax,umax,i,n:integer;
begin
readln(n);
for i:=1 to n do
    readln(v[i]);
l:=1; lmax:=1;
for i:=2 to n do
    if v[i] mod 2 + v[i-1] mod 2 = 1 then
        l:=l+1;
    else
    begin
        if l>lmax then
        begin
            lmax:=1;
            umax:=i-1;
        end;
        l:=1;
    end;
    if l>lmax then begin
        lmax:=1; umax:=n
    end;
    for i:=umax-lmax+1 to umax do 
        write(v[i],' '); end.
\end{verbatim}","N/A","Cea mai lungă secvență de valori de aceeași paritate","Cea mai scurtă secvență de valori distincte","Cea mai lungă secvență de valori egale","Cea mai lungă secvență de valori impare","Cea mai lungă secvență de valori pare","Cea mai lungă secvență de valori de parități diferite","N/A","N/A","N/A","N/A","N/A","N/A","N/A","N/A","N/A","N/A","N/A","N/A"
"Varianta 42","42.6.","Single","Se consideră un graf neorientat cu 10 vârfuri numerotate de la 1 la 10, graf cu proprietatea că există muchie între vârfurile $i$ și $j$ dacă și numai dacă $i$ și $j$ sunt numere prime între ele. Care este suma gradelor vârfurilor acestui graf?","N/A","20","30","32","50","60","62","N/A","N/A","N/A","N/A","N/A","N/A","N/A","N/A","N/A","N/A","N/A","N/A"
"Varianta 42","42.7.","Single","Numărul maxim de muchii într-un graf neorientat cu $n$ vârfuri și $p$ componente conexe ($p<n$) este:","N/A","$n*p$","$n-p+1$","$((n-p)*(n-p-1))/2$","$C^{2}{ }_{n-p}$","$C^{2}{ }_{n-p+1}$","$C^{2}{ }_{n}$","N/A","N/A","N/A","N/A","N/A","N/A","N/A","N/A","N/A","N/A","N/A","N/A"
"Varianta 42","42.8.","Single","Funcția recursivă suma trebuie definită astfel încât apelul $suma(n)$ să returneze suma pătratelor perfecte mai mici sau egale cu n. Care este expresia cu care trebuie completată definiția funcției?
\begin{verbatim}
Limbajul C++/C
long suma (int i)
{
    if(i==O) return 0;
    int j=sqrt(i);
    return ...;
}
\end{verbatim}
\begin{verbatim}
Limbajul Pascal
function suma (i:longint):longint;
var j:longint;
begin
    if i=0 then suma:=0
    else begin
        j:=trunc(sqrt(i)) ;
        suma:= ...;
    end
end;
\end{verbatim}","N/A","j*j+suma(j-1)","j*j+suma(j)","j*j+suma(j*j-1)","j+suma(j*j-1)","j+suma(j-1)","j*j+suma(j*j)","N/A","N/A","N/A","N/A","N/A","N/A","N/A","N/A","N/A","N/A","N/A","N/A"
"Varianta 42","42.9.","Single","Valoarea variabilei $n$ la finalul rulării următorului program este?
\begin{verbatim}
Limbajul C++/C
int main()
{
int v[]={0, 1, 2, 3, 4, 5, 0};
int i=0, n=0;
    do{ if (i==v[i]) n++;
        } while(i<6 && v[i++]);
return 0;
}
\end{verbatim}
\begin{verbatim}
Limbajul Pascal
var v:array[0..6] of integer=(0, 1, 2, 3, 4, 5,0);
    i,n:integer;
begin
    i:=-1; n:=0;
    repeat
        i:=i+1;
        if i=v[i] then
            n:=n+1;
    until not((i<6) and (v[i]<>0))
end.
\end{verbatim}","N/A","0","1","3","5","7","programul va intra într-un ciclu infinit","N/A","N/A","N/A","N/A","N/A","N/A","N/A","N/A","N/A","N/A","N/A","N/A"
"Varianta 42","42.10.","Single","Un arbore binar complet este un arbore cu rădăcină în care fiecare nod are exact doi fii sau niciunul. Ştiind că rădăcina se găsește pe nivelul 0, numărul maxim de noduri de pe nivelul 5 dintr-un astfel de arbore este?","N/A","15","$2^{4}$","31","$2^{5}$","50","120","N/A","N/A","N/A","N/A","N/A","N/A","N/A","N/A","N/A","N/A","N/A","N/A"
"Varianta 42","42.11.","Single","Un elev, folosind metoda backtracking, construieşte toate numerele cu cifre distincte, numere care au suma cifrelor egală cu 5 şi nu sunt divizibile cu 10. El obține, în această ordine, numerele: 104; 14; 203; 23; 302; 32; 401; 41; 5.
Folosind aceeaşi metodă, el construieşte toate numerele naturale cu cifre diferite, nedivizibile cu 10 şi cu suma cifrelor egală cu 6.
Care sunt primele patru numere pe care le construiește?","N/A","114 ; 123 ; 132 ; 141","123 ; 132 ; 15 ; 213","1023 ; 123 ; 1032 ; 132","1023 ; 1032 ; 105 ; 1203","1014 ; 105 ; 15 ; 6","1023 ; 105 ; 15 ; 6","N/A","N/A","N/A","N/A","N/A","N/A","N/A","N/A","N/A","N/A","N/A","N/A"
"Varianta 42","42.12.","Single","Căutarea unui element într-un vector sortat descrescător se realizează în mod eficient cu un algoritm care utilizează:","N/A","metoda căutării binare","metoda backtracking","sortarea crescătoare a vectorului","parcurgerea elementelor de pe poziţii pare","metoda căutării secvenţiale","parcurgerea elementelor de pe poziţii impare","N/A","N/A","N/A","N/A","N/A","N/A","N/A","N/A","N/A","N/A","N/A","N/A"
"Varianta 42","42.13.","Single","Generarea tablourilor bidimensionale pătratice de ordinul $n$, cu elemente 0 și 1, cu proprietatea că pe fiecare linie și pe fiecare coloană există un singur element egal cu 1, se poate realiza utilizând metoda backtracking. Algoritmul utilizat este echivalent cu algoritmul de generare a:","N/A","produsului cartezian","combinărilor","aranjamentelor","permutărilor","submulţimilor","partiţiilor","N/A","N/A","N/A","N/A","N/A","N/A","N/A","N/A","N/A","N/A","N/A","N/A"
"Varianta 42","42.14.","Single","Fie graful orientat $G=(V, E)$ unde $card(V)=20$ iar $E={(i, j) \mid i<j, i, j \in V}$. Numărul de componente tare conexe ale grafului $G$ este:","N/A","1","5","8","10","15","20","N/A","N/A","N/A","N/A","N/A","N/A","N/A","N/A","N/A","N/A","N/A","N/A"
"Varianta 42","42.15.","Single","Stabiliți valoarea apelului $F(11111)$.
\begin{verbatim}
Limbajul C++/C
int F(int N)
    { if (N==1) return 0;
    return 1+F(N/2);
        }
\end{verbatim}
\begin{verbatim}
Limbajul Pascal
function F(N:integer):integer;
begin
if N=1 then F:=0
else
F:=1+F(N div 2);
end;
\end{verbatim}","N/A","8","10","13","20","36","50","N/A","N/A","N/A","N/A","N/A","N/A","N/A","N/A","N/A","N/A","N/A","N/A"
"Varianta 43","43.1.","Single","Variabila $v$ reține un număr întreg. Indicați ce valoare va avea $v$ după executarea următoarei secvențe de instrucțiuni?
\begin{verbatim}
Limbajul C++/C
int v=2;
v=v*v; v=2*v+v/2;
v=v-4;
v=v%5;
Limbajul Pascal
v:=2;
v:=v*v;
v:=2*v+v div 2; v:=v-4;
v:=v mod 5;
\end{verbatim}","N/A","0","1","2","8","10","16","N/A","N/A","N/A","N/A","N/A","N/A","N/A","N/A","N/A","N/A","N/A","N/A"
"Varianta 43","43.2.","Single","Variabilele $x$ și $y$ sunt reale, iar $i$ și $j$ sunt întregi. Indicați ce valoare va avea $x$ după executarea următoarei secvențe de instrucțiuni?
\begin{verbatim}
Limbajul C++/C
x=1.5; y=2.1;
i=x; j=y+1;
x=x*y+i/j;
Limbajul Pascal
x:=1.5; y:=2.1;
i:=trunc(x);
j:=trunc(y)+1;
x:=x*y+i div j;
\end{verbatim}","N/A","2","2.15","3","3.1","3.15","3.5","N/A","N/A","N/A","N/A","N/A","N/A","N/A","N/A","N/A","N/A","N/A","N/A"
"Varianta 43","43.3.","Single","Variabilele $i$, $j$ și $k$ sunt de tip întreg. Indicați ce valoare se afișează după executarea următoarei secvențe?
\begin{verbatim}
Limbajul C++/C
i=0; j=0;
if(j) j--; else i++;
if(i) i--; else j++;
k=i+j;
cout<<k; | printf(""%d"",k);
Limbajul Pascal
i:=0; j:=0;
if j<>0 then dec(j)
        else inc(i);
if i<>0 then dec(i)
        else inc(j);
k:=i+j;
write(k);
\end{verbatim}","N/A","-3","-2","-1","0","1","2","N/A","N/A","N/A","N/A","N/A","N/A","N/A","N/A","N/A","N/A","N/A","N/A"
"Varianta 43","43.4.","Single","Variabilele $n$, $p$ și $x$ sunt de tip întreg. Indicați ce valoare se afișează după executarea următoarei secvențe?
\begin{verbatim}
Limbajul C++/C
n=25198764, p=1, x=0;
while(n)
{if(n%2)
    {p=p*10;
        x=x+n% 10*p;
    }
        n/=10;
}
cout<<x; | printf(""%d"",x);
Limbajul Pascal
n:=25198764; p:=1; x:=0;
while n<>0 do
begin
    if n mod 2<>0 then
    begin
        p:=p*10;
        x:=x+n mod 10*p
    end;
    n:=n div 10
end; 
write (x);
\end{verbatim}","N/A","2864","4682","5197","7915","51970","79150","N/A","N/A","N/A","N/A","N/A","N/A","N/A","N/A","N/A","N/A","N/A","N/A"
"Varianta 43","43.5.","Single","În secvența de mai jos toate variabilele sunt de tip întreg. Indicați ce valoare va fi afișată pentru $n=52$?
\begin{verbatim}
Limbajul C++/C
cin>>n; | scanf(""%d"",&n);
x=2;
for(i=3; i<=n;i++)
    {   x*=i;
        while(!(x%10)) x/=10;
        x%=10;
        }
cout<<x; | printf(""%d"",x);
\end{verbatim}
\begin{verbatim}
Limbajul Pascal
readln(n); x:=2;
for i:=3 to n do
    begin
        x:=x*i;
        while x mod 10=0 do
            x:=x div 10;
        x:=x mod 10
    end;
write(x);
\end{verbatim}","N/A","2","4","5","6","7","8","N/A","N/A","N/A","N/A","N/A","N/A","N/A","N/A","N/A","N/A","N/A","N/A"
"Varianta 43","43.6.","Single","Indicați ce valoare se va afișa după executarea secvenței următoare?
\begin{verbatim}
Limbajul C++/C
int v[15]={28,0,56,4,0,0,13,6,0,18,0,26,90,0,25};
int k=15, i,j;
for(i=0;i<k;i++)
    if(!v[i])
        {for(j=i;j<k-1;j++)
            v[j]=v[j+1];
        v[j]=0; k--; i--;
        }
for(i=0;i<k;i++)
        cout<<v[i]<<"" ""; | printf(""%d"",v[i]);
Limbajul Pascal
var v:array[0..14] of integer = (28,0,56,4,0,0,13,6,0,18,0,26,90,0,25);
    k,i,j:integer;
i:=0; k:=15;
while i<k do
begin
    if v[i]=0 then
        begin
            for j:=i to k-2 do
                v[j]:=v[j+1];
            v[j+1]:=0;
            dec(k);
            dec(i)
        end;
    inc(i)
end;
for i:=0 to k-1 do
    write(v[i],' ');
\end{verbatim}","N/A","4613182526285690","4613182526285690000","4613182526285690000000","2856413618269025","2856413618269025000","2856413618269025000000","N/A","N/A","N/A","N/A","N/A","N/A","N/A","N/A","N/A","N/A","N/A","N/A"
"Varianta 43","43.7.","Single","Indicați ce se va afișa după executarea secvenței de program?
\begin{verbatim}
Limbajul C++/C
int main()
{
char s[100]=""Poli-informatica"", *p;
p=strchr(s,'-');
(p+1)[0]-=32;
s[p-s]='\0';
s[0]+=32;
strcat(p+1,""-"");
strcat(p+1,s);
strcpy(s,p+1);
cout<<s; | printf(""%s"",s);
}
\end{verbatim}
\begin{verbatim}
Limbajul Pascal
var s,p:string; i:integer;
begin
s:='Poli-informatica';
i:=pos('-',s);
s[i+1]:=chr(ord(s[i+1])-32);
s[1]:chr(ord (s[1])+32);
p:=copy(s,i+1,length(s)-i);
delete(s,i,length(s)-i+1);
s:=p+'-'+s;
write(s);
end.
\end{verbatim}","N/A","INFO-POLI","Informatica-poli","informatica","info-poli","informatica-poli","poli","N/A","N/A","N/A","N/A","N/A","N/A","N/A","N/A","N/A","N/A","N/A","N/A"
"Varianta 43","43.8.","Single","Indicați ce se va afișa după executarea următoarei secvențe de program?
\begin{verbatim}
Limbajul C++/C
typedef struct
            {char *p;}S;
int main()
{   char p[10]=""abcd"";
    S S[2];
    int i;
    for(i=0;i<2;i++)
        S[i].p=p+i;
    cout<<S[1].p[0]; | printf(""%c"",S[1].p[0]);
    return 0;
}
Limbajul Pascal
type ST=record p:string
end;
var p:string;
    S:array[0..1] of ST;
    i:integer;
begin
p:='abcd';
for i:=0 to 1 do
    begin
        S[i].p:=copy (p,i+1,length(p)-i+1);
    end;
write(S[1].p[1]);
end.
\end{verbatim}","N/A","a","b","c","d","e","f","N/A","N/A","N/A","N/A","N/A","N/A","N/A","N/A","N/A","N/A","N/A","N/A"
"Varianta 43","43.9.","Single","Pentru graful orientat alăturat, indicați între care perechi de noduri există drum de lungime 5?
\includegraphics[width=0.4\linewidth]{images/2025_04_17_46e04c6acd873ea9558dg-231(8)}","images/2025_04_17_46e04c6acd873ea9558dg-231(8)","A și B","A și C","A și D","B și C","B și D","C și A","N/A","N/A","N/A","N/A","N/A","N/A","N/A","N/A","N/A","N/A","N/A","N/A"
"Varianta 43","43.10.","Single","Fie funcția recursivă de mai jos. Ce valoare va avea apelul $f(f(f(f(0))))$?
\begin{verbatim}
Limbajul C++/C
int f(int x)
{if(x<7) return f(x+2)+1;
        else return x-5;}
\end{verbatim}
\begin{verbatim}
Limbajul Pascal
function f(x:integer):integer;
begin
if x<7 then f:=f(x+2)+1
        else f:=x-5;
end;
\end{verbatim}","N/A","1","2","3","4","5","6","N/A","N/A","N/A","N/A","N/A","N/A","N/A","N/A","N/A","N/A","N/A","N/A"
"Varianta 43","43.11.","Single","Indicați ce se va afișa în urma executării următoarei secvențe?
\begin{verbatim}
Limbajul C++/C
int a[6][6]={{2,4,1,5,3},{5,1,4,2,3},{1,2,3,4,5},{5,4,3,2,1},{4,1,5,3,2}};
int i,j,k=3;
for(int m=0;m<k;++m)
{for(i=4;i>1;--i)
        for(j=0;j<5;++j)
            a[i+1][j]=a[i][j];
    for(j=0;j<5;j++)
            a[2][j]=a[5][j];
}
for(i=0;i<5;++i)
        {for(j=0;j<5;++j)
                cout<<a[i][j]<< "" ""; | printf(""%d "",a[i][j]);
            cout<<endl; | printf(""\n"");
        }

for i:=0 to 4 do
    begin
        for j:= 0 to 4 do
            write (a[i,j],' ');
        writeln
    end;
\end{verbatim}","N/A","23154
   51423
   12345
   54321
   21534","24153
   41532
   54321
   12345
   51423","24153
   51423
   12345
   54321
   41532","24153
   54321
   41532
   51423
   12345","24153
   54321
   41532
   51423
   12354","34152
   41532
   54321
   12345
   31425","N/A","N/A","N/A","N/A","N/A","N/A","N/A","N/A","N/A","N/A","N/A","N/A"
"Varianta 43","43.12.","Single","Folosind metoda backtracking, se determină în ordine crescătoare, toate numerele de 4 cifre distincte, oricare două cifre alăturate neputând fi prime. Primele 7 soluții sunt: 1024, 1026, 1028, 1029, 1034, 1036, 1038, ... Indicați care sunt cele 2 numere generate înaintea soluției 7401?","N/A","7091 7092","7195 7198","7196 7198","7297 7298","7397 7398","7916 7918","N/A","N/A","N/A","N/A","N/A","N/A","N/A","N/A","N/A","N/A","N/A","N/A"
"Varianta 43","43.13.","Single","Secvența gradelor dintr-un graf neorientat este formată din gradele tuturor nodurilor grafului, aranjate în ordine descrescătoare. Indicați care dintre următoarele secvențe nu poate fi secvență a gradelor pentru niciun graf?
I: 7,6,5,4,4,3,2,1
II: 6,6,6,6,3,3,2,2
III: 7,6,6,4,4,3,2,2
IV: 8,7,7,6,4,2,1,1","N/A","I și II","I și IV","II și IV","III și IV","doar II","doar IV","N/A","N/A","N/A","N/A","N/A","N/A","N/A","N/A","N/A","N/A","N/A","N/A"
"Varianta 43","43.14.","Single","Fie următoarele funcții recursive de mai jos. Indicați care este complexitatea timp a celor două funcții?
\begin{verbatim}
Limbajul C++/C
int f1(int n)
{if(n<=1) return 0;
    return 2*f1(n-1);
}
int f2(int n)
{ if(n<=1) return n;
        return f2(n-1)+f2(n-1);
}
Limbajul Pascal
function f1(n:integer):integer;
begin
    if n<=1 then
        f1:=0;
    f1:=2*f1(n-1)
end;
function f2(n:integer):integer;
begin
    if n<=1 then 
        f2:=n;
    f2:=f2(n-1)+f2(n-1)
end;
\end{verbatim}","N/A","$O(n^{2})$ pentru amândouă","$O(n)$ pentru f1 și $O(2^{n})$ pentru f2","$O(2^{n})$ pentru f1 și $O(n)$ pentru f2","$O(n)$ pentru amândouă","$O(3^{n})$ pentru f1","$O(3^{n})$ pentru f1 și f2","N/A","N/A","N/A","N/A","N/A","N/A","N/A","N/A","N/A","N/A","N/A","N/A"
"Varianta 43","43.15.","Single","Indicați care este complexitatea următoarei secvențe de instrucțiuni:
\begin{verbatim}
Limbajul C++/C
int n,k,p;
cin>>n>>k; | scanf(""%d%d"",&n,&k);
p=1;
while(k>0)
    if(k%2) p*=n, k--;
    else n*=n, k/=2;
\end{verbatim}
\begin{verbatim}
Limbajul Pascal
var n,k,p:integer;
readln(n,k);
p:=1;
while k>0 do
    if k mod 2<>0 then
    begin p:=p*n; dec(k)
    end
    else
    begin n:=n*n; k:=k div 2
    end;
\end{verbatim}","N/A","$O(\log _{2} k)$","$O(\log _{2} n)$","$O(k)$","$O(n)$","$O(n^{2})$","$O(k^{2})$","N/A","N/A","N/A","N/A","N/A","N/A","N/A","N/A","N/A","N/A","N/A","N/A"
"Varianta 44","44.1.","Single","Variabila $v$ reține un număr întreg. Indicați ce valoare va avea $v$ după executarea următoarei secvențe de instrucțiuni?
\begin{verbatim}
Limbajul C++/C
v=2;
v=5*v-v%3;
v=v+v/3;
Limbajul Pascal
v:=2;
v:=5*v-v mod 3;
v:=v+v div 3;
\end{verbatim}","N/A","7","8","10","11","12","16","N/A","N/A","N/A","N/A","N/A","N/A","N/A","N/A","N/A","N/A","N/A","N/A"
"Varianta 44","44.2.","Single","Variabilele $x$ și $y$ sunt reale, iar $i$ și $j$ sunt întregi. Indicați ce valoare va avea $x$ după executarea următoarei secvențe de instrucțiuni?
\begin{verbatim}
Limbajul C++/C
x=1.5; y=2.0;
i=2; j=4;
x=x*y+(float)i/j;
\end{verbatim}
\begin{verbatim}
Limbajul Pascal
x:=1.5; y:=2.0;
i:=2; j:=4;
x:=x*y+i/j;
\end{verbatim}","N/A","2.15","2.5","3.0","3.15","3.5","4.0","N/A","N/A","N/A","N/A","N/A","N/A","N/A","N/A","N/A","N/A","N/A","N/A"
"Varianta 44","44.3.","Single","Variabilele i și j sunt întregi. Indicați ce se va afișa după executarea următoarei secvențe?
\begin{verbatim}
Limbajul C++/C
i=2; j=3;
if(j) j--;
    else if(i) i++;
        else j++;
if(!j) i--;
    else if(i) j++;
        else j=0;
cout<<i+j; | printf(""%d"",i+j);
\end{verbatim}
\begin{verbatim}
Limbajul Pascal
i:=2; j:=3;
if j<>0 then dec(j)
    else if i<>0 then
            inc(i)
        else inc(j);
if not(j<>0) then inc(i)
        else if(i<>0) then
                inc(j)
            else j:=0;
write(i+j);
\end{verbatim}","N/A","0","1","2","3","4","5","N/A","N/A","N/A","N/A","N/A","N/A","N/A","N/A","N/A","N/A","N/A","N/A"
"Varianta 44","44.4.","Single","Indicați ce se va afișa după executarea următoarei secvențe de program?
\begin{verbatim}
Limbajul C++/C
int main()
{
char s[11]=""ABCDE"",aux[11];
strcat(s+2,""ABCDE"");
strcpy(aux, s+3);
strcpy(s,aux);
cout<<s[0]-s[2]; | printf(""%d"",s[0]-s[2]);
    return 0;}
\end{verbatim}
\begin{verbatim}
Limbajul Pascal
var s:string;
begin
    s:='ABCDE';
    s:=s+'ABCDE';
    delete(s,1,3);
write(ord(s[1])-ord(s[3]));
end.
\end{verbatim}","N/A","0","1","2","3","4","5","N/A","N/A","N/A","N/A","N/A","N/A","N/A","N/A","N/A","N/A","N/A","N/A"
"Varianta 44","44.5.","Single","Indicați ce se va afișa după executarea următoarei secvențe de program?
\begin{verbatim}
Limbajul C++
typedef struct
        { int S;}S;
int f(S &s)
{return --s.S;}
int main()
{   int i;
    S S={2};
    i=f(S);
    cout<<i;
    return 0;
}
\end{verbatim}
\begin{verbatim}
Limbajul C
typedef struct
{ int S;}S;
int f(S *s)
{
return --(*s).S;}
int main()
{   int i;
    S S={2};
    i=f(&S);
    printf(""%d"",i);
    return 0;
}
\end{verbatim}
\begin{verbatim}
Limbajul Pascal
type ST=record
S:integer end;
var S:ST=(S:2);
    i:integer;
function f(var s:ST) :integer;
begin
    dec(s.S); f:=s.S
end;
begin
    i:=f(S); write(i)
end.
\end{verbatim}","N/A","0","1","2","3","4","eroare de compilare","N/A","N/A","N/A","N/A","N/A","N/A","N/A","N/A","N/A","N/A","N/A","N/A"
"Varianta 44","44.6.","Dual","Indicați cu ce instrucțiune trebuie înlocuite punctele de suspensie din următoarea secvență, astfel încât aceasta să afișeze numărul de divizori pozitivi ai lui n (număr natural nenul)?
\begin{verbatim}
Limbajul C++/C
int p=1,d,e;
for(d=2;d*d<=n;++d)
{
    for(e=1;n%d==0;e++)
        n/=d;
    p*=e;
}
if(n>1) .....
cout<<p; | printf(""%d"",p);
\end{verbatim}
\begin{verbatim}
Limbajul Pascal
var p,d,e:integer;
p:=1; d:=2;
while d*d<=n do
begin
    e:=1;
        while n mod d=0 do
        begin
            n:=n div d;
            inc(e)
        end;
    p:=p*e
end;
if n>1 then ...
write(p);
\end{verbatim}","N/A","p*=2;","p*=d;","p*=d+1;","p*=e;","p*=(e+1);","p*=(d+1);","p*=2;","p*=d;","p*=d+1;","p*=e;","p*=(e+1);","p*=(d+1);","p:=p*2;","p:=p*d;","p:=p*(d+1);","p:=p*e;","p:=p*(e+1);","p:=p*(d+1);"
"Varianta 44","44.7.","Dual","Următoarea secvență afișează numărul de perechi de elemente din vectorul $v$, cu proprietatea că suma celor două elemente din pereche este divizibilă cu $k$ ($k<100$). Se numără numai perechile (v[i];v[j]) cu proprietatea enunțată care au $i<j$, unde $i$ și $j$ sunt numere naturale, $i<n$, $j<n$. Indicați cu ce expresie trebuie înlocuite punctele de suspensie.
\begin{verbatim}
Limbajul C++/C
int v[100],n,k;
cin>>n>>k; | scanf(""%d%d"",&n,&k);
for(int i = 0; i<n; ++i)
    cin>>v[i]; | scanf(""%d"",&v[i]);
int x[100]={0};
for (int i=0; i<n;i++)
    ++x[v[i]%k];
int sum = x[0]*(x[0]-1)/2;
for(int i=1; i<=k/2 && i!=(k-i); i++)
    sum += x[i]*x[k-i];
if (k % 2 == O) sum +=...;
cout<<sum; | printf(""%d"",sum);
\end{verbatim}
\begin{verbatim}
Limbajul Pascal
var n,k,i,sum:integer;
v,x:array[0..99] of integer;
begin
    readln(n,k);
    for i:=0 to n-1 do
        readln(v[i]);
    for i:=0 to n-1 do
        inc(x[v[i] mod k]);
    sum:=x[0]*(x[0]-1)div 2;
    i:=1;
    while (i<=k div 2) and (i<>(k-i)) do
        begin
            sum:=sum+x[i]*x[k-i];
            inc(i)
        end;
    if k mod 2=0 then
        sum:=sum+...;
    write(sum);
end.
\end{verbatim}","N/A","x[k]","x[n]","x[k]*x[k]","x[k]*(x[k]-1)/2","x[k/2]*(x[k/2]-1)/2","x[n]*x[n]","x[k]","x[n]","x[k]*x[k]","x[k]*(x[k]-1)/2","x[k/2]*(x[k/2]-1)/2","x[n]*x[n]","x[k]","x[n]","x[k]*x[k]","x[k]*(x[k]-1) div 2","x[k div 2]*(x[k div 2]-1) div 2","x[n]*x[n]"
"Varianta 44","44.8.","Dual","Variabilele $i$ şi $j$ sunt de tip întreg, iar variabila $a$ memorează un tablou bidimensional cu $n$ linii şi $n$ coloane, numerotate de la $0$ la $n - 1$, având iniţial toate elementele egale cu -1. Matricea se împarte în 4 cadrane astfel: \includegraphics[width=0.4\linewidth]{images/2025_04_17_46e04c6acd873ea9558dg-238.jpg}
Indicați cu ce instrucțiune trebuie înlocuite punctele de suspensie astfel încât, în urma executării secvenței obținute, tabloul $a$ să memoreze în cadranul I, doar valoarea 1, în cadranul II, doar valoarea 2, în cadranul III doar valoarea 3 iar în ultimul cadran doar valoarea 4.
\begin{verbatim}
Limbajul C++/C
for (i=0; i<n/2; i++)
    for (j=i+1; j<n-i-1; j++)
    {
        a[i][j]=1;
        ...;
        a[n-i-1][j]=3;
        a[j][i]=4;
    }
Limbajul Pascal
for i:=0 to n div 2-1 do
    for j:=i+1 to n-i-2 do
    begin
        a[i,j]:=1;
        ...;
        a[n-i-1, j]:=3;
        a[j,i]:=4;
    end;
\end{verbatim}","images/2025_04_17_46e04c6acd873ea9558dg-238.jpg","a[i][n-j]=2;","a[n-i][n-j]=2;","a[n-j-1][n-i-1]=2;","a[n-j][n-i]=2;","a[j][n-i]=2;","a[i][i]=2;","a[i][n-j]=2;","a[n-i][n-j]=2;","a[n-j-1][n-i-1]=2;","a[n-j][n-i]=2;","a[j][n-i]=2;","a[i][i]=2;","a[i, n-j]:=2;","a[n-i,n-j]:=2;","a[n-j-1,n-i-1]:=2;","a[n-j,n-i]:=2;","a[j][n-i]:=2;","a[i][i]:=2;"
"Varianta 44","44.9.","Single","Fie funcția recursivă de mai jos. Indicați ce valoare va avea apelul $f(16)$.
\begin{verbatim}
Limbajul C++/C
int f(int x)
{if(x>8)
    return f(f(x-3))+4;
else return x-5;
}
Limbajul Pascal
function f(x:integer):integer;
begin
if x>8 then
    f:=f(f(x-3))+4
else f:=x-5;
end;
\end{verbatim}","N/A","-5","-2","-1","1","2","5","N/A","N/A","N/A","N/A","N/A","N/A","N/A","N/A","N/A","N/A","N/A","N/A"
"Varianta 44","44.10.","Single","Indicați câte componente tare conexe are graful orientat $G=(V,E)$, unde $V={1,2,3,4,5,6,7,8,9,10}$, iar $E={(1,2),(1,7),(1,10),(2,6),(3,2),(3,5),(3,9),(4,3),(4,6),(5,2),(6,1),(8,7),(9,6),(9,8)}$?","N/A","6","7","8","9","10","5","N/A","N/A","N/A","N/A","N/A","N/A","N/A","N/A","N/A","N/A","N/A","N/A"
"Varianta 44","44.11.","Single","Folosind metoda backtracking, se determină în ordine lexicografică, toate cuvintele de 6 litere distincte din mulțimea ${a, e, i, o, u, b, c, d, m, n, p}$, oricare două litere alăturate neputând fi vocale. Primele 5 soluții sunt: abecid, abecim, abecin, abecip, abecod. Indicați care cuvânt este generat înaintea soluției ebacid?","N/A","mnpdb","apcdmn","apmncd","apmndc","apnmdc","ebdcpa","N/A","N/A","N/A","N/A","N/A","N/A","N/A","N/A","N/A","N/A","N/A","N/A"
"Varianta 44","44.12.","Single","Fie un graf neorientat $G$ cu 1002 noduri numerotate cu numere naturale consecutive de la 1 la 1002. Știind că oricare două noduri de aceeași paritate sunt adiacente, se cere să indicați cum trebuie modificat graful, astfel încât acesta să devină eulerian.","N/A","se elimină două muchii","se elimină o muchie și se adaugă doua muchii noi","se adaugă două muchii noi","se elimină o muchie","se adaugă trei muchii noi","se elimină trei muchii","N/A","N/A","N/A","N/A","N/A","N/A","N/A","N/A","N/A","N/A","N/A","N/A"
"Varianta 44","44.13.","Single","Fie un arbore cu rădăcină care are 5000 de noduri iar fiecare nod are maxim 4 fii. Indicați care este înălțimea minimă a arborelui?","N/A","4","5","6","7","8","9","N/A","N/A","N/A","N/A","N/A","N/A","N/A","N/A","N/A","N/A","N/A","N/A"
"Varianta 44","44.14.","Single","Indicați care este complexitatea următoarei funcții?
\begin{verbatim}
Limbajul C++/C
void f(int n)
{int i,j,nr=0;
for(i=n/2; i<=n; i++)
    for(j=n; j>=1; j/=2)
        nr++;
}
Limbajul Pascal
procedure f(n:integer);
var i,j,nr:integer;
begin
    for i:=n div 2 to n do
    begin
        j:=n;
        while j>=1 do
        begin
            inc(nr);
            j:=j div 2
        end
    end
end;
\end{verbatim}","N/A","$O(\log n)$","$O\left(n^{2}\right)$","$O\left(n^{2} \log n\right)$","$O(n \log n)$","$O(n)$","$O\left(n^{3}\right)$","N/A","N/A","N/A","N/A","N/A","N/A","N/A","N/A","N/A","N/A","N/A","N/A"
"Varianta 44","44.15.","Single","Fie $x$, $a_{0}$, $a_{1}$, $\ldots$, $a_{n}$ numere reale nenule. Indicați numărul minim de înmulțiri care este necesar pentru a calcula optim $a_{0}+a_{1}*x+a_{2}*x^{2}+a_{3}*x^{3}+\ldots+a_{n}*x^{n}$?","N/A","$n-1$","$n$","$\frac{n}{2}$","$\frac{(n+1)(n+2)}{2}$","$\mathrm{n}-2$","$\frac{(n-1)(n+1)}{2}$","N/A","N/A","N/A","N/A","N/A","N/A","N/A","N/A","N/A","N/A","N/A","N/A"
"Varianta 45","45.1.","Single","Variabilele întregi $i$, $j$, $k$ memorează numere naturale. Valoarea variabilei $k$ după rularea următoarei secvențe de instrucțiuni este?
\begin{verbatim}
Limbajul C++/ Limbajul C
i=4; j=5; k=--i*j++;
Limbajul Pascal
i:=4; j:=5; dec(i);
k:=i*j; inc(j);
\end{verbatim}","N/A","12","13","14","15","16","17","N/A","N/A","N/A","N/A","N/A","N/A","N/A","N/A","N/A","N/A","N/A","N/A"
"Varianta 45","45.2.","Single","Variabilele întregi i, j, k memorează numere naturale. Valoarea variabilei k, după rularea următoarei secvențe de instrucțiuni, este?
\begin{verbatim}
Limbajul C++/ Limbajul C
i=3; j=-3; k=i*j;
k+=j; k/=i;
Limbajul Pascal
i:=3; j:=-3; k:=i*j; k:=k+j; k:=k div i;
\end{verbatim}","N/A","-8","-6","-4","4","6","8","N/A","N/A","N/A","N/A","N/A","N/A","N/A","N/A","N/A","N/A","N/A","N/A"
"Varianta 45","45.3.","Single","Variabilele întregi i, j, k memorează numere naturale. După rularea următoarei secvențe de instrucțiuni se va afișa?
\begin{verbatim}
Limbajul C++/ Limbajul C
i=2; j=-2; if(j) i--;
if(i) j++; k=i*j;
cout<<k; | printf(""%d"",k);
Limbajul Pascal
i:=2; j:=-2;
if j<>0 then dec(i);
if(i<>0) then inc(j); k:=i*j;
write(k);
\end{verbatim}","N/A","-2","-1","0","1","2","3","N/A","N/A","N/A","N/A","N/A","N/A","N/A","N/A","N/A","N/A","N/A","N/A"
"Varianta 45","45.4.","Single","După rularea următorului program se afișează?
\begin{verbatim}
Limbajul C++
#include<iostream>
using namespace std;
int f(int &i)
{ return i++;
}
int main(){
    int i=1,j;
    j=f(i);
    cout<<i<<' '<<j;
    return 0;
}
Limbajul C
#include<stdio.h>
int f(int *i)
{
return (*i)++;
}
int main() {
    int i=1,j;
    j=f(&i);
    printf(""%d %d"",i,j);
    return 0;
}
Limbajul Pascal
var i,j:integer;
function f(var i:integer):integer;
begin
    f:= i; inc(i);
end;
begin
i:=1; j:=f(i);
write(i,' ',j);
end.
\end{verbatim}","N/A","0 2","1 1","1 2","2 1","2 2","eroare de compilare","N/A","N/A","N/A","N/A","N/A","N/A","N/A","N/A","N/A","N/A","N/A","N/A"
"Varianta 45","45.5.","Single","După rularea programului de mai jos se afișează?
\begin{verbatim}
Limbajul C++
#include<iostream>
using namespace std;
struct S
{int a[2];};
int main()
{
    S S[2]; int i;
    for(i=0;i<2;i++)
        S[i].a[1-i]=4*!i;
    cout<<S[0].a[1];
    return 0;
}
Limbajul C
#include <stdio.h>
struct S
{int a[2];};
int main() {
    struct S S[2];
    int i;
    for(i=0;i<2;i++)
        S[i].a[1-i]=4*!i;
    printf(""%d"", S[0].a[1]);
    return 0;}
Limbajul Pascal
type ST=record
a:array[0..1] of integer
end;
var S:array[0..1] of ST;
i:integer;
begin
for i:=0 to 1 do
    S[i].a[1-i]:=4*(1-i);
write(S[0].a[1]);
end.
\end{verbatim}","N/A","0","1","2","3","4","5","N/A","N/A","N/A","N/A","N/A","N/A","N/A","N/A","N/A","N/A","N/A","N/A"
"Varianta 45","45.6.","Single","Variabilele întregi $i$, $x$ memorează numere naturale. Numărul de numere afișate după executarea următoarei secvențe de instrucțiuni este?
\begin{verbatim}
Limbajul C++/ Limbajul C
for(i=1;i<=10000;i++)
{
    x=i-4;
    while(x>2 && (x%10==0 || x%10==2))
        x=x/10, x=x-4;
    if(x==0 || x==2)
        cout<<i; | printf(""%d"",i);
}
Limbajul Pascal
for i:=1 to 10000 do begin
    x:=i-4;
    while (x>2) and ((x mod 10=0) or (x mod 10=2)) do
    begin
        x:=x div 10; x:=x-4
    end;
    if (x=0) or (x=2) then write(i)
end;
\end{verbatim}","N/A","100","50","45","40","35","30","N/A","N/A","N/A","N/A","N/A","N/A","N/A","N/A","N/A","N/A","N/A","N/A"
"Varianta 45","45.7.","Single","Tabloul bidimensional a, pătratic, are liniile și coloanele numerotate de la 1 la 1000 și
este împărțit în 4 zone delimitate de diagonale, ca în desen.
\includegraphics[width=0.4\linewidth]{images/2025_04_17_46e04c6acd873ea9558dg-241.jpg}
Variabilele întregi $i$, $j$, $s$ memorează numere naturale. Elementele care sunt adunate în algoritmul următor se găsesc în zona/zonele?
\begin{verbatim}
Limbajul C++/ Limbajul C
s=0;
for(i=120;i<=380;++i)
    for(j=i+1;j<=1000-i;j++)
        s+=a[1001-j][1001-i];
Limbajul Pascal
s:=0;
for i:=120 to 380 do
    for j:=i+1 to 1000-i do
        s:=s+a[1001-j,1001-i];
\end{verbatim}","images/2025_04_17_46e04c6acd873ea9558dg-241.jpg","I","I și II","II","II și III","II și IV","IV","N/A","N/A","N/A","N/A","N/A","N/A","N/A","N/A","N/A","N/A","N/A","N/A"
"Varianta 45","45.8.","Single","După rularea următoarei secvențe de instrucțiuni se afișează?
\begin{verbatim}
Limbajul C++/ Limbajul C
char s[100]=""UPB-automatica"",*p;
p=strchr(s,'-');
(p+1)[0]-=32; s[p-s]='\0';
p++; strcat(p,""-"");
strcat(p,s); strcpy(s,p);
cout<<s; | printf(""%s"",s);
Limbajul Pascal}
var s,p:string; i:integer;
s:='UPB-automatica'; i:=pos('-',s);
s[i+1]:=chr(ord(s[i+1])-32);
p:=copy(s,i+1,length(s)-i);
delete(s,i,length(s)-i+1);
s:=p+'-'+s;
write(s);
\end{verbatim}","N/A","Auto","Automatica-UPB","Auto-UPB","UPB","automatica-UPB","automatica-UPB-automatica","N/A","N/A","N/A","N/A","N/A","N/A","N/A","N/A","N/A","N/A","N/A","N/A"
"Varianta 45","45.9.","Dual","Pentru ca tabloul unidimensional a să fie ordonat crescător după rularea secvenței de instrucțiuni de mai jos, punctele de suspensie se înlocuiesc cu?
\begin{verbatim}
Limbajul C++/ Limbajul C
int a[10]={8, 2, 1, 9, 10, 3, 7, 5, 4, 6}, b[10]={ 0 }, c[10],i, j;
for(i=0;i<10;++i)
    for(j=i+1;j<10;++j)
        if(...)
            b[i]++;
        else b[j]++;
for(i=0;i<10;i++)
    c[b[i]]=a[i];
for(i=0;i<10;i++)
    a[i]=c[i];
Limbajul Pascal
var a:array[0..9] of integer=(8,2,1,9,10,3,7,5,4,6);
b, c:array[0..9] of integer;
i, j:integer;
for i:=0 to 9 do
    for j:=i+1 to 9 do
        if ..... then inc(b[i])
        else inc(b[j]);
for i:=0 to 9 do c[b[i]]:=a[i];
for i:=0 to 9 do a[i]:=c[i];
\end{verbatim}","N/A","a[i]<a[j]","a[i]<=a[j]","a[i]!=a[j]","a[i]==a[j]","a[i]+a[j]","a[i]>a[j]","a[i]<a[j]","a[i]<=a[j]","a[i]!=a[j]","a[i]==a[j]","a[i]+a[j]","a[i]>a[j]","a[i]<a[j]","a[i]<=a[j]","a[i]<>a[j]","a[i]=a[j]","a[i]+a[j]","a[i]>a[j]"
"Varianta 45","45.10.","Single","Apelul $f(19,7)$ are valoarea?
\begin{verbatim}
Limbajul C++/ Limbajul C
int f(int x, int y)
{
if(x>y)
    return f(x-3, y+1)-2;
else
    if(x==y)
        return f(x+1, y);
    else
        return 3*x-2*y;
}
Limbajul Pascal
function f(x,y:integer):integer;
begin
if x>y then f:=f(x-3,y+1)-2
else if x=y then
        f:=f(x+1,y)
    else
        f:=3*x-2*y
end;
\end{verbatim}","N/A","-6","-5","-4","4","5","6","N/A","N/A","N/A","N/A","N/A","N/A","N/A","N/A","N/A","N/A","N/A","N/A"
"Varianta 45","45.11.","Single","Folosind metoda backtracking, se determină în ordine descrescătoare, toate numerele de 4 cifre nenule distincte, cifrele impare apar în ordine descrescătoare, cele pare în ordine crescătoare și oricare două cifre alăturate nu pot fi pare. Primele 7 soluții sunt: 9875,  9873, 9871, 9853, 9851, 9831. Cele 3 numere generate înaintea soluției 3416 sunt?","N/A","3618 3421 3418","3816 4312 4316","4316 3618 3418","4318 4316 3618","4516 4318 3418","4512 4516 4518","N/A","N/A","N/A","N/A","N/A","N/A","N/A","N/A","N/A","N/A","N/A","N/A"
"Varianta 45","45.12.","Single","Fie $T$ un arbore oarecare cu un număr par de noduri, în care fiecare nod are maxim 2 fii. Numărul maxim de noduri de pe ultimul nivel $i$, știind că rădăcina arborelui se află pe nivelul 1, este?","N/A","$2^{{i+1}}$","$2^{i}+1$","$2^{i}$","$2^{\frac{i+1}{2}}$","$2^{i-1}$","$2^{i-1}-1$","N/A","N/A","N/A","N/A","N/A","N/A","N/A","N/A","N/A","N/A","N/A","N/A"
"Varianta 45","45.13.","Single","Un graf este bipartit dacă nodurile lui pot fi împărțite în două submulțimi disjuncte, astfel încât fiecare muchie are o extremitate în prima submulțime și cealaltă în a doua submulțime. Fie $G$ un graf neorientat, bipartit, cu 10 noduri. Numărul maxim de muchii pe care poate să le aibă graful $G$ este?","N/A","5","15","25","35","45","55","N/A","N/A","N/A","N/A","N/A","N/A","N/A","N/A","N/A","N/A","N/A","N/A"
"Varianta 45","45.14.","Single","Complexitatea următoarei funcții este?
\begin{verbatim}
Limbajul C++/ Limbajul C
void f(int n, int v[101])
{
int i, j=0;
for(i=0;i<n;i++)
    while(j<n && v[i]<v[j])
        j++;
}
Limbajul Pascal
procedure f(n:integer; v:array[0..100] of integer);
begin
j:=0;
for i:=0 to n-1 do
    while (j<n) and (v[i]<v[j]) do
        inc(j);
end;
\end{verbatim}","N/A","$O(\sqrt{n})$","$O(n)$","$O(n \log n)$","$O(n(\log n)^{2})$","$O(n^{2})$","$O(n^{3})$","N/A","N/A","N/A","N/A","N/A","N/A","N/A","N/A","N/A","N/A","N/A","N/A"
"Varianta 45","45.15.","Single","Numărul de drumuri de lungime 3 din graful orientat alăturat este?
\includegraphics[width=0.4\linewidth]{images/2025_04_17_46e04c6acd873ea9558dg-248(1).jpg}","images/2025_04_17_46e04c6acd873ea9558dg-248(1).jpg","10","15","20","25","30","40","N/A","N/A","N/A","N/A","N/A","N/A","N/A","N/A","N/A","N/A","N/A","N/A"
"Varianta 46","46.1.","Single","Variabila întreagă $v$ memorează numere naturale. Valoarea variabilei $v$ după rularea următoarei secvențe de instrucțiuni este?
\begin{verbatim}
Limbajul C++/ Limbajul C
v=2; v=v*v; v=v-v%2*3;
v=v%3+5;
Limbajul Pascal
v:=2; v:=v*v;
v:=v-v mod 2*3;
v:=v mod 3+5;
\end{verbatim}","N/A","4","5","6","7","8","9","N/A","N/A","N/A","N/A","N/A","N/A","N/A","N/A","N/A","N/A","N/A","N/A"
"Varianta 46","46.2.","Single","Variabilele întregi $i$, $x$ memorează numere naturale. Numărul de numere de 5 cifre ce vor fi afișate după rularea următoarei secvențe de instrucțiuni este?
\begin{verbatim}
Limbajul C++/ Limbajul C
for(i=1;i<=100000;i++) {
    x=i-5;
    while(x>2&&(x%10==0||x%10==2))
        x=x/10,x=x-5;
    if(x==0 || x==2)
        cout<<i; | printf(""%d"",i);
}
Limbajul Pascal
for i:=1 to 100000 do
begin
x:=i-5;
while (x>2)and((x mod 10=0) or (x mod 10=2)) do
begin
    x:=x div 10; x:=x-5
end;
if (x=0) or (x=2) then
    write(i)
end;
\end{verbatim}","N/A","28","29","30","31","32","33","N/A","N/A","N/A","N/A","N/A","N/A","N/A","N/A","N/A","N/A","N/A","N/A"
"Varianta 46","46.3.","Single","După rularea următoarei secvențe de instrucțiuni se afișează?
\begin{verbatim}
Limbajul C++/ Limbajul C
int i=0,j=5,aux,v[]={41,52,26,11,48,65};
while(i<j){
    for(;i<j && !(v[i]%2);i++);
    for(;i<j && (v[j]%2);j--);
        if(i<j)
            aux=v[i],v[i]=v[j],v[j]=aux;
}
for(i=0;i<6;++i)
    cout<<v[i]<<"" ""; | printf(""%d "",v[i]);
Limbajul Pascal
var i,j,aux:integer;
    v:array[0..5] of integer = (41,52,26,11,48,65);
i:=0; j:=5;
while i<j do begin
    while (i<j) and (not(v[i] mod 2=1)) do
        inc(i);
    while (i<j) and(v[j] mod 2=1) do
        dec(j);
    if i<j then begin
        aux:=v[i];
        v[i]:=v[j];
        v[j]:=aux end;
end;
for i:=0 to 5 do
write(v[i],' ');
\end{verbatim}","N/A","11 26 41 48 52 65","65 41 11 52 48 26","26 48 52 11 41 65","48 52 26 11 41 65","52 48 26 65 41 11","11 41 65 48 52 26","N/A","N/A","N/A","N/A","N/A","N/A","N/A","N/A","N/A","N/A","N/A","N/A"
"Varianta 46","46.4.","Single","După rularea următoarei secvențe de instrucțiuni se afișează?
\begin{verbatim}
Limbajul C++/ Limbajul C
char s[50]=""test informatica"";
char *p;
strtok(s, "" "");
p=strtok (NULL,"" "");
strcpy(s,strcat(p,s));
cout<<s; | printf(""%s"",s);
Limbajul Pascal
var s,p:string;
s:='test informatica';
p:=copy(s,pos(' ' ,s)+1, length(s) - pos(' ',s));
delete(s,pos(' ' ,s), length(s)-pos(' ',s)+1);
s:=p+s; write(s);
\end{verbatim}","N/A","testtest","testinformatica","test","informaticatest","informatica","info","N/A","N/A","N/A","N/A","N/A","N/A","N/A","N/A","N/A","N/A","N/A","N/A"
"Varianta 46","46.5.","Single","Pentru ca secvența următoare de instrucțiuni să determine dacă cele $n$ intervale memorate în tabloul unidimensional $v$ sunt disjuncte, punctele de suspensie se înlocuiesc cu?
\begin{verbatim}
Limbajul C++/ Limbajul C
struct interval{int x, y;} v[100];
int i, j, r, t, n;
r=v[0].x; t=v[0].y;
for(i=1;i<n;++i) {
    if(r<v[i].x) r=v[i].x;
    if(t>v[i].y) t=v[i].y;}
    if(...)
        cout<<""DA""; | printf(""DA"");
    else
        cout<<""NU""; | printf(""NU"");
Limbajul Pascal
type interval=record x,y:integer end;
var v:array[0..99] of interval;
    i,j,r,t,n:integer;
r:=v[0].x; t:=v[0].y;
for i:=1 to n-1 do begin
    if r<v[i].x then
        r:=v[i].x;
if t>v[i].y then
    t:=v[i].y
end;
if ... then write('DA')
else write('NU');
\end{verbatim}","N/A","$r<t$","$r<=t$","$r==t$","$r!=t | r<>t$","$r>=t$","$r>t$","N/A","N/A","N/A","N/A","N/A","N/A","N/A","N/A","N/A","N/A","N/A","N/A"
"Varianta 46","46.6.","Dual","Variabilele întregi i, j, s memorează numere naturale. Tabloul bidimensional a, pătratic, cu elemente numere naturale, are $\mathbf{n}$ linii și $\mathbf{n}$ coloane, numerotate de la 1 la $\mathbf{n}$ și
este împărțit în 4 zone ca în desen.
\includegraphics[width=0.4\linewidth]{2025_04_17_46e04c6acd873ea9558dg-247.jpg}
Pentru ca algoritmul următor să adune elemente din zona II, punctele de suspensie se înlocuiesc cu?
\begin{verbatim}
Limbajul C++/C
s=0;
for(i=1;i<=(n-1)/2;++i)
    for(j=i+1;j<=n-i;j++)
s+=.....;
Limbajul Pascal
s:=0;
for i:=1 to (n-1) div 2 do
for j:=i+1 to n-i do
s:=s+.....;
\end{verbatim}","2025_04_17_46e04c6acd873ea9558dg-247.jpg","$a[n-i+1][j]$","$a[i][j]$","$a[n+1-i][n+1-j]$","$a[n-i][n-j]$","$a[j][i]$","$a[n+1-j][n+1-i]$","$a[n-i+1][j]$","$a[i][j]$","$a[n+1-i][n+1-j]$","$a[n-i][n-j]$","$a[j][i]$","$a[n+1-j][n+1-i]$","$a[n-i+1, j]$","$a[i, j]$","$a[n+1-i, n+1-j]$","$a[n-i, n-j]$","$a[j, i]$","$a[n+1-j, n+1-i]$"
"Varianta 46","46.7.","Dual","Pentru ca, după rularea următoarei secvențe de instrucțiuni, să se afișeze valoarea 7, punctele de suspensie se înlocuiesc cu?
\begin{verbatim}
Limbajul C++/ Limbajul C
int i, P, v[10]={2, 6, 8, 12, 20, 25, 30, 37, 41, 92};
for (p = 1; p < 10; p *=2);
for (i = 0; p; ...)
    if (i+p<10 && v[i+p]<= 40)
        i += p;
cout<<i; | printf(""%d"",i);
Limbajul Pascal
var v:array[0..9] of integer =(2, 6, 8, 12, 20, 25, 30, 37, 41, 92);
    i,p:integer;
p:=1;
while p<10 do p:=p*2;
i:=0;
while p<>0 do begin 
    if (i+p<10) and (v[i+p]<=40) then
        i:=i+p;
    p:=.......;
end;
write (i);
\end{verbatim}","N/A","p/=2","p*2","p++","p--","p+2","p+=i","p/=2","p*2","p++","p--","p+2","p+=i","p div 2","p*2","p+1","p-1","p+2","p+i"
"Varianta 46","46.8.","Single","După rularea următorului program se afișează?
\begin{verbatim}
Limbajul C++
#include<iostream>
using namespace std;
struct Q{
    int a, b, c;};
struct S{
    int a, b, c;
    struct Q Q;};
int main(){
Q Q={3, 2, 1};
S S={4, 5, 6};
S.Q=Q;
cout<<<S.b-S.Q.b;
return 0;}
Limbajul C
#include<stdio.h> 
struct Q{
    int a, b, c;};
struct S{
    int a, b, c;
    struct Q Q;};
int main(){
struct Q Q={3,2,1};
struct S S={4,5,6};
S.Q=Q;
printf(""%d"", S.b-S.Q.b);
return 0;}
Limbajul Pascal
type QT = record
a, b, c:integer
    end;
ST = record
a,b,c:integer;
    Q:QT end;
var Q:QT =
    (a:3;b:2;c:1);
S:ST =
    (a:4;b:5;c:6);
begin
S.Q:=Q;
write(S.b-S.Q.b)
end.
\end{verbatim}","N/A","5","4","3","2","1","0","N/A","N/A","N/A","N/A","N/A","N/A","N/A","N/A","N/A","N/A","N/A","N/A"
"Varianta 46","46.9.","Single","Apelul $f(6,2)$ are valoarea?
\begin{verbatim}
Limbajul C++/ Limbajul C

int f(int x, int y) {
    if (x>y)
        return f(f(y,x), x/y)-1;
    else
        if (x==y)
            return f(x+y, x)+2;
        else return y-x;}
Limbajul Pascal
function f(x,y:integer):integer;
begin
if x>y then
    f:=f(f(y,x),x div y)-1
        else if x=y then
            f:=f(x+y,x)+2
                else f:=y-x;
end;
\end{verbatim}","N/A","0","1","2","3","4","5","N/A","N/A","N/A","N/A","N/A","N/A","N/A","N/A","N/A","N/A","N/A","N/A"
"Varianta 46","46.10.","Single","Numărul de circuite elementare diferite (care au cel puțin un arc diferit) care trec prin nodul A din graful orientat alăturat este?
\includegraphics[width=0.4\linewidth]{images/2025_04_17_46e04c6acd873ea9558dg-248.jpg}","images/2025_04_17_46e04c6acd873ea9558dg-248.jpg","4","5","6","7","8","9","N/A","N/A","N/A","N/A","N/A","N/A","N/A","N/A","N/A","N/A","N/A","N/A"
"Varianta 46","46.11.","Single","Folosind metoda backtracking, se determină în ordine lexicografică, toate cuvintele de 4 litere distincte din mulțimea {$\mathbf{a}, \mathbf{b}, \mathbf{e}, \mathbf{f}, \mathbf{g}, \mathbf{i}, \mathbf{l}, \mathbf{m}, \mathbf{o}, \mathbf{p}, \mathbf{r}, \mathbf{u}$} oricare două litere alăturate să nu fie consecutive în mulțimea dată, iar vocalele să apară în ordine descrescătoare. Primele 5 soluții sunt: $a f b g$, $a f b l$, $a f b m$, $a f b p$, $a f b r$. Cele 2 cuvinte generate înaintea cuvântului $e l a f$ sunt?","N/A","$farg$ $farl$","$egrl$ $egrm$","$egmf$ $egmp$","$eglr$ $eglu$","$buri$ $buro$","$bopl$ $bupm$","N/A","N/A","N/A","N/A","N/A","N/A","N/A","N/A","N/A","N/A","N/A","N/A"
"Varianta 46","46.12.","Dual","Un arbore oarecare cu rădăcină este reprezentat prin vectorul de tați $t$. Dacă algoritmul următor determină nivelul pe care se găsește un nod $x$ în arbore, cu ce secvență de cod se pot înlocui punctele de suspensie de mai jos?
\begin{verbatim}
Limbajul C++/ Limbajul C
int nivel=0;
while(t[x]){
    ...
    nivel++;}
Limbajul Pascal
nivel:=0;
while t[x]<>0 begin
    ...    
    inc(nivel)
end;
\end{verbatim}","N/A","t[x]=x;","t[x]--;","x=t[x];","t[x]++;","x=t[t[x]];","x=x+t[x];","t[x]=x;","t[x]--;","x=t[x];","t[x]++;","x=t[t[x]];","x=x+t[x];","t[x]:=x;","t[x]:=t[x]-1;","x:=t[x];","t[x]:=t[x]+1;","x:=t[t[x]];","t[x]:=x+t[x];"
"Varianta 46","46.13.","Single","Numărul de numere întregi din intervalul [100 , 10000] pentru care rularea următoarei secvențe de instrucțiuni afișează valoarea 5 este?
\begin{verbatim}
Limbajul C++/ Limbajul C
cin>>n; | scanf(""%d"",&n);
while(n>9) n=n/10+n%10;
cout<<n; | printf(""%d"",n);
Limbajul Pascal
readln(n);
while n>9 do n:=n div 10 + n mod 10;
write(n);
\end{verbatim}","N/A","1100","1110","1200","1450","1500","1890","N/A","N/A","N/A","N/A","N/A","N/A","N/A","N/A","N/A","N/A","N/A","N/A"
"Varianta 46","46.14.","Single","Un algoritm determină minimul și maximul dintr-un tablou unidimensional cu 100 de numere, prin operții de comparare a elementelor. Numărul minim de comparări necesare este?","N/A","140","142","144","146","148","150","N/A","N/A","N/A","N/A","N/A","N/A","N/A","N/A","N/A","N/A","N/A","N/A"
"Varianta 46","46.15.","Single","În graful neorientat $G$ cu 100 de noduri, două noduri $i$ și $j$ sunt adiacente dacă $|i-j|=8$ sau $|i-j|=12$. Numărul de componente conexe ale grafului este:","N/A","1","2","3","4","25","50","N/A","N/A","N/A","N/A","N/A","N/A","N/A","N/A","N/A","N/A","N/A","N/A"
